insert into status (status_id, status_text) values (1, 'DoNotDisturb');
insert into status (status_id, status_text) values (2, 'Streaming');
insert into status (status_id, status_text) values (3, 'Invisible');
insert into status (status_id, status_text) values (4, 'Offline');
insert into status (status_id, status_text) values (5, 'Phone');
insert into status (status_id, status_text) values (6, 'Online');
insert into status (status_id, status_text) values (7, 'Idle');


insert into "user" (user_id, password, phone_number, email, join_date, username, display_name, status_id) values (1, 'qA8>Av%Z*G!Yb~', '341-507-0949', 'elebond0@sourceforge.net', '2023-06-03 15:00:51', 'elebond0', 'Eolande Lebond', 3);
insert into "user" (user_id, password, phone_number, email, join_date, username, display_name, status_id) values (2, 'wI4>(#zX', '163-545-1635', 'mjeste1@berkeley.edu', '2023-06-18 14:58:03', 'mjeste1', 'Marlena Jeste', 5);
insert into "user" (user_id, password, phone_number, email, join_date, username, display_name, status_id) values (3, 'yQ3+g>RC<@NO3*', '601-841-1653', 'bbruck2@artisteer.com', '2023-09-11 12:42:05', 'bbruck2', 'Berry Bruck', 4);
insert into "user" (user_id, password, phone_number, email, join_date, username, display_name, status_id) values (4, 'iG6)6VX_Hm9Rq', '958-106-4141', 'jrobjents3@tamu.edu', '2023-11-09 05:48:01', 'jrobjents3', 'Jehanna Robjents', 4);
insert into "user" (user_id, password, phone_number, email, join_date, username, display_name, status_id) values (5, 'eD0$3lmaev="E', '163-661-6622', 'dtulley4@fc2.com', '2023-07-19 22:40:54', 'dtulley4', 'Delmor Tulley', 2);
insert into "user" (user_id, password, phone_number, email, join_date, username, display_name, status_id) values (6, 'nY5&Yj89S', '928-261-0665', 'tpallatina5@twitter.com', '2023-10-01 11:46:33', 'tpallatina5', 'Thomasine Pallatina', 2);
insert into "user" (user_id, password, phone_number, email, join_date, username, display_name, status_id) values (7, 'pB0,t<?#\?j?2', '234-886-1969', 'msang6@telegraph.co.uk', '2024-02-26 08:03:48', 'msang6', 'Morgen Sang', 4);
insert into "user" (user_id, password, phone_number, email, join_date, username, display_name, status_id) values (8, 'yJ9*.WAt%LsM<I', '513-984-7003', 'elilley7@google.co.uk', '2024-02-28 14:04:34', 'elilley7', 'Evy Lilley', 5);
insert into "user" (user_id, password, phone_number, email, join_date, username, display_name, status_id) values (9, 'eU3<MBdbacV`/', '286-562-9120', 'rvedenyapin8@columbia.edu', '2023-06-16 23:10:38', 'rvedenyapin8', 'Roarke Vedenyapin', 3);
insert into "user" (user_id, password, phone_number, email, join_date, username, display_name, status_id) values (10, 'yI2`dN&KtgN2Sye', '284-237-8480', 'lbarensen9@ifeng.com', '2024-03-06 14:03:15', 'lbarensen9', 'Lari Barensen', 4);
insert into "user" (user_id, password, phone_number, email, join_date, username, display_name, status_id) values (11, 'wM2"FbT&",', '849-142-1113', 'rdumbrella@msn.com', '2023-08-27 12:18:44', 'rdumbrella', 'Rosa Dumbrell', 1);
insert into "user" (user_id, password, phone_number, email, join_date, username, display_name, status_id) values (12, 'sC5+''TmSeX#', '450-543-7014', 'dkernanb@ezinearticles.com', '2024-03-08 21:49:05', 'dkernanb', 'Desi Kernan', 6);
insert into "user" (user_id, password, phone_number, email, join_date, username, display_name, status_id) values (13, 'uX2>aWEd..', '174-366-0655', 'tlanfearc@usda.gov', '2024-01-22 06:51:37', 'tlanfearc', 'Theodora Lanfear', 6);
insert into "user" (user_id, password, phone_number, email, join_date, username, display_name, status_id) values (14, 'oZ3#,0U,b#mWiNRs', '482-562-4013', 'hhodintond@fema.gov', '2024-01-03 08:24:37', 'hhodintond', 'Hammad Hodinton', 3);
insert into "user" (user_id, password, phone_number, email, join_date, username, display_name, status_id) values (15, 'fN1)qY*M>l*L~I', '209-172-5122', 'bkunzelmanne@dagondesign.com', '2023-04-19 00:56:55', 'bkunzelmanne', 'Butch Kunzelmann', 5);
insert into "user" (user_id, password, phone_number, email, join_date, username, display_name, status_id) values (16, 'sP1"p5,u', '984-419-3872', 'qwillimentf@fema.gov', '2023-04-22 15:56:02', 'qwillimentf', 'Querida Williment', 3);
insert into "user" (user_id, password, phone_number, email, join_date, username, display_name, status_id) values (17, 'rZ1&k}ku|c}O|~', '842-574-0108', 'ainchbaldg@youtu.be', '2024-03-24 07:26:27', 'ainchbaldg', 'Amory Inchbald', 3);
insert into "user" (user_id, password, phone_number, email, join_date, username, display_name, status_id) values (18, 'uM1@xevBy2#bggsw', '799-463-0207', 'fmch@ft.com', '2023-05-20 09:45:45', 'fmch', 'Fania Mc Meekin', 6);
insert into "user" (user_id, password, phone_number, email, join_date, username, display_name, status_id) values (19, 'lB1%Ll9wkSrTk', '927-864-8619', 'fwaghornei@bbb.org', '2023-06-21 00:13:19', 'fwaghornei', 'Filippa Waghorne', 5);
insert into "user" (user_id, password, phone_number, email, join_date, username, display_name, status_id) values (20, 'vT5}S?Fycb', '366-308-8124', 'sentwislej@trellian.com', '2023-12-29 17:13:20', 'sentwislej', 'Suzann Entwisle', 2);
insert into "user" (user_id, password, phone_number, email, join_date, username, display_name, status_id) values (21, 'qP3~+0V,', '127-224-5791', 'lhansillk@si.edu', '2024-01-04 10:52:41', 'lhansillk', 'Leroy Hansill', 2);
insert into "user" (user_id, password, phone_number, email, join_date, username, display_name, status_id) values (22, 'pB9<no7r', '167-451-0963', 'mhardsl@home.pl', '2023-11-23 13:30:45', 'mhardsl', 'Mead Hards', 5);
insert into "user" (user_id, password, phone_number, email, join_date, username, display_name, status_id) values (23, 'bR5)j9SZmUbcj/{*', '748-337-3926', 'jsinkinsonm@blogger.com', '2024-01-13 09:05:15', 'jsinkinsonm', 'Jamima Sinkinson', 3);
insert into "user" (user_id, password, phone_number, email, join_date, username, display_name, status_id) values (24, 'kQ0<tL"j6xjWQ>', '572-233-6298', 'cscholarn@hatena.ne.jp', '2024-02-25 11:19:14', 'cscholarn', 'Carry Scholar', 1);
insert into "user" (user_id, password, phone_number, email, join_date, username, display_name, status_id) values (25, 'pK4@rz#V$I4', '211-515-1310', 'zmco@webeden.co.uk', '2023-11-27 03:08:16', 'zmco', 'Zorina Mc Coughan', 5);
insert into "user" (user_id, password, phone_number, email, join_date, username, display_name, status_id) values (26, 'rQ2=y0mn*@Q.80', '762-136-5980', 'sjowseyp@amazon.co.jp', '2024-02-25 13:07:01', 'sjowseyp', 'Stephine Jowsey', 7);
insert into "user" (user_id, password, phone_number, email, join_date, username, display_name, status_id) values (27, 'zB5`.I51lW''!e9B_', '467-417-7585', 'slukesq@unc.edu', '2023-05-21 22:44:18', 'slukesq', 'Sidney Lukes', 3);
insert into "user" (user_id, password, phone_number, email, join_date, username, display_name, status_id) values (28, 'kS9_Q(hneO\gjl', '724-870-9866', 'bstalleyr@mayoclinic.com', '2023-07-26 11:34:23', 'bstalleyr', 'Burnard Stalley', 6);
insert into "user" (user_id, password, phone_number, email, join_date, username, display_name, status_id) values (29, 'oT6{di`U', '180-901-3486', 'rdelnevos@edublogs.org', '2023-05-26 05:27:22', 'rdelnevos', 'Rafaelita Delnevo', 5);
insert into "user" (user_id, password, phone_number, email, join_date, username, display_name, status_id) values (30, 'aS5%YR&ev@wzYs', '694-389-6725', 'mburchellt@storify.com', '2024-02-12 01:43:16', 'mburchellt', 'Mohammed Burchell', 2);
insert into "user" (user_id, password, phone_number, email, join_date, username, display_name, status_id) values (31, 'mI9(#al4Y%%/', '358-803-2672', 'dsmedleyu@istockphoto.com', '2024-03-02 03:41:17', 'dsmedleyu', 'Donnie Smedley', 2);
insert into "user" (user_id, password, phone_number, email, join_date, username, display_name, status_id) values (32, 'rY1(GN$DFsC_', '546-622-5737', 'hbelhomev@pbs.org', '2024-03-26 12:51:12', 'hbelhomev', 'Hyacinthe Belhome', 5);
insert into "user" (user_id, password, phone_number, email, join_date, username, display_name, status_id) values (33, 'sY7%''JF&/''', '583-807-7983', 'wwathallw@buzzfeed.com', '2023-11-07 17:50:15', 'wwathallw', 'Wanids Wathall', 1);
insert into "user" (user_id, password, phone_number, email, join_date, username, display_name, status_id) values (34, 'mX4.7/oP3_dXg', '165-736-4302', 'apiertonx@redcross.org', '2023-09-29 20:18:22', 'apiertonx', 'Alvie Pierton', 2);
insert into "user" (user_id, password, phone_number, email, join_date, username, display_name, status_id) values (35, 'kG2#gBz0zfVi', '809-471-5201', 'pphilpotsy@topsy.com', '2023-07-30 23:11:31', 'pphilpotsy', 'Prinz Philpots', 6);
insert into "user" (user_id, password, phone_number, email, join_date, username, display_name, status_id) values (36, 'kR3"}6bz8At@', '561-693-9185', 'bkissockz@gizmodo.com', '2024-01-02 12:58:34', 'bkissockz', 'Baxter Kissock', 2);
insert into "user" (user_id, password, phone_number, email, join_date, username, display_name, status_id) values (37, 'rH2>?6=Z', '845-414-4484', 'jscrinage10@statcounter.com', '2023-07-04 05:07:05', 'jscrinage10', 'Joshua Scrinage', 5);
insert into "user" (user_id, password, phone_number, email, join_date, username, display_name, status_id) values (38, 'gP8$\fPYc}', '340-891-6461', 'sleitche11@behance.net', '2024-02-05 14:52:39', 'sleitche11', 'Sharyl Leitche', 4);
insert into "user" (user_id, password, phone_number, email, join_date, username, display_name, status_id) values (39, 'tO6?WEo6c', '486-526-5999', 'jnajera12@hibu.com', '2023-11-18 06:37:17', 'jnajera12', 'Jo-anne Najera', 4);
insert into "user" (user_id, password, phone_number, email, join_date, username, display_name, status_id) values (40, 'gL4?Rvf(pd}m', '538-685-8691', 'eabadam13@seattletimes.com', '2023-07-09 22:09:34', 'eabadam13', 'Eve Abadam', 3);
insert into "user" (user_id, password, phone_number, email, join_date, username, display_name, status_id) values (41, 'eT4{eh4w89p', '583-124-7699', 'hricioppo14@ameblo.jp', '2023-09-18 07:16:50', 'hricioppo14', 'Hedwiga Ricioppo', 4);
insert into "user" (user_id, password, phone_number, email, join_date, username, display_name, status_id) values (42, 'sS1<ks_$Vddb_tk<', '112-479-1195', 'tamies15@npr.org', '2023-06-24 09:24:45', 'tamies15', 'Tobe Amies', 2);
insert into "user" (user_id, password, phone_number, email, join_date, username, display_name, status_id) values (43, 'nP9/''!,9e39L', '502-402-4302', 'msedge16@ustream.tv', '2023-05-07 08:52:21', 'msedge16', 'Myrtia Sedge', 5);
insert into "user" (user_id, password, phone_number, email, join_date, username, display_name, status_id) values (44, 'oP7&f>8`i', '482-757-4038', 'btansley17@blinklist.com', '2023-05-10 02:47:48', 'btansley17', 'Benny Tansley', 2);
insert into "user" (user_id, password, phone_number, email, join_date, username, display_name, status_id) values (45, 'dZ6=Wq!f<n?qLq&', '579-908-0597', 'lditzel18@t.co', '2023-04-27 21:05:29', 'lditzel18', 'Lela Ditzel', 5);
insert into "user" (user_id, password, phone_number, email, join_date, username, display_name, status_id) values (46, 'nP3}fx*%!yi{99k', '810-659-0106', 'ajosland19@reuters.com', '2023-11-08 01:08:48', 'ajosland19', 'Avrit Josland', 1);
insert into "user" (user_id, password, phone_number, email, join_date, username, display_name, status_id) values (47, 'hS7@&NhY/', '598-510-4945', 'apeekevout1a@zdnet.com', '2023-10-04 05:13:56', 'apeekevout1a', 'Ax Peeke-Vout', 1);
insert into "user" (user_id, password, phone_number, email, join_date, username, display_name, status_id) values (48, 'kN8/>.JKX3pvbUa', '124-316-2000', 'aclemenza1b@1und1.de', '2024-03-05 07:36:04', 'aclemenza1b', 'Ailina Clemenza', 4);
insert into "user" (user_id, password, phone_number, email, join_date, username, display_name, status_id) values (49, 'lR6%!?#X', '296-860-6805', 'glockart1c@youku.com', '2024-03-06 01:58:36', 'glockart1c', 'Gale Lockart', 2);
insert into "user" (user_id, password, phone_number, email, join_date, username, display_name, status_id) values (50, 'mT2\_3h9k@*1fnx', '770-332-4739', 'tbirkby1d@wufoo.com', '2023-08-11 03:51:49', 'tbirkby1d', 'Tabb Birkby', 1);
insert into "user" (user_id, password, phone_number, email, join_date, username, display_name, status_id) values (51, 'rD5%%X#o{U!1?weX', '390-822-9875', 'nmaletratt1e@dot.gov', '2023-07-28 02:33:44', 'nmaletratt1e', 'Nalani Maletratt', 7);
insert into "user" (user_id, password, phone_number, email, join_date, username, display_name, status_id) values (52, 'zO5?)!lUBVVids', '228-517-1573', 'wedgeler1f@geocities.jp', '2023-05-10 18:49:19', 'wedgeler1f', 'Werner Edgeler', 2);
insert into "user" (user_id, password, phone_number, email, join_date, username, display_name, status_id) values (53, 'bN4*p6l<(%7`k', '682-738-9435', 'msennett1g@cyberchimps.com', '2024-02-28 10:20:19', 'msennett1g', 'Merline Sennett', 6);
insert into "user" (user_id, password, phone_number, email, join_date, username, display_name, status_id) values (54, 'iU6,W({eKHF', '836-595-0449', 'scoultard1h@hatena.ne.jp', '2023-12-11 22:49:15', 'scoultard1h', 'Selig Coultard', 3);
insert into "user" (user_id, password, phone_number, email, join_date, username, display_name, status_id) values (55, 'wY2`Q6>8', '572-377-1293', 'toshirine1i@earthlink.net', '2024-03-09 01:38:50', 'toshirine1i', 'Timmie O''Shirine', 7);
insert into "user" (user_id, password, phone_number, email, join_date, username, display_name, status_id) values (56, 'eC4''Zysm8%3zx', '663-973-4828', 'jarnson1j@patch.com', '2024-01-10 07:30:28', 'jarnson1j', 'Joaquin Arnson', 7);
insert into "user" (user_id, password, phone_number, email, join_date, username, display_name, status_id) values (57, 'cS2`EgUfAt', '833-233-0434', 'cscocroft1k@sakura.ne.jp', '2024-02-11 07:32:22', 'cscocroft1k', 'Carl Scocroft', 7);
insert into "user" (user_id, password, phone_number, email, join_date, username, display_name, status_id) values (58, 'bS1&ZnR$C@#h', '349-103-8398', 'hnavan1l@craigslist.org', '2024-02-25 07:44:26', 'hnavan1l', 'Honoria Navan', 7);
insert into "user" (user_id, password, phone_number, email, join_date, username, display_name, status_id) values (59, 'pN5\(fIm|w&p\#', '606-312-7246', 'dlearoyd1m@usgs.gov', '2024-04-16 16:01:18', 'dlearoyd1m', 'Deeanne Learoyd', 6);
insert into "user" (user_id, password, phone_number, email, join_date, username, display_name, status_id) values (60, 'gO3*>6==N<D|n', '273-479-0557', 'bredborn1n@yahoo.com', '2023-05-16 12:38:45', 'bredborn1n', 'Burch Redborn', 5);
insert into "user" (user_id, password, phone_number, email, join_date, username, display_name, status_id) values (61, 'zG9{2ycwMmA{W5', '462-814-0267', 'qrawll1o@yolasite.com', '2024-02-18 11:30:39', 'qrawll1o', 'Quent Rawll', 3);
insert into "user" (user_id, password, phone_number, email, join_date, username, display_name, status_id) values (62, 'uO6,q?X?f={j7,>', '487-874-4430', 'sdeener1p@tamu.edu', '2024-04-16 10:54:52', 'sdeener1p', 'Sholom Deener', 2);
insert into "user" (user_id, password, phone_number, email, join_date, username, display_name, status_id) values (63, 'nS9&6E.DX7dm', '927-119-7903', 'eboomes1q@wired.com', '2023-10-06 14:59:39', 'eboomes1q', 'Elly Boomes', 2);
insert into "user" (user_id, password, phone_number, email, join_date, username, display_name, status_id) values (64, 'lV8`lW8BkD/QjthF', '382-115-4445', 'mchecketts1r@tamu.edu', '2023-10-10 22:45:44', 'mchecketts1r', 'Maxine Checketts', 2);
insert into "user" (user_id, password, phone_number, email, join_date, username, display_name, status_id) values (65, 'pP1,Ie6KGa', '612-912-2920', 'frowlson1s@dmoz.org', '2024-04-05 10:37:30', 'frowlson1s', 'Freeman Rowlson', 7);
insert into "user" (user_id, password, phone_number, email, join_date, username, display_name, status_id) values (66, 'nL3.8u~lGm*', '585-859-2689', 'vhambrick1t@reddit.com', '2023-12-27 10:06:15', 'vhambrick1t', 'Valma Hambrick', 1);
insert into "user" (user_id, password, phone_number, email, join_date, username, display_name, status_id) values (67, 'yR0@DQosi/', '766-229-0654', 'ggude1u@cmu.edu', '2023-08-24 17:30:53', 'ggude1u', 'Gerry Gude', 5);
insert into "user" (user_id, password, phone_number, email, join_date, username, display_name, status_id) values (68, 'aK5_et)_', '941-350-1646', 'pguthrie1v@newsvine.com', '2023-10-24 18:07:10', 'pguthrie1v', 'Petronia Guthrie', 1);
insert into "user" (user_id, password, phone_number, email, join_date, username, display_name, status_id) values (69, 'lU9*LQ$yFK4W76Gt', '436-431-0590', 'hlightwing1w@craigslist.org', '2023-07-15 05:21:38', 'hlightwing1w', 'Hammad Lightwing', 7);
insert into "user" (user_id, password, phone_number, email, join_date, username, display_name, status_id) values (70, 'eL5/bFR=', '331-875-0210', 'tgaunt1x@phoca.cz', '2023-08-03 02:47:38', 'tgaunt1x', 'Tymothy Gaunt', 5);
insert into "user" (user_id, password, phone_number, email, join_date, username, display_name, status_id) values (71, 'yZ2>`Izy+7`%rg4B', '757-332-8284', 'atilmouth1y@state.tx.us', '2024-01-13 08:08:17', 'atilmouth1y', 'Aguistin Tilmouth', 1);
insert into "user" (user_id, password, phone_number, email, join_date, username, display_name, status_id) values (72, 'dG0.b0TO#GIQg2!\', '991-407-6555', 'bswanger1z@paypal.com', '2023-11-30 15:15:36', 'bswanger1z', 'Bryn Swanger', 3);
insert into "user" (user_id, password, phone_number, email, join_date, username, display_name, status_id) values (73, 'cW7<,?@&G@cjl', '118-678-8839', 'febbers20@discuz.net', '2023-12-26 10:47:12', 'febbers20', 'Fredelia Ebbers', 2);
insert into "user" (user_id, password, phone_number, email, join_date, username, display_name, status_id) values (74, 'kS5~|#E|y', '609-882-6513', 'sclementel21@twitter.com', '2023-09-15 20:05:06', 'sclementel21', 'Stanton Clementel', 1);
insert into "user" (user_id, password, phone_number, email, join_date, username, display_name, status_id) values (75, 'iZ8{5tRz+84', '287-944-9562', 'gsurman22@cocolog-nifty.com', '2023-04-26 14:06:46', 'gsurman22', 'Giordano Surman', 5);
insert into "user" (user_id, password, phone_number, email, join_date, username, display_name, status_id) values (76, 'pT8$*=#lGdtxd', '486-964-9340', 'troxbee23@posterous.com', '2024-01-16 23:24:35', 'troxbee23', 'Timofei Roxbee', 7);
insert into "user" (user_id, password, phone_number, email, join_date, username, display_name, status_id) values (77, 'qO1(}xzFB', '739-372-9258', 'tbielfeld24@ucoz.ru', '2024-03-13 01:59:14', 'tbielfeld24', 'Thornie Bielfeld', 2);
insert into "user" (user_id, password, phone_number, email, join_date, username, display_name, status_id) values (78, 'hL8@oe\@&', '799-489-6011', 'jchavey25@merriam-webster.com', '2023-11-30 02:21:03', 'jchavey25', 'Joscelin Chavey', 2);
insert into "user" (user_id, password, phone_number, email, join_date, username, display_name, status_id) values (79, 'gK3#!G$b%N@@b$VK', '342-514-3344', 'alyosik26@geocities.com', '2023-09-27 12:26:22', 'alyosik26', 'Arnold Lyosik', 2);
insert into "user" (user_id, password, phone_number, email, join_date, username, display_name, status_id) values (80, 'cR1.Y*R6', '802-138-5036', 'ipostle27@yellowpages.com', '2024-02-14 10:08:36', 'ipostle27', 'Ibby Postle', 6);
insert into "user" (user_id, password, phone_number, email, join_date, username, display_name, status_id) values (81, 'lZ8)"%utg*}Z', '698-119-9225', 'ekerne28@blogspot.com', '2023-05-22 04:00:34', 'ekerne28', 'Engracia Kerne', 1);
insert into "user" (user_id, password, phone_number, email, join_date, username, display_name, status_id) values (82, 'zI3"=\Lz', '199-734-7411', 'gmogey29@angelfire.com', '2023-06-17 02:25:28', 'gmogey29', 'Godart Mogey', 4);
insert into "user" (user_id, password, phone_number, email, join_date, username, display_name, status_id) values (83, 'nR6.EScVq*,', '283-746-3515', 'bducroe2a@icio.us', '2024-03-05 09:45:23', 'bducroe2a', 'Beverie Ducroe', 2);
insert into "user" (user_id, password, phone_number, email, join_date, username, display_name, status_id) values (84, 'dA8=(HJKO', '441-332-1580', 'kbazylets2b@thetimes.co.uk', '2024-02-05 04:02:55', 'kbazylets2b', 'Korie Bazylets', 5);
insert into "user" (user_id, password, phone_number, email, join_date, username, display_name, status_id) values (85, 'sV2>~,Ww', '437-849-8283', 'rde2c@livejournal.com', '2024-01-31 13:01:57', 'rde2c', 'Rayner De Cleyne', 5);
insert into "user" (user_id, password, phone_number, email, join_date, username, display_name, status_id) values (86, 'kG1,kB&j', '209-390-7058', 'rpina2d@altervista.org', '2023-09-16 18:35:14', 'rpina2d', 'Robyn Pina', 1);
insert into "user" (user_id, password, phone_number, email, join_date, username, display_name, status_id) values (87, 'oS6#!VugZnNETM', '972-428-5721', 'gmayall2e@cargocollective.com', '2023-07-02 05:48:34', 'gmayall2e', 'Ginnie Mayall', 2);
insert into "user" (user_id, password, phone_number, email, join_date, username, display_name, status_id) values (88, 'qI2_P!{>', '591-659-1676', 'amcmennum2f@opera.com', '2023-11-19 11:45:57', 'amcmennum2f', 'Anallese McMennum', 4);
insert into "user" (user_id, password, phone_number, email, join_date, username, display_name, status_id) values (89, 'tZ1*QY<x~', '402-893-1372', 'dduffit2g@who.int', '2023-09-11 15:23:10', 'dduffit2g', 'Duncan Duffit', 4);
insert into "user" (user_id, password, phone_number, email, join_date, username, display_name, status_id) values (90, 'uG8&*icvr3F', '410-153-7104', 'mrudman2h@slashdot.org', '2023-10-25 02:43:28', 'mrudman2h', 'Mill Rudman', 2);
insert into "user" (user_id, password, phone_number, email, join_date, username, display_name, status_id) values (91, 'jG9/e?&bMNr~++', '333-292-1710', 'bmoger2i@sitemeter.com', '2024-02-10 08:20:58', 'bmoger2i', 'Bernadine Moger', 5);
insert into "user" (user_id, password, phone_number, email, join_date, username, display_name, status_id) values (92, 'bW2~fRPEo9%3)uE8', '353-295-9995', 'bmclanaghan2j@google.com.br', '2024-01-02 14:17:30', 'bmclanaghan2j', 'Beitris McLanaghan', 7);
insert into "user" (user_id, password, phone_number, email, join_date, username, display_name, status_id) values (93, 'oQ7(6\a1', '993-188-7064', 'mmcmaster2k@ebay.co.uk', '2023-07-02 13:52:22', 'mmcmaster2k', 'Mavis McMaster', 5);
insert into "user" (user_id, password, phone_number, email, join_date, username, display_name, status_id) values (94, 'cX5.cn7Z', '608-597-3399', 'mdenizet2l@last.fm', '2024-04-11 06:43:45', 'mdenizet2l', 'Merrili Denizet', 6);
insert into "user" (user_id, password, phone_number, email, join_date, username, display_name, status_id) values (95, 'rO2"R+!Pa2', '540-180-2226', 'hgurge2m@ask.com', '2023-05-04 15:54:16', 'hgurge2m', 'Hector Gurge', 6);
insert into "user" (user_id, password, phone_number, email, join_date, username, display_name, status_id) values (96, 'uL2(d0M}C7ow', '746-136-9006', 'jdownie2n@apache.org', '2023-11-18 04:10:53', 'jdownie2n', 'Jonathan Downie', 3);
insert into "user" (user_id, password, phone_number, email, join_date, username, display_name, status_id) values (97, 'mV8"24c%T?fp', '221-262-8279', 'agirodin2o@sciencedirect.com', '2023-11-28 07:27:52', 'agirodin2o', 'Annmarie Girodin', 7);
insert into "user" (user_id, password, phone_number, email, join_date, username, display_name, status_id) values (98, 'yR6"6(T_B*fT', '697-977-7745', 'cstokes2p@feedburner.com', '2023-08-02 22:47:47', 'cstokes2p', 'Carilyn Stokes', 1);
insert into "user" (user_id, password, phone_number, email, join_date, username, display_name, status_id) values (99, 'hY5)46u~dm', '940-997-3561', 'rmarley2q@wiley.com', '2024-03-01 23:04:36', 'rmarley2q', 'Ryon Marley', 2);
insert into "user" (user_id, password, phone_number, email, join_date, username, display_name, status_id) values (100, 'uX9<?Kf&', '427-224-4350', 'sgegg2r@chicagotribune.com', '2023-12-08 18:09:44', 'sgegg2r', 'Sherwynd Gegg', 4);
insert into "user" (user_id, password, phone_number, email, join_date, username, display_name, status_id) values (101, 'uT7|"V!F&pw@5', '426-739-1624', 'ggoodson2s@ustream.tv', '2023-07-17 10:36:07', 'ggoodson2s', 'Gery Goodson', 5);
insert into "user" (user_id, password, phone_number, email, join_date, username, display_name, status_id) values (102, 'aN3!Apr!$Ld', '423-766-2753', 'kruprechter2t@independent.co.uk', '2023-07-24 19:20:56', 'kruprechter2t', 'Kylie Ruprechter', 7);
insert into "user" (user_id, password, phone_number, email, join_date, username, display_name, status_id) values (103, 'bI7|8chD=', '137-896-7154', 'jblainey2u@usnews.com', '2023-08-01 11:24:13', 'jblainey2u', 'Juliana Blainey', 5);
insert into "user" (user_id, password, phone_number, email, join_date, username, display_name, status_id) values (104, 'dP1({|oHpP/#c*v', '753-138-0137', 'jdinneen2v@theglobeandmail.com', '2023-08-12 15:46:13', 'jdinneen2v', 'Jobye Dinneen', 3);
insert into "user" (user_id, password, phone_number, email, join_date, username, display_name, status_id) values (105, 'mT3!499ziVH''I*e', '491-207-7273', 'wgyurko2w@imageshack.us', '2023-10-15 22:51:46', 'wgyurko2w', 'Whittaker Gyurko', 6);
insert into "user" (user_id, password, phone_number, email, join_date, username, display_name, status_id) values (106, 'nY1(VNPu\{BDg''*', '282-864-8471', 'ahancock2x@squidoo.com', '2024-03-03 03:42:03', 'ahancock2x', 'Ave Hancock', 1);
insert into "user" (user_id, password, phone_number, email, join_date, username, display_name, status_id) values (107, 'tT3%r4hJ4t6!rh', '860-529-6920', 'jcalloway2y@utexas.edu', '2023-05-27 20:28:21', 'jcalloway2y', 'Jemima Calloway', 7);
insert into "user" (user_id, password, phone_number, email, join_date, username, display_name, status_id) values (108, 'yP0*13l+t|%4"9', '635-624-6755', 'mephgrave2z@cmu.edu', '2024-01-04 08:27:01', 'mephgrave2z', 'Meryl Ephgrave', 2);
insert into "user" (user_id, password, phone_number, email, join_date, username, display_name, status_id) values (109, 'qB6`So3oVr!', '805-634-8282', 'scarcas30@cocolog-nifty.com', '2023-07-07 23:21:40', 'scarcas30', 'Stern Carcas', 1);
insert into "user" (user_id, password, phone_number, email, join_date, username, display_name, status_id) values (110, 'oT4@\2e_LTWs', '259-985-9548', 'abeeble31@opensource.org', '2023-11-16 05:08:05', 'abeeble31', 'Arty Beeble', 6);
insert into "user" (user_id, password, phone_number, email, join_date, username, display_name, status_id) values (111, 'rA0/OrFk&!2V%,r', '578-972-3681', 'bchatelain32@tmall.com', '2023-08-06 07:32:53', 'bchatelain32', 'Barton Chatelain', 7);
insert into "user" (user_id, password, phone_number, email, join_date, username, display_name, status_id) values (112, 'lZ3@%#Ld', '273-100-1607', 'finmett33@dot.gov', '2023-07-28 19:52:50', 'finmett33', 'Farlee Inmett', 5);
insert into "user" (user_id, password, phone_number, email, join_date, username, display_name, status_id) values (113, 'qO2/T6n`a9DJ>', '257-923-9576', 'pgeorgelin34@bandcamp.com', '2024-03-25 22:21:32', 'pgeorgelin34', 'Perceval Georgelin', 3);
insert into "user" (user_id, password, phone_number, email, join_date, username, display_name, status_id) values (114, 'rF5@=Ei|VI', '684-601-6987', 'lshildrick35@dmoz.org', '2024-03-01 06:59:00', 'lshildrick35', 'Linnea Shildrick', 3);
insert into "user" (user_id, password, phone_number, email, join_date, username, display_name, status_id) values (115, 'pU2''kK\y', '142-862-4973', 'iosheerin36@gnu.org', '2023-05-16 09:25:39', 'iosheerin36', 'Ilsa O''Sheerin', 7);
insert into "user" (user_id, password, phone_number, email, join_date, username, display_name, status_id) values (116, 'kS7!`UTt$Ef1zq9', '213-437-9187', 'bfowles37@boston.com', '2024-01-30 11:10:30', 'bfowles37', 'Bobine Fowles', 5);
insert into "user" (user_id, password, phone_number, email, join_date, username, display_name, status_id) values (117, 'wK6@?86E', '592-800-5778', 'gianson38@marriott.com', '2024-01-05 20:45:17', 'gianson38', 'Gerhardine Ianson', 6);
insert into "user" (user_id, password, phone_number, email, join_date, username, display_name, status_id) values (118, 'cN3`!w@+$w56g', '277-569-4935', 'tpudsall39@istockphoto.com', '2024-02-01 11:17:38', 'tpudsall39', 'Thomasine Pudsall', 7);
insert into "user" (user_id, password, phone_number, email, join_date, username, display_name, status_id) values (119, 'bF6`fap/LpG|', '259-718-0479', 'rsonley3a@blog.com', '2023-07-31 16:24:57', 'rsonley3a', 'Rubetta Sonley', 4);
insert into "user" (user_id, password, phone_number, email, join_date, username, display_name, status_id) values (120, 'qK1.GAju', '411-757-7218', 'achartres3b@posterous.com', '2024-04-02 23:07:00', 'achartres3b', 'Aloin Chartres', 6);
insert into "user" (user_id, password, phone_number, email, join_date, username, display_name, status_id) values (121, 'pE1%Q!{zXJf(1ToI', '175-659-5621', 'sbuten3c@shutterfly.com', '2023-04-18 07:05:01', 'sbuten3c', 'Sibeal Buten', 7);
insert into "user" (user_id, password, phone_number, email, join_date, username, display_name, status_id) values (122, 'pD1.m1Z?z', '760-591-0764', 'lreape3d@goo.gl', '2024-02-26 09:51:16', 'lreape3d', 'Lincoln Reape', 7);
insert into "user" (user_id, password, phone_number, email, join_date, username, display_name, status_id) values (123, 'qH1&Gi|z', '605-186-6302', 'cgatcliff3e@mlb.com', '2023-12-01 00:00:44', 'cgatcliff3e', 'Carmelia Gatcliff', 2);
insert into "user" (user_id, password, phone_number, email, join_date, username, display_name, status_id) values (124, 'nM1{Cp0,+G', '209-611-5389', 'kdayton3f@dell.com', '2023-04-25 20:31:50', 'kdayton3f', 'Kara-lynn Dayton', 2);
insert into "user" (user_id, password, phone_number, email, join_date, username, display_name, status_id) values (125, 'cH6_LR}Q<~@32`{p', '601-539-5909', 'leglin3g@ted.com', '2023-04-28 10:35:20', 'leglin3g', 'Letty Eglin', 5);
insert into "user" (user_id, password, phone_number, email, join_date, username, display_name, status_id) values (126, 'mT5@!Iy\+mqT', '723-177-0614', 'kjansens3h@dyndns.org', '2023-06-19 19:53:26', 'kjansens3h', 'Kettie Jansens', 6);
insert into "user" (user_id, password, phone_number, email, join_date, username, display_name, status_id) values (127, 'yR3>bP3''', '401-881-4443', 'cwestfalen3i@dot.gov', '2023-05-15 13:34:28', 'cwestfalen3i', 'Chadwick Westfalen', 7);
insert into "user" (user_id, password, phone_number, email, join_date, username, display_name, status_id) values (128, 'oQ3&vGDyZ(}Lxjh%', '870-860-0865', 'lhuey3j@reference.com', '2024-04-12 12:09:10', 'lhuey3j', 'Lisle Huey', 5);
insert into "user" (user_id, password, phone_number, email, join_date, username, display_name, status_id) values (129, 'qZ7}asQN8ltefu,o', '496-128-9481', 'iogaven3k@csmonitor.com', '2023-06-07 07:36:11', 'iogaven3k', 'Ivan O''Gaven', 7);
insert into "user" (user_id, password, phone_number, email, join_date, username, display_name, status_id) values (130, 'pJ9\D8zXT=DdSfU', '293-580-9720', 'emarien3l@chron.com', '2024-02-08 20:34:13', 'emarien3l', 'Emelyne Marien', 2);
insert into "user" (user_id, password, phone_number, email, join_date, username, display_name, status_id) values (131, 'lM8}.EDt!rSPV', '396-744-4192', 'kcarless3m@google.co.uk', '2023-05-06 03:54:21', 'kcarless3m', 'Karie Carless', 7);
insert into "user" (user_id, password, phone_number, email, join_date, username, display_name, status_id) values (132, 'iH9~iGB#Aa(dn~', '735-299-5448', 'slerohan3n@smugmug.com', '2023-08-11 00:03:51', 'slerohan3n', 'Stillmann Lerohan', 4);
insert into "user" (user_id, password, phone_number, email, join_date, username, display_name, status_id) values (133, 'jX1$*U0yWcs', '712-469-6477', 'vmcilmorie3o@fema.gov', '2023-09-16 10:44:40', 'vmcilmorie3o', 'Vincenz McIlmorie', 7);
insert into "user" (user_id, password, phone_number, email, join_date, username, display_name, status_id) values (134, 'pN8%74Dw\oe.~L', '816-863-8449', 'tcoo3p@sphinn.com', '2024-02-03 08:41:07', 'tcoo3p', 'Toiboid Coo', 2);
insert into "user" (user_id, password, phone_number, email, join_date, username, display_name, status_id) values (135, 'wN3=KmB>', '150-924-5392', 'mscargill3q@multiply.com', '2023-06-10 10:42:28', 'mscargill3q', 'Mac Scargill', 1);
insert into "user" (user_id, password, phone_number, email, join_date, username, display_name, status_id) values (136, 'oP4&\M?+K3p', '742-926-9144', 'rrodgier3r@amazon.de', '2024-04-16 05:22:36', 'rrodgier3r', 'Rebeca Rodgier', 5);
insert into "user" (user_id, password, phone_number, email, join_date, username, display_name, status_id) values (137, 'hE0?.ybrL_zL', '710-510-4536', 'dtinner3s@altervista.org', '2023-12-29 02:05:52', 'dtinner3s', 'Devon Tinner', 2);
insert into "user" (user_id, password, phone_number, email, join_date, username, display_name, status_id) values (138, 'rL8)eJ<p}|fzi}', '506-604-0862', 'nluipold3t@google.de', '2023-07-14 13:04:21', 'nluipold3t', 'Norine Luipold', 2);
insert into "user" (user_id, password, phone_number, email, join_date, username, display_name, status_id) values (139, 'mE1.{z.aP\oNv\', '643-418-9569', 'gswanger3u@amazon.de', '2023-12-08 17:09:11', 'gswanger3u', 'Georgina Swanger', 6);
insert into "user" (user_id, password, phone_number, email, join_date, username, display_name, status_id) values (140, 'mV1%Pn6B$>3(h2/A', '235-279-8837', 'rpigram3v@about.me', '2023-06-02 14:55:09', 'rpigram3v', 'Roarke Pigram', 6);
insert into "user" (user_id, password, phone_number, email, join_date, username, display_name, status_id) values (141, 'aB4*!Vk1', '680-728-0623', 'wgai3w@ovh.net', '2024-01-12 20:32:58', 'wgai3w', 'Walsh Gai', 3);
insert into "user" (user_id, password, phone_number, email, join_date, username, display_name, status_id) values (142, 'cB0&\\,oL}v4', '813-451-8478', 'amattschas3x@bloglovin.com', '2023-08-04 03:29:36', 'amattschas3x', 'Archy Mattschas', 2);
insert into "user" (user_id, password, phone_number, email, join_date, username, display_name, status_id) values (143, 'vX5,E?xM*/', '285-787-5321', 'etedstone3y@jiathis.com', '2023-10-07 06:20:30', 'etedstone3y', 'Ellsworth Tedstone', 7);
insert into "user" (user_id, password, phone_number, email, join_date, username, display_name, status_id) values (144, 'nH8<$S*`bN', '100-895-9384', 'gsimonsson3z@mediafire.com', '2023-10-10 00:53:22', 'gsimonsson3z', 'Ginni Simonsson', 6);
insert into "user" (user_id, password, phone_number, email, join_date, username, display_name, status_id) values (145, 'mH5&!.<_PO~q', '214-512-0515', 'jroddam40@icio.us', '2023-09-12 14:12:44', 'jroddam40', 'Jillene Roddam', 4);
insert into "user" (user_id, password, phone_number, email, join_date, username, display_name, status_id) values (146, 'iH9$D&yL', '747-886-3008', 'samery41@statcounter.com', '2024-04-05 15:34:52', 'samery41', 'Shermie Amery', 4);
insert into "user" (user_id, password, phone_number, email, join_date, username, display_name, status_id) values (147, 'iG8~oej1vPsD', '802-103-8143', 'bnorcliffe42@squidoo.com', '2023-10-31 16:56:33', 'bnorcliffe42', 'Barbara-anne Norcliffe', 1);
insert into "user" (user_id, password, phone_number, email, join_date, username, display_name, status_id) values (148, 'yQ2!svejiXHlzD4`', '871-977-9070', 'garrighi43@g.co', '2023-07-06 02:09:13', 'garrighi43', 'Gussi Arrighi', 3);
insert into "user" (user_id, password, phone_number, email, join_date, username, display_name, status_id) values (149, 'vR3!fy"=', '613-417-8483', 'adronsfield44@github.io', '2023-12-03 16:02:07', 'adronsfield44', 'Arnie Dronsfield', 6);
insert into "user" (user_id, password, phone_number, email, join_date, username, display_name, status_id) values (150, 'mU7$Dr6IiTM5', '470-148-1845', 'mdanielsohn45@columbia.edu', '2024-03-27 02:17:42', 'mdanielsohn45', 'Malissa Danielsohn', 1);
insert into "user" (user_id, password, phone_number, email, join_date, username, display_name, status_id) values (151, 'pP8!5xT4yY)L(}Q', '698-777-4270', 'wdunbobin46@last.fm', '2023-09-26 21:45:07', 'wdunbobin46', 'Wilmar Dunbobin', 6);
insert into "user" (user_id, password, phone_number, email, join_date, username, display_name, status_id) values (152, 'tX2=bQ)<c&)b}zS~', '243-766-5830', 'qlangcastle47@arstechnica.com', '2023-08-01 18:44:50', 'qlangcastle47', 'Quentin Langcastle', 7);
insert into "user" (user_id, password, phone_number, email, join_date, username, display_name, status_id) values (153, 'cZ2{TA|a"b\<', '285-137-5589', 'sleijs48@histats.com', '2023-05-24 22:20:13', 'sleijs48', 'Solomon Leijs', 5);
insert into "user" (user_id, password, phone_number, email, join_date, username, display_name, status_id) values (154, 'aF8$KIX~+/H', '884-896-0645', 'hdalbey49@harvard.edu', '2024-03-14 21:28:15', 'hdalbey49', 'Harald Dalbey', 3);
insert into "user" (user_id, password, phone_number, email, join_date, username, display_name, status_id) values (155, 'vP2/3EWiC', '778-697-0947', 'iclyburn4a@webs.com', '2023-09-21 03:08:36', 'iclyburn4a', 'Issi Clyburn', 1);
insert into "user" (user_id, password, phone_number, email, join_date, username, display_name, status_id) values (156, 'lC3"?0g>L6zt=yzv', '957-741-0479', 'epickover4b@nyu.edu', '2023-07-16 01:36:02', 'epickover4b', 'Ethelin Pickover', 4);
insert into "user" (user_id, password, phone_number, email, join_date, username, display_name, status_id) values (157, 'yI9@1SqABr', '526-907-5315', 'wknath4c@ehow.com', '2024-04-08 02:42:29', 'wknath4c', 'Westbrooke Knath', 7);
insert into "user" (user_id, password, phone_number, email, join_date, username, display_name, status_id) values (158, 'hV7)XX(<v}vCF', '953-452-7849', 'kcanepe4d@zimbio.com', '2023-10-11 19:27:26', 'kcanepe4d', 'Katalin Canepe', 2);
insert into "user" (user_id, password, phone_number, email, join_date, username, display_name, status_id) values (159, 'jZ1%~1S5Nb6tx', '337-424-9645', 'abrient4e@51.la', '2023-05-08 09:43:13', 'abrient4e', 'Alfie Brient', 6);
insert into "user" (user_id, password, phone_number, email, join_date, username, display_name, status_id) values (160, 'tQ3=}vYQo1=\F_\', '750-668-4523', 'adraco4f@cmu.edu', '2023-07-15 18:35:59', 'adraco4f', 'Ariel Draco', 3);
insert into "user" (user_id, password, phone_number, email, join_date, username, display_name, status_id) values (161, 'vR4@)1BE6', '141-880-1538', 'maldridge4g@quantcast.com', '2023-12-15 06:50:10', 'maldridge4g', 'Marja Aldridge', 6);
insert into "user" (user_id, password, phone_number, email, join_date, username, display_name, status_id) values (162, 'lB7~}"$_W<x{', '634-856-2932', 'sseton4h@icio.us', '2024-01-08 17:44:14', 'sseton4h', 'Stephan Seton', 2);
insert into "user" (user_id, password, phone_number, email, join_date, username, display_name, status_id) values (163, 'oD3(\/!y', '367-539-4174', 'gelves4i@mapy.cz', '2024-04-02 00:08:05', 'gelves4i', 'Geri Elves', 5);
insert into "user" (user_id, password, phone_number, email, join_date, username, display_name, status_id) values (164, 'mF6~zd%zr=`0?up5', '963-364-1044', 'lgladbach4j@quantcast.com', '2023-12-08 12:30:23', 'lgladbach4j', 'Lydie Gladbach', 5);
insert into "user" (user_id, password, phone_number, email, join_date, username, display_name, status_id) values (165, 'iU5,R?>a,0Ac', '472-665-4165', 'ktwiggins4k@wired.com', '2024-03-17 08:19:47', 'ktwiggins4k', 'Korella Twiggins', 2);
insert into "user" (user_id, password, phone_number, email, join_date, username, display_name, status_id) values (166, 'jN6!TVwXe07d"S*', '669-483-3521', 'mbaxter4l@youku.com', '2023-08-20 02:39:45', 'mbaxter4l', 'Malachi Baxter', 4);
insert into "user" (user_id, password, phone_number, email, join_date, username, display_name, status_id) values (167, 'dR4.rsmk$Xd$?V', '553-396-2819', 'sdevere4m@sciencedirect.com', '2024-03-25 01:02:11', 'sdevere4m', 'Shay De''Vere - Hunt', 7);
insert into "user" (user_id, password, phone_number, email, join_date, username, display_name, status_id) values (168, 'tT5/m+P|/K', '584-515-8133', 'fbanyard4n@sciencedirect.com', '2023-05-11 03:58:42', 'fbanyard4n', 'Flint Banyard', 2);
insert into "user" (user_id, password, phone_number, email, join_date, username, display_name, status_id) values (169, 'fT3%)b(ix', '438-311-9751', 'lclogg4o@latimes.com', '2023-09-12 08:14:00', 'lclogg4o', 'Loydie Clogg', 2);
insert into "user" (user_id, password, phone_number, email, join_date, username, display_name, status_id) values (170, 'pI6+ePVUa', '288-764-6447', 'mla4p@barnesandnoble.com', '2023-10-11 23:05:50', 'mla4p', 'Morna La Padula', 4);
insert into "user" (user_id, password, phone_number, email, join_date, username, display_name, status_id) values (171, 'cY4\#ES<8gC`"O5|', '730-993-2693', 'abeyer4q@ted.com', '2023-07-12 23:48:56', 'abeyer4q', 'Arturo Beyer', 3);
insert into "user" (user_id, password, phone_number, email, join_date, username, display_name, status_id) values (172, 'iM3,LDKNU93Sk', '267-145-1873', 'mbeedie4r@wikimedia.org', '2023-06-20 00:23:17', 'mbeedie4r', 'Maisie Beedie', 2);
insert into "user" (user_id, password, phone_number, email, join_date, username, display_name, status_id) values (173, 'gK8(f~~5,Dh', '122-192-6014', 'cdjurkovic4s@creativecommons.org', '2023-06-25 08:22:51', 'cdjurkovic4s', 'Celka Djurkovic', 7);
insert into "user" (user_id, password, phone_number, email, join_date, username, display_name, status_id) values (174, 'nC7<zl}`<%+a.sln', '781-897-0346', 'wmackartan4t@geocities.jp', '2023-10-17 10:32:39', 'wmackartan4t', 'Weber MacKartan', 3);
insert into "user" (user_id, password, phone_number, email, join_date, username, display_name, status_id) values (175, 'vR3.W8rQF`AJrjwU', '846-237-2670', 'qcushelly4u@1688.com', '2024-03-25 07:08:50', 'qcushelly4u', 'Quent Cushelly', 7);
insert into "user" (user_id, password, phone_number, email, join_date, username, display_name, status_id) values (176, 'yY1{PCSm', '705-837-7076', 'gmousby4v@list-manage.com', '2023-08-13 23:15:52', 'gmousby4v', 'Gretna Mousby', 1);
insert into "user" (user_id, password, phone_number, email, join_date, username, display_name, status_id) values (177, 'xL8_5t,/(0fOcc', '374-561-8463', 'dchritchley4w@flavors.me', '2023-11-07 08:48:15', 'dchritchley4w', 'Dimitry Chritchley', 6);
insert into "user" (user_id, password, phone_number, email, join_date, username, display_name, status_id) values (178, 'xR7$_<{<U', '990-951-9272', 'rstreader4x@pen.io', '2024-03-15 04:41:40', 'rstreader4x', 'Rosetta Streader', 3);
insert into "user" (user_id, password, phone_number, email, join_date, username, display_name, status_id) values (179, 'gH7{KYwNMl+H~_z0', '195-388-0449', 'tleckie4y@oaic.gov.au', '2023-07-01 10:42:04', 'tleckie4y', 'Tripp Leckie', 7);
insert into "user" (user_id, password, phone_number, email, join_date, username, display_name, status_id) values (180, 'mK7*sy<I9w', '453-981-4397', 'ashulem4z@wisc.edu', '2024-01-27 01:55:26', 'ashulem4z', 'Anjanette Shulem', 3);
insert into "user" (user_id, password, phone_number, email, join_date, username, display_name, status_id) values (181, 'wH5+60d}', '894-315-6409', 'ddefrain50@buzzfeed.com', '2024-02-07 14:38:07', 'ddefrain50', 'Darby Defrain', 2);
insert into "user" (user_id, password, phone_number, email, join_date, username, display_name, status_id) values (182, 'bN4>iSCRV(1', '423-804-8590', 'khaet51@ted.com', '2024-03-06 18:50:55', 'khaet51', 'Kingsly Haet', 2);
insert into "user" (user_id, password, phone_number, email, join_date, username, display_name, status_id) values (183, 'aK3/@!}o', '778-975-5299', 'ehebdon52@irs.gov', '2023-06-01 08:02:47', 'ehebdon52', 'Erna Hebdon', 4);
insert into "user" (user_id, password, phone_number, email, join_date, username, display_name, status_id) values (184, 'jH4<h?!~ASd', '123-946-2246', 'jmundow53@myspace.com', '2023-05-02 11:47:49', 'jmundow53', 'Jacqui Mundow', 7);
insert into "user" (user_id, password, phone_number, email, join_date, username, display_name, status_id) values (185, 'fY0=JVq"M', '617-149-0442', 'gvolant54@mozilla.com', '2023-07-14 07:13:28', 'gvolant54', 'Germaine Volant', 6);
insert into "user" (user_id, password, phone_number, email, join_date, username, display_name, status_id) values (186, 'vJ2,2qU{So$``S', '519-915-6136', 'emcowen55@chron.com', '2024-03-18 21:03:55', 'emcowen55', 'Erek McOwen', 5);
insert into "user" (user_id, password, phone_number, email, join_date, username, display_name, status_id) values (187, 'pK2,.p?_$.`', '774-146-0771', 'krickardsson56@time.com', '2024-01-28 03:03:35', 'krickardsson56', 'Kandy Rickardsson', 3);
insert into "user" (user_id, password, phone_number, email, join_date, username, display_name, status_id) values (188, 'vF3)P(8CD''a/)Db(', '663-337-6497', 'spendrigh57@desdev.cn', '2023-05-14 02:05:59', 'spendrigh57', 'Sydney Pendrigh', 3);
insert into "user" (user_id, password, phone_number, email, join_date, username, display_name, status_id) values (189, 'vH1''U>.9Svu=\', '340-785-7781', 'rfusedale58@cloudflare.com', '2023-08-27 10:35:07', 'rfusedale58', 'Rayshell Fusedale', 5);
insert into "user" (user_id, password, phone_number, email, join_date, username, display_name, status_id) values (190, 'kZ2_5!7i3(>pt', '369-547-0541', 'hbusfield59@miibeian.gov.cn', '2023-06-19 14:20:44', 'hbusfield59', 'Harri Busfield', 7);
insert into "user" (user_id, password, phone_number, email, join_date, username, display_name, status_id) values (191, 'sO6`yRMzG5pP', '876-667-5946', 'kwalbridge5a@un.org', '2023-10-25 23:56:25', 'kwalbridge5a', 'Kathie Walbridge', 6);
insert into "user" (user_id, password, phone_number, email, join_date, username, display_name, status_id) values (192, 'qM2}.8Uk1R"#U",u', '952-196-4245', 'abranca5b@narod.ru', '2023-06-19 05:45:55', 'abranca5b', 'Allyson Branca', 2);
insert into "user" (user_id, password, phone_number, email, join_date, username, display_name, status_id) values (193, 'zW1}r}OhW5!7X\iL', '564-145-2336', 'whimsworth5c@cisco.com', '2023-09-14 07:59:06', 'whimsworth5c', 'Web Himsworth', 1);
insert into "user" (user_id, password, phone_number, email, join_date, username, display_name, status_id) values (194, 'vZ1.ie?)*', '477-910-5723', 'mkaaskooper5d@jalbum.net', '2023-11-28 03:05:25', 'mkaaskooper5d', 'Marice Kaaskooper', 1);
insert into "user" (user_id, password, phone_number, email, join_date, username, display_name, status_id) values (195, 'sN7"V(XdiUh', '844-839-4392', 'rklimkovich5e@sphinn.com', '2023-09-16 12:31:36', 'rklimkovich5e', 'Rutledge Klimkovich', 2);
insert into "user" (user_id, password, phone_number, email, join_date, username, display_name, status_id) values (196, 'rW7%l<gq', '540-364-5148', 'casker5f@is.gd', '2023-05-30 06:12:55', 'casker5f', 'Chlo Asker', 5);
insert into "user" (user_id, password, phone_number, email, join_date, username, display_name, status_id) values (197, 'bH3&AK7`a3', '252-912-6636', 'npiggot5g@nymag.com', '2024-03-10 01:59:48', 'npiggot5g', 'Norri Piggot', 7);
insert into "user" (user_id, password, phone_number, email, join_date, username, display_name, status_id) values (198, 'sE1''pZ#rd#,u7oHU', '470-643-3154', 'kaddy5h@sphinn.com', '2024-01-20 14:34:28', 'kaddy5h', 'Keene Addy', 2);
insert into "user" (user_id, password, phone_number, email, join_date, username, display_name, status_id) values (199, 'qK4''o4fKH<iF7/Vh', '627-976-1158', 'anix5i@newsvine.com', '2024-03-10 09:41:50', 'anix5i', 'Angelia Nix', 4);
insert into "user" (user_id, password, phone_number, email, join_date, username, display_name, status_id) values (200, 'oF3?&~/{~qZVF$/', '147-325-8241', 'smaseyk5j@boston.com', '2023-11-09 05:07:12', 'smaseyk5j', 'Shawn Maseyk', 3);
insert into "user" (user_id, password, phone_number, email, join_date, username, display_name, status_id) values (201, 'qM9<_bXk', '310-805-7992', 'rkeaves5k@newsvine.com', '2023-04-18 09:44:50', 'rkeaves5k', 'Raine Keaves', 5);
insert into "user" (user_id, password, phone_number, email, join_date, username, display_name, status_id) values (202, 'zX2%JA/PaX', '341-283-1998', 'wprys5l@princeton.edu', '2023-12-31 21:29:52', 'wprys5l', 'Wren Prys', 1);
insert into "user" (user_id, password, phone_number, email, join_date, username, display_name, status_id) values (203, 'aO5,&1C={TD5', '864-102-8610', 'sbambury5m@godaddy.com', '2024-01-18 10:15:52', 'sbambury5m', 'Sammy Bambury', 7);
insert into "user" (user_id, password, phone_number, email, join_date, username, display_name, status_id) values (204, 'jX5_$`\$u{Qq=~', '381-215-3437', 'tpaolazzi5n@google.com', '2024-01-27 20:50:31', 'tpaolazzi5n', 'Thibaud Paolazzi', 2);
insert into "user" (user_id, password, phone_number, email, join_date, username, display_name, status_id) values (205, 'aV1`}`,JB', '897-748-1899', 'bmclugaish5o@theatlantic.com', '2024-03-20 13:15:22', 'bmclugaish5o', 'Bayard McLugaish', 6);
insert into "user" (user_id, password, phone_number, email, join_date, username, display_name, status_id) values (206, 'dG7_Kt1?U9WK9', '851-268-4234', 'ahorche5p@creativecommons.org', '2023-09-02 01:46:58', 'ahorche5p', 'Abram Horche', 5);
insert into "user" (user_id, password, phone_number, email, join_date, username, display_name, status_id) values (207, 'oW1!A`enNa0\24', '777-464-3241', 'dheggman5q@discovery.com', '2023-12-16 16:45:26', 'dheggman5q', 'Danny Heggman', 4);
insert into "user" (user_id, password, phone_number, email, join_date, username, display_name, status_id) values (208, 'eZ9&O=La`tM', '704-691-9943', 'jneachell5r@forbes.com', '2024-03-07 01:58:55', 'jneachell5r', 'Jessee Neachell', 2);
insert into "user" (user_id, password, phone_number, email, join_date, username, display_name, status_id) values (209, 'tH3#XF.g', '980-105-0469', 'xhankin5s@hugedomains.com', '2023-10-06 13:30:49', 'xhankin5s', 'Xylina Hankin', 3);
insert into "user" (user_id, password, phone_number, email, join_date, username, display_name, status_id) values (210, 'iC2>!$!{/e5', '277-930-0268', 'ahorlick5t@cdbaby.com', '2023-05-08 12:22:38', 'ahorlick5t', 'Anthiathia Horlick', 1);
insert into "user" (user_id, password, phone_number, email, join_date, username, display_name, status_id) values (211, 'dB0@n=0(pFN', '341-571-7185', 'kizaks5u@census.gov', '2023-10-22 07:33:36', 'kizaks5u', 'Karia Izaks', 3);
insert into "user" (user_id, password, phone_number, email, join_date, username, display_name, status_id) values (212, 'aZ0~@70jnC%i5yE', '627-159-9402', 'ttinmouth5v@t-online.de', '2023-11-08 04:00:10', 'ttinmouth5v', 'Tobi Tinmouth', 4);
insert into "user" (user_id, password, phone_number, email, join_date, username, display_name, status_id) values (213, 'sB7&P+W#', '641-281-7014', 'jwalne5w@forbes.com', '2023-05-25 09:07:57', 'jwalne5w', 'Justino Walne', 6);
insert into "user" (user_id, password, phone_number, email, join_date, username, display_name, status_id) values (214, 'cE2?vtJ+r{j7', '308-873-4338', 'gsalaman5x@edublogs.org', '2023-04-18 11:44:44', 'gsalaman5x', 'Graeme Salaman', 6);
insert into "user" (user_id, password, phone_number, email, join_date, username, display_name, status_id) values (215, 'hH8+rG>Lmy', '130-163-8119', 'kbarltrop5y@mapy.cz', '2024-03-04 00:53:48', 'kbarltrop5y', 'Kin Barltrop', 4);
insert into "user" (user_id, password, phone_number, email, join_date, username, display_name, status_id) values (216, 'oH7(5C=>?)M4Z', '616-891-6240', 'cdengate5z@amazon.co.uk', '2024-01-13 20:47:18', 'cdengate5z', 'Cordi Dengate', 2);
insert into "user" (user_id, password, phone_number, email, join_date, username, display_name, status_id) values (217, 'jH7)Dr+h(4@A0A', '983-798-7484', 'bspeakman60@harvard.edu', '2024-04-15 21:44:03', 'bspeakman60', 'Bertram Speakman', 7);
insert into "user" (user_id, password, phone_number, email, join_date, username, display_name, status_id) values (218, 'jC7|M7Z5xc<6AF5', '620-251-7111', 'amaclean61@google.nl', '2023-09-22 00:40:42', 'amaclean61', 'Arlin Maclean', 6);
insert into "user" (user_id, password, phone_number, email, join_date, username, display_name, status_id) values (219, 'aH5{6#r%(?}Y', '494-978-0457', 'awhanstall62@oracle.com', '2023-09-03 15:58:17', 'awhanstall62', 'Ailey Whanstall', 1);
insert into "user" (user_id, password, phone_number, email, join_date, username, display_name, status_id) values (220, 'mG6>=qX7A/AI', '539-118-8828', 'jfoulcher63@bloomberg.com', '2024-03-04 10:56:16', 'jfoulcher63', 'Jeanie Foulcher', 7);
insert into "user" (user_id, password, phone_number, email, join_date, username, display_name, status_id) values (221, 'qX5>Y3rSyST#ssh', '108-266-7037', 'kduffin64@ovh.net', '2023-06-28 05:02:48', 'kduffin64', 'Keefe Duffin', 3);
insert into "user" (user_id, password, phone_number, email, join_date, username, display_name, status_id) values (222, 'nB3)"EG"`.', '164-646-5854', 'pbremley65@photobucket.com', '2023-07-09 06:29:05', 'pbremley65', 'Pip Bremley', 3);
insert into "user" (user_id, password, phone_number, email, join_date, username, display_name, status_id) values (223, 'hM5$$KCz5t@%W', '573-380-2491', 'flongland66@nytimes.com', '2024-02-12 22:31:32', 'flongland66', 'Fifine Longland', 4);
insert into "user" (user_id, password, phone_number, email, join_date, username, display_name, status_id) values (224, 'oV0"==*K\e', '869-673-5035', 'dellen67@msu.edu', '2023-06-10 01:52:47', 'dellen67', 'Darill Ellen', 7);
insert into "user" (user_id, password, phone_number, email, join_date, username, display_name, status_id) values (225, 'fY3!|Zyk1', '654-413-3238', 'echristoffels68@bluehost.com', '2023-12-25 13:42:08', 'echristoffels68', 'Early Christoffels', 3);
insert into "user" (user_id, password, phone_number, email, join_date, username, display_name, status_id) values (226, 'eJ1.Q|5}@`rs/4', '291-402-2459', 'dlenham69@digg.com', '2023-05-24 04:34:18', 'dlenham69', 'Dov Lenham', 2);
insert into "user" (user_id, password, phone_number, email, join_date, username, display_name, status_id) values (227, 'fA0~5rfF\X"G%', '523-226-4195', 'bbremner6a@mapquest.com', '2023-10-18 07:27:49', 'bbremner6a', 'Berkly Bremner', 4);
insert into "user" (user_id, password, phone_number, email, join_date, username, display_name, status_id) values (228, 'uU7~,&ED*&_<o5Y{', '523-958-7950', 'bkellington6b@webmd.com', '2023-12-22 10:45:03', 'bkellington6b', 'Bethanne Kellington', 6);
insert into "user" (user_id, password, phone_number, email, join_date, username, display_name, status_id) values (229, 'rO8#,i}20,/o', '572-489-6926', 'solding6c@wufoo.com', '2023-05-19 22:33:04', 'solding6c', 'Smitty Olding', 2);
insert into "user" (user_id, password, phone_number, email, join_date, username, display_name, status_id) values (230, 'gE7_H6bKW', '857-960-3041', 'msanson6d@behance.net', '2024-01-18 19:26:50', 'msanson6d', 'Micki Sanson', 4);
insert into "user" (user_id, password, phone_number, email, join_date, username, display_name, status_id) values (231, 'xN8>5R#+$!X/', '665-326-3079', 'gbischop6e@cyberchimps.com', '2023-07-08 08:24:25', 'gbischop6e', 'Gustavo Bischop', 7);
insert into "user" (user_id, password, phone_number, email, join_date, username, display_name, status_id) values (232, 'hQ8>8b|R!,b(jA', '169-380-8045', 'whubbucke6f@exblog.jp', '2024-03-13 00:11:30', 'whubbucke6f', 'Webster Hubbucke', 1);
insert into "user" (user_id, password, phone_number, email, join_date, username, display_name, status_id) values (233, 'mE4`!6OM', '938-586-4952', 'mdrew6g@opensource.org', '2024-01-03 15:48:00', 'mdrew6g', 'Margarette Drew', 6);
insert into "user" (user_id, password, phone_number, email, join_date, username, display_name, status_id) values (234, 'tQ6,V19M', '860-628-8830', 'ccyseley6h@shinystat.com', '2023-08-04 18:06:35', 'ccyseley6h', 'Camilla Cyseley', 1);
insert into "user" (user_id, password, phone_number, email, join_date, username, display_name, status_id) values (235, 'mI1)C5jsXK/>Zp&', '495-228-6166', 'galdwich6i@hugedomains.com', '2023-11-21 15:28:50', 'galdwich6i', 'Glenda Aldwich', 1);
insert into "user" (user_id, password, phone_number, email, join_date, username, display_name, status_id) values (236, 'bW5,~J*(w(6kRj4', '896-438-5911', 'jleamon6j@wired.com', '2023-07-03 17:35:58', 'jleamon6j', 'Joby Leamon', 5);
insert into "user" (user_id, password, phone_number, email, join_date, username, display_name, status_id) values (237, 'rG0{FPgt)Phavtn', '526-251-6612', 'hclackers6k@tumblr.com', '2023-08-23 17:07:08', 'hclackers6k', 'Hymie Clackers', 5);
insert into "user" (user_id, password, phone_number, email, join_date, username, display_name, status_id) values (238, 'jP6"{N&S1$P@', '798-736-7399', 'scatteroll6l@de.vu', '2023-05-17 20:15:30', 'scatteroll6l', 'Sarine Catteroll', 4);
insert into "user" (user_id, password, phone_number, email, join_date, username, display_name, status_id) values (239, 'jU6#67P)', '664-463-0494', 'kduplock6m@usa.gov', '2024-01-15 19:31:28', 'kduplock6m', 'Kirsteni Duplock', 7);
insert into "user" (user_id, password, phone_number, email, join_date, username, display_name, status_id) values (240, 'rV5_LcUA''#O*=ub', '165-419-2481', 'ghyams6n@miitbeian.gov.cn', '2024-01-29 23:49:43', 'ghyams6n', 'Gare Hyams', 6);
insert into "user" (user_id, password, phone_number, email, join_date, username, display_name, status_id) values (241, 'hR1>1k5|.dS2', '623-332-4663', 'jpatrie6o@ehow.com', '2023-08-21 12:38:25', 'jpatrie6o', 'Josephine Patrie', 6);
insert into "user" (user_id, password, phone_number, email, join_date, username, display_name, status_id) values (242, 'oA7%}I9''>TRX,Y', '552-710-4198', 'rashard6p@mozilla.org', '2023-10-17 12:33:06', 'rashard6p', 'Row Ashard', 3);
insert into "user" (user_id, password, phone_number, email, join_date, username, display_name, status_id) values (243, 'aA8{Sg@e05', '275-751-9490', 'kluna6q@hubpages.com', '2023-06-30 11:36:50', 'kluna6q', 'Kane Luna', 2);
insert into "user" (user_id, password, phone_number, email, join_date, username, display_name, status_id) values (244, 'fG9*GP28Da7', '190-446-4535', 'ditchingham6r@google.fr', '2023-08-13 06:51:18', 'ditchingham6r', 'Dannie Itchingham', 3);
insert into "user" (user_id, password, phone_number, email, join_date, username, display_name, status_id) values (245, 'bC6_!S_X#NEsha', '403-857-8047', 'kmcilwrick6s@nyu.edu', '2024-03-27 09:51:58', 'kmcilwrick6s', 'Kalil McIlwrick', 6);
insert into "user" (user_id, password, phone_number, email, join_date, username, display_name, status_id) values (246, 'fY9+yr@V=j9Dh', '613-997-8948', 'dexter6t@sohu.com', '2023-11-09 13:50:19', 'dexter6t', 'Dion Exter', 7);
insert into "user" (user_id, password, phone_number, email, join_date, username, display_name, status_id) values (247, 'xB6%q%)@5v2M', '142-489-0884', 'dmacard6u@mozilla.org', '2023-07-08 09:45:29', 'dmacard6u', 'Dorothy MacArd', 5);
insert into "user" (user_id, password, phone_number, email, join_date, username, display_name, status_id) values (248, 'xI9$`edlbu@', '356-634-1190', 'ggaskin6v@so-net.ne.jp', '2023-06-20 17:27:24', 'ggaskin6v', 'Giuditta Gaskin', 4);
insert into "user" (user_id, password, phone_number, email, join_date, username, display_name, status_id) values (249, 'tS8#acI91U4xM', '939-437-0844', 'fmchirrie6w@gov.uk', '2024-04-04 10:08:48', 'fmchirrie6w', 'Fairlie M''Chirrie', 6);
insert into "user" (user_id, password, phone_number, email, join_date, username, display_name, status_id) values (250, 'vR7~|gD6ET)VS', '968-738-1003', 'jglynne6x@pagesperso-orange.fr', '2023-07-13 14:09:28', 'jglynne6x', 'Jeramey Glynne', 7);
insert into "user" (user_id, password, phone_number, email, join_date, username, display_name, status_id) values (251, 'eQ0{9b5j', '750-864-6543', 'ckerford6y@shinystat.com', '2024-04-14 07:50:46', 'ckerford6y', 'Corliss Kerford', 2);
insert into "user" (user_id, password, phone_number, email, join_date, username, display_name, status_id) values (252, 'bJ9?~s#q~@<PjU', '668-650-7370', 'sadriano6z@paypal.com', '2023-05-20 06:19:16', 'sadriano6z', 'Sebastiano Adriano', 6);
insert into "user" (user_id, password, phone_number, email, join_date, username, display_name, status_id) values (253, 'wL8<#.u5G', '751-602-9614', 'asturt70@mozilla.org', '2024-02-09 12:32:18', 'asturt70', 'Anallise Sturt', 5);
insert into "user" (user_id, password, phone_number, email, join_date, username, display_name, status_id) values (254, 'pF2+4<T+', '469-742-8515', 'pkirrage71@businesswire.com', '2023-12-27 18:27:31', 'pkirrage71', 'Phoebe Kirrage', 1);
insert into "user" (user_id, password, phone_number, email, join_date, username, display_name, status_id) values (255, 'yL6{~#tJyD', '635-191-9806', 'vrubinowitsch72@creativecommons.org', '2024-03-03 22:04:04', 'vrubinowitsch72', 'Verine Rubinowitsch', 6);
insert into "user" (user_id, password, phone_number, email, join_date, username, display_name, status_id) values (256, 'gM1?!PUnqV', '312-969-8677', 'escarrott73@zdnet.com', '2023-05-12 21:10:06', 'escarrott73', 'Ernesta Scarrott', 2);
insert into "user" (user_id, password, phone_number, email, join_date, username, display_name, status_id) values (257, 'uC2=ZHIJjfApN', '124-634-7855', 'bbywater74@earthlink.net', '2023-09-02 05:36:53', 'bbywater74', 'Byran Bywater', 3);
insert into "user" (user_id, password, phone_number, email, join_date, username, display_name, status_id) values (258, 'fF5>ds"ufl%', '106-547-3412', 'nugo75@plala.or.jp', '2024-03-18 02:00:33', 'nugo75', 'Nathanil Ugo', 7);
insert into "user" (user_id, password, phone_number, email, join_date, username, display_name, status_id) values (259, 'mH3,qiX<gDsTYAR', '361-742-7074', 'cefford76@phpbb.com', '2023-08-21 03:06:11', 'cefford76', 'Cindie Efford', 7);
insert into "user" (user_id, password, phone_number, email, join_date, username, display_name, status_id) values (260, 'jU8)@)r$>A', '415-224-9865', 'mburdikin77@cyberchimps.com', '2023-05-06 22:40:52', 'mburdikin77', 'Melosa Burdikin', 2);
insert into "user" (user_id, password, phone_number, email, join_date, username, display_name, status_id) values (261, 'pX4''9_Z#', '181-691-3773', 'ascapens78@ox.ac.uk', '2023-11-11 11:17:04', 'ascapens78', 'Arnold Scapens', 3);
insert into "user" (user_id, password, phone_number, email, join_date, username, display_name, status_id) values (262, 'uR4/''!v$<', '373-857-4956', 'fgreenham79@spiegel.de', '2023-09-27 15:41:54', 'fgreenham79', 'Florinda Greenham', 6);
insert into "user" (user_id, password, phone_number, email, join_date, username, display_name, status_id) values (263, 'lL6+}hlpJuY>', '954-666-4675', 'ldochon7a@foxnews.com', '2024-01-19 19:17:25', 'ldochon7a', 'Lawry Dochon', 1);
insert into "user" (user_id, password, phone_number, email, join_date, username, display_name, status_id) values (264, 'rB0*SFG$F', '951-390-5371', 'clafflin7b@abc.net.au', '2023-06-30 11:15:37', 'clafflin7b', 'Cornall Lafflin', 1);
insert into "user" (user_id, password, phone_number, email, join_date, username, display_name, status_id) values (265, 'pA1!h5qr{HZp', '771-444-5777', 'ukenewel7c@telegraph.co.uk', '2024-01-07 16:13:41', 'ukenewel7c', 'Urbain Kenewel', 4);
insert into "user" (user_id, password, phone_number, email, join_date, username, display_name, status_id) values (266, 'oF0%(1C?{8SBPlA', '403-706-0104', 'lbaynard7d@gizmodo.com', '2024-04-02 05:16:14', 'lbaynard7d', 'Liv Baynard', 3);
insert into "user" (user_id, password, phone_number, email, join_date, username, display_name, status_id) values (267, 'mT1''#dcQZ@dY3$', '457-952-6770', 'cchampain7e@icio.us', '2023-08-01 16:19:34', 'cchampain7e', 'Corenda Champain', 5);
insert into "user" (user_id, password, phone_number, email, join_date, username, display_name, status_id) values (268, 'vE5''t|,BhoL?aw', '594-303-2895', 'rtranckle7f@pbs.org', '2024-02-24 17:38:42', 'rtranckle7f', 'Roselia Tranckle', 5);
insert into "user" (user_id, password, phone_number, email, join_date, username, display_name, status_id) values (269, 'lL3"Me+n)MF)2', '261-302-6892', 'hgeharke7g@facebook.com', '2023-08-09 15:03:39', 'hgeharke7g', 'Harvey Geharke', 1);
insert into "user" (user_id, password, phone_number, email, join_date, username, display_name, status_id) values (270, 'yR0@Y*!=w2', '183-579-9980', 'mdyte7h@1und1.de', '2023-11-16 22:55:22', 'mdyte7h', 'Minni Dyte', 1);
insert into "user" (user_id, password, phone_number, email, join_date, username, display_name, status_id) values (271, 'vP5|za3HGU@4tDDS', '370-774-6101', 'cmcterlagh7i@unesco.org', '2024-04-02 18:29:17', 'cmcterlagh7i', 'Cthrine McTerlagh', 7);
insert into "user" (user_id, password, phone_number, email, join_date, username, display_name, status_id) values (272, 'qP4.6|B2dIiG8', '220-384-4026', 'skinnerk7j@geocities.com', '2024-02-01 06:58:04', 'skinnerk7j', 'Sibyl Kinnerk', 2);
insert into "user" (user_id, password, phone_number, email, join_date, username, display_name, status_id) values (273, 'cP6@''on''R2Dww/(P', '131-213-5888', 'hjohn7k@utexas.edu', '2023-11-23 09:01:49', 'hjohn7k', 'Holmes John', 5);
insert into "user" (user_id, password, phone_number, email, join_date, username, display_name, status_id) values (274, 'jO3~Mib}N.\F', '112-859-8193', 'lohara7l@e-recht24.de', '2023-05-19 11:02:17', 'lohara7l', 'Lewes O''Hara', 6);
insert into "user" (user_id, password, phone_number, email, join_date, username, display_name, status_id) values (275, 'tQ2\yHccR@NK\6l&', '208-756-5939', 'osign7m@sciencedaily.com', '2023-06-23 18:01:26', 'osign7m', 'Oberon Sign', 3);
insert into "user" (user_id, password, phone_number, email, join_date, username, display_name, status_id) values (276, 'bZ4`#u|LnmG3Abx', '935-589-5938', 'hchillcot7n@canalblog.com', '2023-12-02 05:52:31', 'hchillcot7n', 'Hynda Chillcot', 6);
insert into "user" (user_id, password, phone_number, email, join_date, username, display_name, status_id) values (277, 'jB6%hMr?u&vj', '909-463-0246', 'gdyas7o@theguardian.com', '2023-06-03 02:39:03', 'gdyas7o', 'Grady Dyas', 2);
insert into "user" (user_id, password, phone_number, email, join_date, username, display_name, status_id) values (278, 'yZ9''uBnyiQ', '982-846-0434', 'ksikorski7p@time.com', '2024-02-23 20:09:41', 'ksikorski7p', 'Kelley Sikorski', 3);
insert into "user" (user_id, password, phone_number, email, join_date, username, display_name, status_id) values (279, 'tG9,apBD''8A', '719-973-4742', 'dwitt7q@omniture.com', '2024-03-17 20:19:23', 'dwitt7q', 'De witt Fountaine', 6);
insert into "user" (user_id, password, phone_number, email, join_date, username, display_name, status_id) values (280, 'vJ0}U.?8Ifcs=NZH', '740-716-6465', 'balcock7r@yolasite.com', '2023-06-26 02:38:59', 'balcock7r', 'Brande Alcock', 5);
insert into "user" (user_id, password, phone_number, email, join_date, username, display_name, status_id) values (281, 'cX9)9?|&saN@p&0Z', '186-841-9276', 'ninston7s@intel.com', '2024-04-16 02:45:52', 'ninston7s', 'Nevins Inston', 1);
insert into "user" (user_id, password, phone_number, email, join_date, username, display_name, status_id) values (282, 'kT8._IEI9!{$ZP', '417-924-6522', 'jmaren7t@blogtalkradio.com', '2024-01-01 05:52:09', 'jmaren7t', 'Jedediah Maren', 1);
insert into "user" (user_id, password, phone_number, email, join_date, username, display_name, status_id) values (283, 'qE7%_%Tga', '477-379-1687', 'cbidnall7u@google.it', '2023-06-27 10:36:09', 'cbidnall7u', 'Clarey Bidnall', 6);
insert into "user" (user_id, password, phone_number, email, join_date, username, display_name, status_id) values (284, 'cM6~y+B7X<', '832-419-6937', 'hbrittoner7v@ameblo.jp', '2024-04-14 04:19:57', 'hbrittoner7v', 'Halley Brittoner', 4);
insert into "user" (user_id, password, phone_number, email, join_date, username, display_name, status_id) values (285, 'dS7%$9IJC6t(_P', '510-694-3007', 'rrudolph7w@vimeo.com', '2024-04-13 11:23:07', 'rrudolph7w', 'Rosalinde Rudolph', 1);
insert into "user" (user_id, password, phone_number, email, join_date, username, display_name, status_id) values (286, 'gY6%Z_Nm', '763-197-2900', 'tpinkstone7x@apple.com', '2023-08-07 12:31:33', 'tpinkstone7x', 'Trudi Pinkstone', 4);
insert into "user" (user_id, password, phone_number, email, join_date, username, display_name, status_id) values (287, 'rA4#Wbr"zB''TqF)', '665-721-2681', 'atrebilcock7y@delicious.com', '2024-03-08 22:16:19', 'atrebilcock7y', 'Amelita Trebilcock', 5);
insert into "user" (user_id, password, phone_number, email, join_date, username, display_name, status_id) values (288, 'oH2\L$hSMYZH', '924-985-7041', 'cbuggs7z@tinypic.com', '2023-08-08 23:13:48', 'cbuggs7z', 'Cherianne Buggs', 3);
insert into "user" (user_id, password, phone_number, email, join_date, username, display_name, status_id) values (289, 'aC8*3S+c`', '460-527-3252', 'ienston80@pcworld.com', '2023-11-07 19:41:44', 'ienston80', 'Isiahi Enston', 3);
insert into "user" (user_id, password, phone_number, email, join_date, username, display_name, status_id) values (290, 'uJ1>G83sIS8`Ym0E', '357-782-7087', 'lblacksland81@unesco.org', '2024-01-23 12:45:02', 'lblacksland81', 'Lydia Blacksland', 2);
insert into "user" (user_id, password, phone_number, email, join_date, username, display_name, status_id) values (291, 'jX7|cM2)Lf', '133-715-1300', 'loconor82@tmall.com', '2023-09-21 11:40:44', 'loconor82', 'Lacey O''Conor', 1);
insert into "user" (user_id, password, phone_number, email, join_date, username, display_name, status_id) values (292, 'eW9|KF3iu', '296-724-5911', 'adunnion83@dailymail.co.uk', '2023-05-08 01:39:06', 'adunnion83', 'Ariela Dunnion', 2);
insert into "user" (user_id, password, phone_number, email, join_date, username, display_name, status_id) values (293, 'oF5/6NkmU', '477-429-4261', 'odi84@so-net.ne.jp', '2023-10-29 14:05:51', 'odi84', 'Osbourn Di Lucia', 2);
insert into "user" (user_id, password, phone_number, email, join_date, username, display_name, status_id) values (294, 'rA8~#7Ws~TeR', '959-275-6863', 'bnoice85@ft.com', '2023-06-23 14:09:09', 'bnoice85', 'Brandais Noice', 3);
insert into "user" (user_id, password, phone_number, email, join_date, username, display_name, status_id) values (295, 'nT7_tl|*~Yz4kM', '946-178-7448', 'dwassung86@discuz.net', '2024-01-16 00:32:07', 'dwassung86', 'Dalston Wassung', 2);
insert into "user" (user_id, password, phone_number, email, join_date, username, display_name, status_id) values (296, 'yM7.kZ5,kENbH40', '968-825-7525', 'fwafer87@webeden.co.uk', '2023-06-13 05:03:05', 'fwafer87', 'Ford Wafer', 7);
insert into "user" (user_id, password, phone_number, email, join_date, username, display_name, status_id) values (297, 'wJ5`gn=LnoDbw\X6', '968-419-0437', 'jhannond88@soup.io', '2023-07-10 10:26:20', 'jhannond88', 'Julee Hannond', 3);
insert into "user" (user_id, password, phone_number, email, join_date, username, display_name, status_id) values (298, 'rP4"C,a$7E+PD', '320-416-9944', 'dsheridan89@cam.ac.uk', '2023-12-07 15:21:53', 'dsheridan89', 'Ddene Sheridan', 3);
insert into "user" (user_id, password, phone_number, email, join_date, username, display_name, status_id) values (299, 'iT5#2hZ&%', '984-486-0493', 'omcmorran8a@acquirethisname.com', '2023-10-17 10:01:59', 'omcmorran8a', 'Odey McMorran', 1);
insert into "user" (user_id, password, phone_number, email, join_date, username, display_name, status_id) values (300, 'tI0#rBi_n{{s', '783-943-7354', 'mmccartan8b@163.com', '2023-05-04 10:43:48', 'mmccartan8b', 'Mylo McCartan', 7);
insert into "user" (user_id, password, phone_number, email, join_date, username, display_name, status_id) values (301, 'fD6~5=#~La5T', '453-683-4127', 'tparrot8c@hibu.com', '2023-11-17 07:07:08', 'tparrot8c', 'Traver Parrot', 7);
insert into "user" (user_id, password, phone_number, email, join_date, username, display_name, status_id) values (302, 'hA7|c@X`K{|Hzx)', '577-816-2009', 'jradloff8d@bandcamp.com', '2023-12-22 23:52:43', 'jradloff8d', 'Jasun Radloff', 4);
insert into "user" (user_id, password, phone_number, email, join_date, username, display_name, status_id) values (303, 'eC6\)5CI0AtJ', '251-202-1173', 'rorts8e@ucoz.ru', '2024-03-06 15:52:22', 'rorts8e', 'Reinhold Orts', 4);
insert into "user" (user_id, password, phone_number, email, join_date, username, display_name, status_id) values (304, 'bF2@\q?in', '911-536-5505', 'sfossord8f@businesswire.com', '2024-01-29 17:11:13', 'sfossord8f', 'Siegfried Fossord', 6);
insert into "user" (user_id, password, phone_number, email, join_date, username, display_name, status_id) values (305, 'sO3|Sk$g(I)', '114-312-3776', 'tendecott8g@fda.gov', '2023-10-24 02:02:12', 'tendecott8g', 'Teirtza Endecott', 5);
insert into "user" (user_id, password, phone_number, email, join_date, username, display_name, status_id) values (306, 'mZ3?MQHsm)=', '426-501-8795', 'cdulson8h@gravatar.com', '2023-05-12 03:43:04', 'cdulson8h', 'Colin Dulson', 2);
insert into "user" (user_id, password, phone_number, email, join_date, username, display_name, status_id) values (307, 'iV4>a_W|blo4', '694-964-0479', 'fyelden8i@acquirethisname.com', '2023-12-20 22:27:10', 'fyelden8i', 'Felice Yelden', 1);
insert into "user" (user_id, password, phone_number, email, join_date, username, display_name, status_id) values (308, 'lD0~ZFiWS', '653-431-6270', 'rbeaconsall8j@xrea.com', '2023-09-14 13:42:08', 'rbeaconsall8j', 'Romona Beaconsall', 6);
insert into "user" (user_id, password, phone_number, email, join_date, username, display_name, status_id) values (309, 'oO3"BNDYj/D', '266-179-0814', 'wjiroudek8k@networkadvertising.org', '2023-11-24 15:48:14', 'wjiroudek8k', 'Willow Jiroudek', 2);
insert into "user" (user_id, password, phone_number, email, join_date, username, display_name, status_id) values (310, 'rO2''yES\,S\M+z', '254-721-9089', 'fearle8l@odnoklassniki.ru', '2024-01-19 09:29:19', 'fearle8l', 'Farand Earle', 1);
insert into "user" (user_id, password, phone_number, email, join_date, username, display_name, status_id) values (311, 'tF2}*zx1T<', '888-958-6893', 'rravel8m@sohu.com', '2023-10-25 02:59:58', 'rravel8m', 'Rene Ravel', 5);
insert into "user" (user_id, password, phone_number, email, join_date, username, display_name, status_id) values (312, 'wY5&FB|Z<,lbL', '805-118-5942', 'beccleshall8n@cmu.edu', '2024-03-19 21:18:23', 'beccleshall8n', 'Bondie Eccleshall', 2);
insert into "user" (user_id, password, phone_number, email, join_date, username, display_name, status_id) values (313, 'vO5=oGal(c', '852-553-4175', 'ffealty8o@businessweek.com', '2024-04-02 12:00:07', 'ffealty8o', 'Frannie Fealty', 6);
insert into "user" (user_id, password, phone_number, email, join_date, username, display_name, status_id) values (314, 'pH1"?goh0v.', '729-939-6636', 'hguilliland8p@reverbnation.com', '2024-01-01 21:29:05', 'hguilliland8p', 'Haywood Guilliland', 5);
insert into "user" (user_id, password, phone_number, email, join_date, username, display_name, status_id) values (315, 'aP7=$s{EDFDL6&=Z', '297-399-2916', 'mrocco8q@weibo.com', '2024-03-22 03:51:31', 'mrocco8q', 'Mayne Rocco', 7);
insert into "user" (user_id, password, phone_number, email, join_date, username, display_name, status_id) values (316, 'xA8+aU''&TT8&JPPT', '927-213-9606', 'mbrychan8r@miibeian.gov.cn', '2024-01-13 18:04:29', 'mbrychan8r', 'Morty Brychan', 5);
insert into "user" (user_id, password, phone_number, email, join_date, username, display_name, status_id) values (317, 'sI5}6G,LjqulP6', '854-833-4900', 'lbarrie8s@tiny.cc', '2024-02-03 13:08:53', 'lbarrie8s', 'Linnell Barrie', 6);
insert into "user" (user_id, password, phone_number, email, join_date, username, display_name, status_id) values (318, 'bO9"k~cfb)t5t6=q', '301-234-5637', 'ccarmel8t@usgs.gov', '2023-09-04 11:45:18', 'ccarmel8t', 'Clifford Carmel', 6);
insert into "user" (user_id, password, phone_number, email, join_date, username, display_name, status_id) values (319, 'cL0!@mBk~', '491-455-3412', 'seard8u@i2i.jp', '2023-05-24 20:35:55', 'seard8u', 'Salomone Eard', 1);
insert into "user" (user_id, password, phone_number, email, join_date, username, display_name, status_id) values (320, 'dN0~xgAm,i+eu>l', '743-895-7989', 'rakett8v@dell.com', '2024-02-17 09:28:48', 'rakett8v', 'Rosabella Akett', 1);
insert into "user" (user_id, password, phone_number, email, join_date, username, display_name, status_id) values (321, 'kC7&web%#X0%s', '404-404-2399', 'lcrebo8w@accuweather.com', '2023-07-09 17:04:18', 'lcrebo8w', 'Lemuel Crebo', 7);
insert into "user" (user_id, password, phone_number, email, join_date, username, display_name, status_id) values (322, 'qO1"lDk<|YP2!x', '614-361-4385', 'pcopelli8x@oracle.com', '2024-02-06 07:13:51', 'pcopelli8x', 'Phillip Copelli', 2);
insert into "user" (user_id, password, phone_number, email, join_date, username, display_name, status_id) values (323, 'lR7`}Gb(ev', '904-615-7428', 'abaselio8y@wp.com', '2023-04-24 11:30:53', 'abaselio8y', 'Aurelea Baselio', 3);
insert into "user" (user_id, password, phone_number, email, join_date, username, display_name, status_id) values (324, 'bJ6=!FG~\', '161-311-3687', 'lmartinolli8z@etsy.com', '2024-03-08 18:28:14', 'lmartinolli8z', 'Leroi Martinolli', 1);
insert into "user" (user_id, password, phone_number, email, join_date, username, display_name, status_id) values (325, 'zI8%IL6mATf@P<', '334-951-7219', 'sabrahamsson90@unicef.org', '2023-05-07 03:49:01', 'sabrahamsson90', 'Sella Abrahamsson', 1);
insert into "user" (user_id, password, phone_number, email, join_date, username, display_name, status_id) values (326, 'rD1%hLdBr{hz', '711-859-9555', 'tdevons91@youku.com', '2023-08-31 10:51:24', 'tdevons91', 'Tammie Devons', 2);
insert into "user" (user_id, password, phone_number, email, join_date, username, display_name, status_id) values (327, 'wA7%PJW2g', '322-730-2421', 'aseares92@a8.net', '2024-03-12 04:55:48', 'aseares92', 'Alwyn Seares', 1);
insert into "user" (user_id, password, phone_number, email, join_date, username, display_name, status_id) values (328, 'eY3{\>V?', '816-935-6128', 'nshevlan93@cpanel.net', '2023-06-02 16:49:57', 'nshevlan93', 'Nilson Shevlan', 2);
insert into "user" (user_id, password, phone_number, email, join_date, username, display_name, status_id) values (329, 'zQ0{fG*W`m''|WHd', '746-577-2523', 'rmapham94@usgs.gov', '2023-09-09 18:59:47', 'rmapham94', 'Ruthann Mapham', 6);
insert into "user" (user_id, password, phone_number, email, join_date, username, display_name, status_id) values (330, 'nW6&FiDBx#D', '763-185-6801', 'fmathiasen95@twitter.com', '2023-12-13 18:41:26', 'fmathiasen95', 'Faustine Mathiasen', 2);
insert into "user" (user_id, password, phone_number, email, join_date, username, display_name, status_id) values (331, 'rK1`z(F+)P1{M', '855-261-0657', 'ldell96@yale.edu', '2023-04-17 13:33:56', 'ldell96', 'Lorain Dell Casa', 1);
insert into "user" (user_id, password, phone_number, email, join_date, username, display_name, status_id) values (332, 'lS4#KDD6', '696-349-0731', 'kdalwood97@geocities.com', '2023-08-12 08:04:04', 'kdalwood97', 'Karim Dalwood', 3);
insert into "user" (user_id, password, phone_number, email, join_date, username, display_name, status_id) values (333, 'wQ5~vPsjyH4', '777-686-8689', 'doverall98@facebook.com', '2023-07-15 07:31:14', 'doverall98', 'Dmitri Overall', 3);
insert into "user" (user_id, password, phone_number, email, join_date, username, display_name, status_id) values (334, 'mC2<=g{pw~79{J,#', '672-900-1166', 'mpaulson99@zimbio.com', '2024-02-09 06:10:42', 'mpaulson99', 'Melamie Paulson', 4);
insert into "user" (user_id, password, phone_number, email, join_date, username, display_name, status_id) values (335, 'qP7/95@}POM?', '136-487-8324', 'msoutherell9a@spiegel.de', '2023-07-15 01:14:52', 'msoutherell9a', 'Mervin Southerell', 7);
insert into "user" (user_id, password, phone_number, email, join_date, username, display_name, status_id) values (336, 'cF3}*GJw', '596-407-0562', 'ebeechcraft9b@blogspot.com', '2023-09-18 14:41:56', 'ebeechcraft9b', 'Elroy Beechcraft', 7);
insert into "user" (user_id, password, phone_number, email, join_date, username, display_name, status_id) values (337, 'eC9,,S#*WT', '117-316-9140', 'skender9c@theguardian.com', '2023-09-09 07:17:31', 'skender9c', 'Silvanus Kender', 1);
insert into "user" (user_id, password, phone_number, email, join_date, username, display_name, status_id) values (338, 'yU0(ggfTGJ', '607-374-9729', 'aemeney9d@noaa.gov', '2024-04-15 06:58:02', 'aemeney9d', 'Auberon Emeney', 2);
insert into "user" (user_id, password, phone_number, email, join_date, username, display_name, status_id) values (339, 'tM5/zk@vmw', '229-350-1277', 'cgeer9e@wisc.edu', '2024-03-17 22:28:30', 'cgeer9e', 'Chas Geer', 5);
insert into "user" (user_id, password, phone_number, email, join_date, username, display_name, status_id) values (340, 'vK8~JiuJjH=)', '297-802-1315', 'kthurlbourne9f@digg.com', '2023-10-18 09:33:53', 'kthurlbourne9f', 'Klarrisa Thurlbourne', 3);
insert into "user" (user_id, password, phone_number, email, join_date, username, display_name, status_id) values (341, 'fH5(hzX"xs<i', '642-821-6581', 'terrey9g@cbslocal.com', '2023-05-21 04:33:52', 'terrey9g', 'Tomasina Errey', 4);
insert into "user" (user_id, password, phone_number, email, join_date, username, display_name, status_id) values (342, 'lS1`{@to=*0f(g', '772-846-5236', 'jlillegard9h@de.vu', '2024-03-04 16:10:24', 'jlillegard9h', 'Jillene Lillegard', 5);
insert into "user" (user_id, password, phone_number, email, join_date, username, display_name, status_id) values (343, 'zW3{#GeH*.hX@,2', '606-341-3869', 'rsiegertsz9i@furl.net', '2023-08-17 11:55:23', 'rsiegertsz9i', 'Rhody Siegertsz', 5);
insert into "user" (user_id, password, phone_number, email, join_date, username, display_name, status_id) values (344, 'mL5}H@P)g', '768-471-2055', 'ltumbelty9j@pagesperso-orange.fr', '2023-10-12 09:36:17', 'ltumbelty9j', 'Luisa Tumbelty', 3);
insert into "user" (user_id, password, phone_number, email, join_date, username, display_name, status_id) values (345, 'yM5@u)\1a''ks}j', '350-259-9495', 'jgotter9k@tripod.com', '2024-03-27 08:13:24', 'jgotter9k', 'Joletta Gotter', 4);
insert into "user" (user_id, password, phone_number, email, join_date, username, display_name, status_id) values (346, 'nD0%>f.nqJd''Z', '402-858-4468', 'mdemelt9l@edublogs.org', '2023-10-18 06:02:28', 'mdemelt9l', 'Meier Demelt', 1);
insert into "user" (user_id, password, phone_number, email, join_date, username, display_name, status_id) values (347, 'pW8+sVuk%@W', '483-679-0567', 'bpirdy9m@ftc.gov', '2024-04-12 23:14:53', 'bpirdy9m', 'Bil Pirdy', 4);
insert into "user" (user_id, password, phone_number, email, join_date, username, display_name, status_id) values (348, 'sY8,Dtk1bNdk', '843-350-0992', 'ejeayes9n@ehow.com', '2024-02-07 06:48:04', 'ejeayes9n', 'Ede Jeayes', 2);
insert into "user" (user_id, password, phone_number, email, join_date, username, display_name, status_id) values (349, 'vV6~=gG+pB', '141-955-6978', 'thagyard9o@kickstarter.com', '2023-12-24 19:00:23', 'thagyard9o', 'Thomas Hagyard', 4);
insert into "user" (user_id, password, phone_number, email, join_date, username, display_name, status_id) values (350, 'qT3''~/"7Mt', '912-181-8904', 'mnann9p@icq.com', '2023-08-20 14:08:24', 'mnann9p', 'Maddy Nann', 6);
insert into "user" (user_id, password, phone_number, email, join_date, username, display_name, status_id) values (351, 'kB6#ffTvHsM2?}', '450-888-5319', 'civanishin9q@about.me', '2023-05-12 00:07:09', 'civanishin9q', 'Clarabelle Ivanishin', 6);
insert into "user" (user_id, password, phone_number, email, join_date, username, display_name, status_id) values (352, 'sG7{|94Ftr', '373-324-8090', 'mgealy9r@sourceforge.net', '2024-03-21 10:00:49', 'mgealy9r', 'Maudie Gealy', 5);
insert into "user" (user_id, password, phone_number, email, join_date, username, display_name, status_id) values (353, 'hD5\D5z''1|', '405-411-4799', 'iwedderburn9s@mac.com', '2024-03-19 12:41:32', 'iwedderburn9s', 'Izaak Wedderburn', 1);
insert into "user" (user_id, password, phone_number, email, join_date, username, display_name, status_id) values (354, 'wU2{1x)B', '982-463-6539', 'zmatkin9t@example.com', '2023-09-24 00:49:05', 'zmatkin9t', 'Zulema Matkin', 2);
insert into "user" (user_id, password, phone_number, email, join_date, username, display_name, status_id) values (355, 'bY4*w|}B$%I~O"', '614-314-9285', 'vabdy9u@themeforest.net', '2023-09-17 02:37:11', 'vabdy9u', 'Vanya Abdy', 2);
insert into "user" (user_id, password, phone_number, email, join_date, username, display_name, status_id) values (356, 'lD3(}tzu?<d', '772-616-9462', 'mphinnessy9v@cdbaby.com', '2023-07-18 03:49:35', 'mphinnessy9v', 'Maude Phinnessy', 7);
insert into "user" (user_id, password, phone_number, email, join_date, username, display_name, status_id) values (357, 'eA9<R1WeFP`f', '728-375-2103', 'mbunstone9w@hostgator.com', '2023-12-22 00:12:50', 'mbunstone9w', 'Micky Bunstone', 3);
insert into "user" (user_id, password, phone_number, email, join_date, username, display_name, status_id) values (358, 'zA3.tzTUCDnCx', '362-216-9709', 'areams9x@vinaora.com', '2023-12-15 02:21:14', 'areams9x', 'Ashla Reams', 2);
insert into "user" (user_id, password, phone_number, email, join_date, username, display_name, status_id) values (359, 'zP5@Z_)uw.}TK>K0', '638-561-8310', 'ppoleye9y@discovery.com', '2023-09-26 22:05:22', 'ppoleye9y', 'Patrica Poleye', 4);
insert into "user" (user_id, password, phone_number, email, join_date, username, display_name, status_id) values (360, 'sY9!E!C!L', '832-927-0600', 'odoggrell9z@ca.gov', '2023-07-20 18:56:47', 'odoggrell9z', 'Orsa Doggrell', 1);
insert into "user" (user_id, password, phone_number, email, join_date, username, display_name, status_id) values (361, 'sF4@(T_>vhU&,xF', '580-752-5853', 'rdea0@goo.gl', '2024-03-21 02:13:31', 'rdea0', 'Rodina de Glanville', 4);
insert into "user" (user_id, password, phone_number, email, join_date, username, display_name, status_id) values (362, 'lY9=QfnH', '188-298-0475', 'gsebringa1@a8.net', '2024-04-10 12:15:03', 'gsebringa1', 'Guenna Sebring', 4);
insert into "user" (user_id, password, phone_number, email, join_date, username, display_name, status_id) values (363, 'hE9&''r.C824(=', '508-378-4940', 'rbulbrooka2@spotify.com', '2023-07-30 07:40:00', 'rbulbrooka2', 'Rakel Bulbrook', 2);
insert into "user" (user_id, password, phone_number, email, join_date, username, display_name, status_id) values (364, 'rX7`We@\G}', '937-644-1207', 'mhallorana3@pbs.org', '2023-09-03 12:46:43', 'mhallorana3', 'Mil Halloran', 1);
insert into "user" (user_id, password, phone_number, email, join_date, username, display_name, status_id) values (365, 'oZ9?f?pBBEBi', '750-265-0030', 'hnelsena4@skyrock.com', '2023-10-13 22:11:31', 'hnelsena4', 'Holly-anne Nelsen', 5);
insert into "user" (user_id, password, phone_number, email, join_date, username, display_name, status_id) values (366, 'jU4<tSB`XerVH,|(', '537-792-9449', 'smyttona5@biblegateway.com', '2023-08-05 08:48:30', 'smyttona5', 'Sheri Mytton', 1);
insert into "user" (user_id, password, phone_number, email, join_date, username, display_name, status_id) values (367, 'dK1_paD3~NxZN', '615-150-5961', 'aperkina6@mayoclinic.com', '2024-02-18 03:57:45', 'aperkina6', 'Antonietta Perkin', 1);
insert into "user" (user_id, password, phone_number, email, join_date, username, display_name, status_id) values (368, 'aJ5?Hzus0T%Vjm', '127-907-6702', 'aferfullea7@yolasite.com', '2024-02-04 07:11:48', 'aferfullea7', 'Auberta Ferfulle', 3);
insert into "user" (user_id, password, phone_number, email, join_date, username, display_name, status_id) values (369, 'rN2*b&_tFBBCz\', '127-848-6862', 'gbronota8@etsy.com', '2024-02-12 04:28:00', 'gbronota8', 'Giorgia Bronot', 7);
insert into "user" (user_id, password, phone_number, email, join_date, username, display_name, status_id) values (370, 'tE0@JREzat1aI', '426-350-7696', 'lvinecombea9@google.com.hk', '2023-10-27 12:17:22', 'lvinecombea9', 'Lib Vinecombe', 7);
insert into "user" (user_id, password, phone_number, email, join_date, username, display_name, status_id) values (371, 'iW2>C_fMmbq\', '560-940-9356', 'keateaa@go.com', '2024-01-05 21:39:42', 'keateaa', 'Kristina Eate', 2);
insert into "user" (user_id, password, phone_number, email, join_date, username, display_name, status_id) values (372, 'vH6\TP5}~D=8u>cz', '126-786-8901', 'ttenwickab@pinterest.com', '2023-10-05 14:35:25', 'ttenwickab', 'Tildi Tenwick', 2);
insert into "user" (user_id, password, phone_number, email, join_date, username, display_name, status_id) values (373, 'eF7(HJPD)7', '744-208-8261', 'vfolanac@businesswire.com', '2023-09-10 16:53:52', 'vfolanac', 'Valene Folan', 3);
insert into "user" (user_id, password, phone_number, email, join_date, username, display_name, status_id) values (374, 'xJ1$G''&G>C', '909-255-3539', 'rarchambaultad@reuters.com', '2023-09-24 23:30:09', 'rarchambaultad', 'Renata Archambault', 7);
insert into "user" (user_id, password, phone_number, email, join_date, username, display_name, status_id) values (375, 'eH8\,f3D>)836j8Q', '988-367-8451', 'pbrekonridgeae@independent.co.uk', '2023-12-17 16:29:51', 'pbrekonridgeae', 'Pavla Brekonridge', 2);
insert into "user" (user_id, password, phone_number, email, join_date, username, display_name, status_id) values (376, 'zN4?1fS3I', '227-544-3263', 'bkropaf@sciencedaily.com', '2023-11-11 02:24:20', 'bkropaf', 'Britt Krop', 3);
insert into "user" (user_id, password, phone_number, email, join_date, username, display_name, status_id) values (377, 'jE5"u2LBC#b%k?gs', '223-447-2655', 'dkainesag@cnet.com', '2024-01-15 15:15:03', 'dkainesag', 'Debor Kaines', 4);
insert into "user" (user_id, password, phone_number, email, join_date, username, display_name, status_id) values (378, 'mC2~)dcIYG\a', '180-347-4697', 'ttwinberrowah@sakura.ne.jp', '2023-05-28 05:52:26', 'ttwinberrowah', 'Toinette Twinberrow', 7);
insert into "user" (user_id, password, phone_number, email, join_date, username, display_name, status_id) values (379, 'aU7>mOU&', '332-816-6031', 'hgilliceai@etsy.com', '2023-10-16 14:54:29', 'hgilliceai', 'Hewet Gillice', 1);
insert into "user" (user_id, password, phone_number, email, join_date, username, display_name, status_id) values (380, 'gD4"Y7{R&=LFp,$G', '747-411-8660', 'kbromageaj@wufoo.com', '2023-05-14 08:50:51', 'kbromageaj', 'Kent Bromage', 2);
insert into "user" (user_id, password, phone_number, email, join_date, username, display_name, status_id) values (381, 'lA1?$_dpCz2*/<T_', '781-228-2864', 'kreuterak@ebay.co.uk', '2023-08-11 18:40:32', 'kreuterak', 'Kalle Reuter', 1);
insert into "user" (user_id, password, phone_number, email, join_date, username, display_name, status_id) values (382, 'xM3.PF==/fs"gX', '550-877-7129', 'gsalterneal@microsoft.com', '2023-09-18 19:15:32', 'gsalterneal', 'Gran Salterne', 3);
insert into "user" (user_id, password, phone_number, email, join_date, username, display_name, status_id) values (383, 'uR8+Q1.LVZ2tp}Hw', '986-694-0631', 'amcalessam@photobucket.com', '2024-01-26 21:57:35', 'amcalessam', 'Arther McAless', 2);
insert into "user" (user_id, password, phone_number, email, join_date, username, display_name, status_id) values (384, 'uP9|0KS\y@aT_', '402-515-7831', 'asimpkissan@simplemachines.org', '2023-05-24 09:57:14', 'asimpkissan', 'Annabelle Simpkiss', 1);
insert into "user" (user_id, password, phone_number, email, join_date, username, display_name, status_id) values (385, 'mT7~~dZwHY', '480-725-2988', 'edorneyao@washington.edu', '2023-06-21 18:05:47', 'edorneyao', 'Edmon Dorney', 5);
insert into "user" (user_id, password, phone_number, email, join_date, username, display_name, status_id) values (386, 'cC4%Dx7zp7', '338-982-3746', 'ebritneyap@360.cn', '2023-05-01 00:01:34', 'ebritneyap', 'Edeline Britney', 5);
insert into "user" (user_id, password, phone_number, email, join_date, username, display_name, status_id) values (387, 'xY9~vBWDL\&?l', '269-698-4828', 'wscraneaq@fema.gov', '2024-01-03 17:40:12', 'wscraneaq', 'Windy Scrane', 4);
insert into "user" (user_id, password, phone_number, email, join_date, username, display_name, status_id) values (388, 'eK6+9$CK&', '233-184-8267', 'fillstonar@stanford.edu', '2023-08-19 13:07:12', 'fillstonar', 'Fitz Illston', 1);
insert into "user" (user_id, password, phone_number, email, join_date, username, display_name, status_id) values (389, 'wV1\fwgpL>)IL', '626-236-8831', 'hthaxteras@utexas.edu', '2024-02-28 05:46:35', 'hthaxteras', 'Hortensia Thaxter', 6);
insert into "user" (user_id, password, phone_number, email, join_date, username, display_name, status_id) values (390, 'oS6`updI', '776-478-5715', 'mscolaat@printfriendly.com', '2023-05-19 22:42:39', 'mscolaat', 'Marge Scola', 1);
insert into "user" (user_id, password, phone_number, email, join_date, username, display_name, status_id) values (391, 'bN5+0WgV', '579-685-1550', 'anelliganau@desdev.cn', '2023-05-01 13:30:59', 'anelliganau', 'Ashleigh Nelligan', 7);
insert into "user" (user_id, password, phone_number, email, join_date, username, display_name, status_id) values (392, 'rQ3<Hb$G', '483-906-3543', 'oglasardav@bloomberg.com', '2024-01-19 18:22:32', 'oglasardav', 'Ortensia Glasard', 2);
insert into "user" (user_id, password, phone_number, email, join_date, username, display_name, status_id) values (393, 'pY8!CMg=m', '348-545-4273', 'pcescotaw@newyorker.com', '2023-07-16 10:07:52', 'pcescotaw', 'Perri Cescot', 1);
insert into "user" (user_id, password, phone_number, email, join_date, username, display_name, status_id) values (394, 'uO2$=VjZo', '589-993-9734', 'mtreneerax@blogtalkradio.com', '2024-03-19 02:15:26', 'mtreneerax', 'Merrilee Treneer', 4);
insert into "user" (user_id, password, phone_number, email, join_date, username, display_name, status_id) values (395, 'fA7,,FDrr.?9', '343-624-4384', 'llindwallay@businesswire.com', '2023-09-07 16:52:03', 'llindwallay', 'Lilli Lindwall', 1);
insert into "user" (user_id, password, phone_number, email, join_date, username, display_name, status_id) values (396, 'kZ1~YiaHM|\kY', '587-773-9887', 'awaggaz@sakura.ne.jp', '2023-10-06 17:36:10', 'awaggaz', 'Andreas Wagg', 7);
insert into "user" (user_id, password, phone_number, email, join_date, username, display_name, status_id) values (397, 'sI5(}>XJ#', '531-378-5401', 'swhitelyb0@flavors.me', '2024-01-30 21:55:57', 'swhitelyb0', 'Silva Whitely', 2);
insert into "user" (user_id, password, phone_number, email, join_date, username, display_name, status_id) values (398, 'eI2{{+s))@E1<A#T', '164-545-3002', 'spoateb1@plala.or.jp', '2023-09-26 01:48:35', 'spoateb1', 'Selina Poate', 7);
insert into "user" (user_id, password, phone_number, email, join_date, username, display_name, status_id) values (399, 'nR0*3!HRw#L!OF', '447-218-1372', 'hrultenb2@forbes.com', '2023-06-27 00:16:04', 'hrultenb2', 'Heida Rulten', 2);
insert into "user" (user_id, password, phone_number, email, join_date, username, display_name, status_id) values (400, 'xI8<Sf_~>"', '233-935-8371', 'acoalbranb3@irs.gov', '2023-09-07 19:57:29', 'acoalbranb3', 'Ag Coalbran', 3);
insert into "user" (user_id, password, phone_number, email, join_date, username, display_name, status_id) values (401, 'lT1<tmbl7k', '467-320-8547', 'pdunnetb4@upenn.edu', '2024-01-18 18:45:26', 'pdunnetb4', 'Phelia Dunnet', 3);
insert into "user" (user_id, password, phone_number, email, join_date, username, display_name, status_id) values (402, 'aK8=onmL2LqrOH', '120-924-3770', 'csoperb5@homestead.com', '2023-04-17 13:15:12', 'csoperb5', 'Cindi Soper', 3);
insert into "user" (user_id, password, phone_number, email, join_date, username, display_name, status_id) values (403, 'gH4_g3_2', '353-398-5974', 'pgoldupb6@google.com.br', '2023-07-23 00:16:30', 'pgoldupb6', 'Pall Goldup', 7);
insert into "user" (user_id, password, phone_number, email, join_date, username, display_name, status_id) values (404, 'yE5?kjRsxdc+', '290-178-1538', 'abarwiseb7@issuu.com', '2023-08-27 18:03:37', 'abarwiseb7', 'Arlena Barwise', 1);
insert into "user" (user_id, password, phone_number, email, join_date, username, display_name, status_id) values (405, 'kQ7#yNFt_Z1PH$rV', '982-239-1711', 'lredrupb8@friendfeed.com', '2023-05-19 00:23:32', 'lredrupb8', 'Liva Redrup', 4);
insert into "user" (user_id, password, phone_number, email, join_date, username, display_name, status_id) values (406, 'rB9$Jb8iq=', '706-749-3985', 'zlererb9@fema.gov', '2023-08-10 08:14:37', 'zlererb9', 'Zeke Lerer', 2);
insert into "user" (user_id, password, phone_number, email, join_date, username, display_name, status_id) values (407, 'cD7~Lo3`+?M7a%', '484-572-4828', 'agoneauba@time.com', '2024-02-27 05:01:10', 'agoneauba', 'Athene Goneau', 6);
insert into "user" (user_id, password, phone_number, email, join_date, username, display_name, status_id) values (408, 'bU7_WJ|#9fK2!rbP', '571-213-4515', 'efollinbb@oaic.gov.au', '2023-07-25 23:09:54', 'efollinbb', 'Ellynn Follin', 7);
insert into "user" (user_id, password, phone_number, email, join_date, username, display_name, status_id) values (409, 'xU9`51R%\F8RgI.L', '807-879-0696', 'rvanbc@exblog.jp', '2024-02-03 19:28:52', 'rvanbc', 'Riley Van Baaren', 3);
insert into "user" (user_id, password, phone_number, email, join_date, username, display_name, status_id) values (410, 'bV2{dSPsHi', '178-139-3857', 'rsighartbd@amazonaws.com', '2024-02-18 12:50:51', 'rsighartbd', 'Richart Sighart', 1);
insert into "user" (user_id, password, phone_number, email, join_date, username, display_name, status_id) values (411, 'xI6+ve>kqwLGvU8}', '380-699-6745', 'kplaistowebe@multiply.com', '2023-06-05 14:45:08', 'kplaistowebe', 'Karyn Plaistowe', 5);
insert into "user" (user_id, password, phone_number, email, join_date, username, display_name, status_id) values (412, 'hH3%kQ9L>Dak7fk1', '973-331-8148', 'acrollmanbf@opensource.org', '2023-07-03 01:45:58', 'acrollmanbf', 'Alejandro Crollman', 4);
insert into "user" (user_id, password, phone_number, email, join_date, username, display_name, status_id) values (413, 'oB4{\s,(X}', '884-433-2686', 'ddarrachbg@dell.com', '2024-03-23 10:50:50', 'ddarrachbg', 'Dyna Darrach', 3);
insert into "user" (user_id, password, phone_number, email, join_date, username, display_name, status_id) values (414, 'eJ6''Zu|*,sF', '110-866-0427', 'jmollattbh@networkadvertising.org', '2024-03-12 21:42:15', 'jmollattbh', 'Joelynn Mollatt', 4);
insert into "user" (user_id, password, phone_number, email, join_date, username, display_name, status_id) values (415, 'oH1.NAa9y', '274-793-7692', 'uvaudreybi@bandcamp.com', '2023-04-19 03:13:47', 'uvaudreybi', 'Ulises Vaudrey', 5);
insert into "user" (user_id, password, phone_number, email, join_date, username, display_name, status_id) values (416, 'dG6~(.mv', '542-394-6579', 'arobackbj@homestead.com', '2023-12-16 08:02:42', 'arobackbj', 'Audrye Roback', 1);
insert into "user" (user_id, password, phone_number, email, join_date, username, display_name, status_id) values (417, 'dL5*NzkEu|3Y,`x', '512-869-9676', 'bjurzykbk@seattletimes.com', '2023-08-05 17:16:21', 'bjurzykbk', 'Brunhilda Jurzyk', 1);
insert into "user" (user_id, password, phone_number, email, join_date, username, display_name, status_id) values (418, 'gN0{~xxPH?EY\X?G', '469-333-1302', 'bpelzbl@wikimedia.org', '2023-06-25 14:06:45', 'bpelzbl', 'Biddie Pelz', 6);
insert into "user" (user_id, password, phone_number, email, join_date, username, display_name, status_id) values (419, 'iD4+Qi''c', '447-517-4835', 'uworgebm@irs.gov', '2023-04-27 14:04:49', 'uworgebm', 'Ulberto Worge', 7);
insert into "user" (user_id, password, phone_number, email, join_date, username, display_name, status_id) values (420, 'bZ1%S#\KE<tp', '720-805-8969', 'nprimakbn@bbb.org', '2023-10-10 02:54:32', 'nprimakbn', 'Norry Primak', 4);
insert into "user" (user_id, password, phone_number, email, join_date, username, display_name, status_id) values (421, 'fH2|e*ukq', '511-806-2475', 'feaseybo@addthis.com', '2023-12-28 14:35:32', 'feaseybo', 'Fern Easey', 5);
insert into "user" (user_id, password, phone_number, email, join_date, username, display_name, status_id) values (422, 'eQ2?v%#S,u2Xt', '378-159-9819', 'blacottebp@army.mil', '2024-04-09 22:55:45', 'blacottebp', 'Bibbye Lacotte', 6);
insert into "user" (user_id, password, phone_number, email, join_date, username, display_name, status_id) values (423, 'sH5$+{3)', '517-442-8755', 'mgerleitbq@scientificamerican.com', '2023-06-17 04:36:32', 'mgerleitbq', 'Myrtia Gerleit', 2);
insert into "user" (user_id, password, phone_number, email, join_date, username, display_name, status_id) values (424, 'fG1|Btlu}nX', '528-889-7370', 'cjoycebr@cdc.gov', '2023-04-26 05:47:37', 'cjoycebr', 'Chrysler Joyce', 1);
insert into "user" (user_id, password, phone_number, email, join_date, username, display_name, status_id) values (425, 'bU0=mEwl', '597-456-0171', 'hkiddeybs@myspace.com', '2023-12-06 10:21:36', 'hkiddeybs', 'Hobey Kiddey', 5);
insert into "user" (user_id, password, phone_number, email, join_date, username, display_name, status_id) values (426, 'zI2~p66L//R7V', '319-983-8604', 'bhandasydebt@trellian.com', '2023-08-23 22:42:53', 'bhandasydebt', 'Bertina Handasyde', 6);
insert into "user" (user_id, password, phone_number, email, join_date, username, display_name, status_id) values (427, 'qL6#*|Ui*c|c#D', '637-688-1778', 'phoylandbu@oakley.com', '2024-02-10 02:55:14', 'phoylandbu', 'Paten Hoyland', 7);
insert into "user" (user_id, password, phone_number, email, join_date, username, display_name, status_id) values (428, 'aK6%F,*r"A)Z"2', '384-481-8391', 'agoneaubv@chron.com', '2023-11-23 16:58:56', 'agoneaubv', 'Andria Goneau', 4);
insert into "user" (user_id, password, phone_number, email, join_date, username, display_name, status_id) values (429, 'pZ8=a+10~FFM', '958-192-9383', 'yephsonbw@ft.com', '2023-06-20 22:54:48', 'yephsonbw', 'Ynez Ephson', 2);
insert into "user" (user_id, password, phone_number, email, join_date, username, display_name, status_id) values (430, 'eA3=ghS_zrqF$', '772-521-3662', 'bbaggalleybx@hatena.ne.jp', '2023-12-18 21:50:21', 'bbaggalleybx', 'Benoit Baggalley', 1);
insert into "user" (user_id, password, phone_number, email, join_date, username, display_name, status_id) values (431, 'wD1=<<%K', '719-972-0757', 'scrutchleyby@usa.gov', '2023-08-27 19:24:31', 'scrutchleyby', 'Silvia Crutchley', 5);
insert into "user" (user_id, password, phone_number, email, join_date, username, display_name, status_id) values (432, 'yO6+&''6=', '236-958-4054', 'gwraggsbz@blogger.com', '2023-09-03 18:36:54', 'gwraggsbz', 'Gerhardt Wraggs', 6);
insert into "user" (user_id, password, phone_number, email, join_date, username, display_name, status_id) values (433, 'sM5?td5qq`', '254-577-4838', 'ralbarezc0@g.co', '2023-11-23 23:56:37', 'ralbarezc0', 'Rachael Albarez', 4);
insert into "user" (user_id, password, phone_number, email, join_date, username, display_name, status_id) values (434, 'nN9(|O}oVkQZDmn', '120-178-5077', 'bradolfc1@wix.com', '2023-08-03 20:01:58', 'bradolfc1', 'Bendicty Radolf', 1);
insert into "user" (user_id, password, phone_number, email, join_date, username, display_name, status_id) values (435, 'hM9(Q(_D', '839-913-8946', 'cbeardshallc2@eventbrite.com', '2023-09-09 01:33:45', 'cbeardshallc2', 'Cordy Beardshall', 4);
insert into "user" (user_id, password, phone_number, email, join_date, username, display_name, status_id) values (436, 'nK1_uQO_16f', '516-595-0314', 'pcarvilc3@tinypic.com', '2023-05-15 19:23:03', 'pcarvilc3', 'Prinz Carvil', 7);
insert into "user" (user_id, password, phone_number, email, join_date, username, display_name, status_id) values (437, 'fX2}1zLFawnWx!>', '300-627-2744', 'cacklandc4@amazon.co.jp', '2023-04-20 18:54:24', 'cacklandc4', 'Clark Ackland', 6);
insert into "user" (user_id, password, phone_number, email, join_date, username, display_name, status_id) values (438, 'sI8((>x>d3j?=', '106-694-6537', 'aroppc5@wired.com', '2023-08-01 01:37:06', 'aroppc5', 'Anderson Ropp', 5);
insert into "user" (user_id, password, phone_number, email, join_date, username, display_name, status_id) values (439, 'pK7}hMi+''YWOb', '340-837-4918', 'ljeaffresonc6@shinystat.com', '2023-05-13 10:25:29', 'ljeaffresonc6', 'Lucine Jeaffreson', 3);
insert into "user" (user_id, password, phone_number, email, join_date, username, display_name, status_id) values (440, 'vC3\d!nH''#RLa.#', '528-738-6929', 'rstrongec7@dagondesign.com', '2023-06-22 09:45:35', 'rstrongec7', 'Roseanna Stronge', 3);
insert into "user" (user_id, password, phone_number, email, join_date, username, display_name, status_id) values (441, 'eE9*YH&?ep''uxkh{', '311-128-9377', 'mjellisc8@gizmodo.com', '2023-12-05 19:22:28', 'mjellisc8', 'Meridel Jellis', 5);
insert into "user" (user_id, password, phone_number, email, join_date, username, display_name, status_id) values (442, 'vG2{%21(k"', '846-431-5190', 'ssteutlyc9@domainmarket.com', '2023-07-03 17:31:34', 'ssteutlyc9', 'Shermie Steutly', 3);
insert into "user" (user_id, password, phone_number, email, join_date, username, display_name, status_id) values (443, 'sK6"buY/X|', '274-525-5653', 'rlefridgeca@fda.gov', '2023-12-18 03:27:46', 'rlefridgeca', 'Rachele Lefridge', 3);
insert into "user" (user_id, password, phone_number, email, join_date, username, display_name, status_id) values (444, 'nO7~YQe}P$''F1', '983-671-1753', 'acoffeltcb@a8.net', '2023-09-26 14:03:05', 'acoffeltcb', 'Ara Coffelt', 1);
insert into "user" (user_id, password, phone_number, email, join_date, username, display_name, status_id) values (445, 'dM8(}{?kw3,', '541-918-2431', 'flongthornecc@vkontakte.ru', '2024-02-22 16:23:59', 'flongthornecc', 'Freddy Longthorne', 3);
insert into "user" (user_id, password, phone_number, email, join_date, username, display_name, status_id) values (446, 'xK6(Dq+&Wpc&', '922-118-8166', 'lbriscowcd@earthlink.net', '2023-05-15 13:03:29', 'lbriscowcd', 'Lauren Briscow', 4);
insert into "user" (user_id, password, phone_number, email, join_date, username, display_name, status_id) values (447, 'fV5''+i|u', '187-415-3094', 'nfonzoce@altervista.org', '2024-03-05 07:02:47', 'nfonzoce', 'Natasha Fonzo', 2);
insert into "user" (user_id, password, phone_number, email, join_date, username, display_name, status_id) values (448, 'fB7|17xVz7/', '486-533-7251', 'bburnettcf@goodreads.com', '2023-05-24 14:41:52', 'bburnettcf', 'Birch Burnett', 2);
insert into "user" (user_id, password, phone_number, email, join_date, username, display_name, status_id) values (449, 'hG0''IA,q}zIw', '568-697-6543', 'lventuracg@youku.com', '2023-05-27 14:39:05', 'lventuracg', 'Lorenza Ventura', 6);
insert into "user" (user_id, password, phone_number, email, join_date, username, display_name, status_id) values (450, 'uY8\>t>Xe3ES', '630-125-2663', 'etargech@nytimes.com', '2023-11-14 14:53:02', 'etargech', 'Eustacia Targe', 1);
insert into "user" (user_id, password, phone_number, email, join_date, username, display_name, status_id) values (451, 'wQ2&{ai~zgn"_', '892-528-2166', 'dswainsonci@sogou.com', '2023-11-21 20:54:56', 'dswainsonci', 'Dean Swainson', 2);
insert into "user" (user_id, password, phone_number, email, join_date, username, display_name, status_id) values (452, 'fA3\v"|kiKw', '371-284-8611', 'hsweatlandcj@engadget.com', '2024-04-06 15:09:46', 'hsweatlandcj', 'Hilliary Sweatland', 2);
insert into "user" (user_id, password, phone_number, email, join_date, username, display_name, status_id) values (453, 'eK5#CFpq83go3{', '174-785-1461', 'eandryuninck@umich.edu', '2024-04-10 18:54:12', 'eandryuninck', 'Estella Andryunin', 2);
insert into "user" (user_id, password, phone_number, email, join_date, username, display_name, status_id) values (454, 'qT4?nhOYH4.@,Fb', '225-866-2909', 'ckinniercl@answers.com', '2023-06-27 20:18:39', 'ckinniercl', 'Clay Kinnier', 6);
insert into "user" (user_id, password, phone_number, email, join_date, username, display_name, status_id) values (455, 'xJ3)B/9p}=%', '596-399-3883', 'sharborowcm@ted.com', '2024-02-06 08:06:03', 'sharborowcm', 'Stesha Harborow', 3);
insert into "user" (user_id, password, phone_number, email, join_date, username, display_name, status_id) values (456, 'wZ3\Wc,cq.{XJ45T', '872-487-1192', 'rgalletleycn@ibm.com', '2024-04-10 07:52:38', 'rgalletleycn', 'Raphaela Galletley', 2);
insert into "user" (user_id, password, phone_number, email, join_date, username, display_name, status_id) values (457, 'qV2''y\xpKe!|', '435-766-2551', 'roconorco@hugedomains.com', '2024-01-20 10:07:13', 'roconorco', 'Ramsay O''Conor', 3);
insert into "user" (user_id, password, phone_number, email, join_date, username, display_name, status_id) values (458, 'bG1}D}hWyV', '574-297-9611', 'loxfordcp@ucla.edu', '2023-04-28 07:48:04', 'loxfordcp', 'Lilli Oxford', 6);
insert into "user" (user_id, password, phone_number, email, join_date, username, display_name, status_id) values (459, 'yV5~DzHiV<6$%', '344-500-7436', 'crubincq@house.gov', '2023-08-10 10:22:44', 'crubincq', 'Carny Rubin', 3);
insert into "user" (user_id, password, phone_number, email, join_date, username, display_name, status_id) values (460, 'mH5"am9gR', '120-152-7883', 'gsandcr@vkontakte.ru', '2023-04-30 02:26:50', 'gsandcr', 'Gus Sand', 7);
insert into "user" (user_id, password, phone_number, email, join_date, username, display_name, status_id) values (461, 'eT6''y3JkC!#4.1d', '719-212-4870', 'tabramamovhcs@cnn.com', '2023-08-26 19:56:38', 'tabramamovhcs', 'Tabbie Abramamovh', 2);
insert into "user" (user_id, password, phone_number, email, join_date, username, display_name, status_id) values (462, 'jR6%x4MhS9nCm*G*', '645-703-7437', 'elawlyct@yelp.com', '2023-10-23 00:52:00', 'elawlyct', 'Evelina Lawly', 3);
insert into "user" (user_id, password, phone_number, email, join_date, username, display_name, status_id) values (463, 'gR6)7K)qW+A', '801-468-5223', 'jdoogancu@alexa.com', '2024-02-13 06:57:50', 'jdoogancu', 'Jonathon Doogan', 3);
insert into "user" (user_id, password, phone_number, email, join_date, username, display_name, status_id) values (464, 'uJ4(vRQp"A6<Sev', '928-972-1519', 'ftomaszynskicv@dagondesign.com', '2023-08-30 07:47:00', 'ftomaszynskicv', 'Filberte Tomaszynski', 4);
insert into "user" (user_id, password, phone_number, email, join_date, username, display_name, status_id) values (465, 'wP2$m)nBBODNREm3', '913-127-4804', 'hkellockcw@salon.com', '2023-11-15 18:59:19', 'hkellockcw', 'Henryetta Kellock', 3);
insert into "user" (user_id, password, phone_number, email, join_date, username, display_name, status_id) values (466, 'fC3>soiDMsVS7dX', '369-684-2101', 'alauthiancx@bluehost.com', '2023-08-17 09:55:24', 'alauthiancx', 'Andrei Lauthian', 2);
insert into "user" (user_id, password, phone_number, email, join_date, username, display_name, status_id) values (467, 'pK8$\BQ@y$`x', '848-355-1894', 'ochecchicy@soup.io', '2023-10-13 17:56:36', 'ochecchicy', 'Olvan Checchi', 3);
insert into "user" (user_id, password, phone_number, email, join_date, username, display_name, status_id) values (468, 'lT3''B#uyM&ee', '320-854-9668', 'gnadincz@earthlink.net', '2023-08-28 14:03:58', 'gnadincz', 'Geno Nadin', 6);
insert into "user" (user_id, password, phone_number, email, join_date, username, display_name, status_id) values (469, 'sU4{BdFbHS(PU8Z', '888-879-6114', 'jdevitad0@sfgate.com', '2024-03-20 22:31:55', 'jdevitad0', 'Jessica Devita', 5);
insert into "user" (user_id, password, phone_number, email, join_date, username, display_name, status_id) values (470, 'dU9=.RD\', '781-645-2046', 'lallamd1@edublogs.org', '2023-10-09 06:49:32', 'lallamd1', 'L;urette Allam', 6);
insert into "user" (user_id, password, phone_number, email, join_date, username, display_name, status_id) values (471, 'xL6\Hp@Bq~gfP48s', '895-614-8852', 'jwoolcocksd2@icq.com', '2023-09-02 07:02:59', 'jwoolcocksd2', 'Jilly Woolcocks', 5);
insert into "user" (user_id, password, phone_number, email, join_date, username, display_name, status_id) values (472, 'hZ8''C1\So/o', '701-201-1066', 'wbalked3@spotify.com', '2023-08-24 23:05:43', 'wbalked3', 'Wiatt Balke', 2);
insert into "user" (user_id, password, phone_number, email, join_date, username, display_name, status_id) values (473, 'jF5?VJt))', '181-829-8920', 'akemmeyd4@sakura.ne.jp', '2023-11-24 22:47:41', 'akemmeyd4', 'Adams Kemmey', 1);
insert into "user" (user_id, password, phone_number, email, join_date, username, display_name, status_id) values (474, 'mP0$QMRcTuJU|', '676-938-4519', 'loldroydd5@google.com', '2023-04-22 01:32:26', 'loldroydd5', 'Linell Oldroyd', 3);
insert into "user" (user_id, password, phone_number, email, join_date, username, display_name, status_id) values (475, 'xH7{rkVxAEpCG', '174-506-7644', 'fwhightd6@cmu.edu', '2024-03-19 10:30:31', 'fwhightd6', 'Fawnia Whight', 1);
insert into "user" (user_id, password, phone_number, email, join_date, username, display_name, status_id) values (476, 'rF3''ohxwl#', '765-892-5646', 'bpleassd7@cafepress.com', '2023-05-12 13:31:43', 'bpleassd7', 'Briana Pleass', 4);
insert into "user" (user_id, password, phone_number, email, join_date, username, display_name, status_id) values (477, 'xF8"FU''vz', '475-756-4888', 'caismand8@indiatimes.com', '2024-02-11 09:22:39', 'caismand8', 'Cele Aisman', 1);
insert into "user" (user_id, password, phone_number, email, join_date, username, display_name, status_id) values (478, 'mB6)v0u9)O{?u', '985-910-4118', 'adooned9@blog.com', '2024-02-14 09:11:25', 'adooned9', 'Alana Doone', 4);
insert into "user" (user_id, password, phone_number, email, join_date, username, display_name, status_id) values (479, 'kF3_#W1cK#,du9AA', '867-642-7685', 'vryceda@fastcompany.com', '2023-06-28 16:37:09', 'vryceda', 'Valentine Ryce', 5);
insert into "user" (user_id, password, phone_number, email, join_date, username, display_name, status_id) values (480, 'yH3!mnUh|&l53go', '284-929-2025', 'ededb@shop-pro.jp', '2023-10-08 14:10:21', 'ededb', 'Elsinore de Quesne', 6);
insert into "user" (user_id, password, phone_number, email, join_date, username, display_name, status_id) values (481, 'uS1}8$Z&yZz', '494-465-7379', 'nambrozdc@stumbleupon.com', '2023-07-24 10:21:26', 'nambrozdc', 'Nance Ambroz', 2);
insert into "user" (user_id, password, phone_number, email, join_date, username, display_name, status_id) values (482, 'gT6=T4DvgG', '955-953-4477', 'dcaudrelierdd@ftc.gov', '2023-12-20 18:09:57', 'dcaudrelierdd', 'Darrin Caudrelier', 3);
insert into "user" (user_id, password, phone_number, email, join_date, username, display_name, status_id) values (483, 'zX1\jV%h03', '431-887-1585', 'lriggeyde@usa.gov', '2024-02-14 09:43:27', 'lriggeyde', 'Lena Riggey', 1);
insert into "user" (user_id, password, phone_number, email, join_date, username, display_name, status_id) values (484, 'lL0*ze2}.fqU', '607-371-6118', 'hpennelldf@t-online.de', '2023-11-15 07:31:45', 'hpennelldf', 'Harriot Pennell', 1);
insert into "user" (user_id, password, phone_number, email, join_date, username, display_name, status_id) values (485, 'tB9@La{Is3UtP{}', '975-769-0135', 'efreandg@google.co.jp', '2023-06-02 01:27:42', 'efreandg', 'Ellsworth Frean', 7);
insert into "user" (user_id, password, phone_number, email, join_date, username, display_name, status_id) values (486, 'aT1=VpqQ3\XcP', '107-311-3236', 'bcoitedh@prweb.com', '2023-07-17 00:08:27', 'bcoitedh', 'Bo Coite', 4);
insert into "user" (user_id, password, phone_number, email, join_date, username, display_name, status_id) values (487, 'mT4=`U_uS', '345-865-8302', 'mclaybourndi@thetimes.co.uk', '2023-05-26 05:39:16', 'mclaybourndi', 'Milzie Claybourn', 2);
insert into "user" (user_id, password, phone_number, email, join_date, username, display_name, status_id) values (488, 'tB8#+,ueIGj#6$', '913-306-8296', 'cvannerdj@fc2.com', '2023-09-07 22:10:54', 'cvannerdj', 'Christine Vanner', 5);
insert into "user" (user_id, password, phone_number, email, join_date, username, display_name, status_id) values (489, 'yE6*Qh"30",', '379-344-1212', 'sstockelldk@earthlink.net', '2023-11-29 21:34:23', 'sstockelldk', 'Solly Stockell', 3);
insert into "user" (user_id, password, phone_number, email, join_date, username, display_name, status_id) values (490, 'fH9$n\\h{U\<', '882-801-6433', 'sparmbydl@cisco.com', '2023-12-06 06:19:16', 'sparmbydl', 'Susie Parmby', 4);
insert into "user" (user_id, password, phone_number, email, join_date, username, display_name, status_id) values (491, 'xG4{RZimtbc6.j4', '314-782-0292', 'sstillgoedm@blogs.com', '2023-07-06 06:59:47', 'sstillgoedm', 'Sigvard Stillgoe', 4);
insert into "user" (user_id, password, phone_number, email, join_date, username, display_name, status_id) values (492, 'wO8>_P3HM(N+}Cj_', '850-787-0967', 'mlarretdn@narod.ru', '2023-07-08 03:22:51', 'mlarretdn', 'Mata Larret', 1);
insert into "user" (user_id, password, phone_number, email, join_date, username, display_name, status_id) values (493, 'qD8?NfOf16`Vn6Iu', '652-792-2501', 'ledneydo@bloglovin.com', '2023-08-29 11:27:11', 'ledneydo', 'Lusa Edney', 5);
insert into "user" (user_id, password, phone_number, email, join_date, username, display_name, status_id) values (494, 'fR8*T3c|@zfX6N', '260-815-0772', 'nlaffindp@hc360.com', '2023-10-03 21:37:37', 'nlaffindp', 'Northrop Laffin', 7);
insert into "user" (user_id, password, phone_number, email, join_date, username, display_name, status_id) values (495, 'hX8~Z`WMa4', '822-849-6947', 'kclowserdq@cmu.edu', '2023-08-18 00:28:23', 'kclowserdq', 'Kaspar Clowser', 1);
insert into "user" (user_id, password, phone_number, email, join_date, username, display_name, status_id) values (496, 'vM0''}c&)flYm', '850-828-8858', 'syurivtsevdr@google.com.hk', '2023-11-14 04:22:06', 'syurivtsevdr', 'Starlene Yurivtsev', 2);
insert into "user" (user_id, password, phone_number, email, join_date, username, display_name, status_id) values (497, 'pN6_|ga3ja', '149-745-2127', 'aandreinids@slideshare.net', '2023-05-25 11:20:02', 'aandreinids', 'Anette Andreini', 2);
insert into "user" (user_id, password, phone_number, email, join_date, username, display_name, status_id) values (498, 'cS0*j#zA+E4r', '655-275-9824', 'fhawgooddt@wsj.com', '2023-05-11 00:51:07', 'fhawgooddt', 'Fannie Hawgood', 3);
insert into "user" (user_id, password, phone_number, email, join_date, username, display_name, status_id) values (499, 'eP1''$H!cbvw$', '511-321-0550', 'kwildendu@mtv.com', '2023-09-07 22:00:29', 'kwildendu', 'Kimbra Wilden', 1);
insert into "user" (user_id, password, phone_number, email, join_date, username, display_name, status_id) values (500, 'kA2+Vz+S', '715-407-1359', 'kfallensdv@npr.org', '2023-06-18 23:35:02', 'kfallensdv', 'Kenyon Fallens', 2);
insert into "user" (user_id, password, phone_number, email, join_date, username, display_name, status_id) values (501, 'iT1.k{hcu.lh29', '346-830-7990', 'nastilldw@paginegialle.it', '2023-12-14 01:51:57', 'nastilldw', 'Nikkie Astill', 1);
insert into "user" (user_id, password, phone_number, email, join_date, username, display_name, status_id) values (502, 'kN3<C4CZ#@4', '942-654-4117', 'sraveaudx@umich.edu', '2023-04-21 22:32:22', 'sraveaudx', 'Sumner Raveau', 2);
insert into "user" (user_id, password, phone_number, email, join_date, username, display_name, status_id) values (503, 'dI1`8D$6qv', '135-487-7893', 'bjarmaindy@cloudflare.com', '2023-05-20 05:15:37', 'bjarmaindy', 'Brok Jarmain', 7);
insert into "user" (user_id, password, phone_number, email, join_date, username, display_name, status_id) values (504, 'aL0|rI9.', '381-328-9979', 'tmccolleydz@nba.com', '2023-12-14 21:04:19', 'tmccolleydz', 'Tory McColley', 3);
insert into "user" (user_id, password, phone_number, email, join_date, username, display_name, status_id) values (505, 'mW7!ZPV<?%a/SiZ', '721-252-5901', 'frenihane0@nsw.gov.au', '2024-01-04 10:29:10', 'frenihane0', 'Florry Renihan', 4);
insert into "user" (user_id, password, phone_number, email, join_date, username, display_name, status_id) values (506, 'pW6*{>i3D_', '114-768-3986', 'lbohline1@ow.ly', '2023-07-16 11:58:58', 'lbohline1', 'Lorenza Bohlin', 5);
insert into "user" (user_id, password, phone_number, email, join_date, username, display_name, status_id) values (507, 'zD7}kQ(PvJ', '906-506-5899', 'ceveralle2@bandcamp.com', '2024-03-01 13:25:33', 'ceveralle2', 'Corella Everall', 2);
insert into "user" (user_id, password, phone_number, email, join_date, username, display_name, status_id) values (508, 'lP5\1>$O>Y=3Sxt', '187-601-6973', 'wlee3@free.fr', '2023-10-04 00:03:30', 'wlee3', 'Westleigh Le Fevre', 1);
insert into "user" (user_id, password, phone_number, email, join_date, username, display_name, status_id) values (509, 'jL9#yM>{*AO1I', '484-967-3002', 'rsummerfielde4@imgur.com', '2023-09-09 23:36:23', 'rsummerfielde4', 'Reinold Summerfield', 3);
insert into "user" (user_id, password, phone_number, email, join_date, username, display_name, status_id) values (510, 'oU0>eFi3nP>/', '693-503-4273', 'cralestone5@lulu.com', '2023-05-03 16:43:29', 'cralestone5', 'Calida Raleston', 2);
insert into "user" (user_id, password, phone_number, email, join_date, username, display_name, status_id) values (511, 'mW3,3JsFQ<F%', '115-962-8038', 'vmccaige6@spotify.com', '2023-06-04 05:52:17', 'vmccaige6', 'Vi McCaig', 2);
insert into "user" (user_id, password, phone_number, email, join_date, username, display_name, status_id) values (512, 'hK2!ZbQFW', '839-374-1716', 'dloudene7@stumbleupon.com', '2024-03-15 21:20:45', 'dloudene7', 'Daron Louden', 5);
insert into "user" (user_id, password, phone_number, email, join_date, username, display_name, status_id) values (513, 'yL9}*Pv0''', '473-409-8669', 'mvasilyevskie8@businessinsider.com', '2023-11-06 11:19:08', 'mvasilyevskie8', 'Maudie Vasilyevski', 1);
insert into "user" (user_id, password, phone_number, email, join_date, username, display_name, status_id) values (514, 'gV9|B?psa/5Hv$\!', '385-312-4477', 'chearleye9@dion.ne.jp', '2024-01-30 17:59:41', 'chearleye9', 'Christoph Hearley', 7);
insert into "user" (user_id, password, phone_number, email, join_date, username, display_name, status_id) values (515, 'zG5"DSCKz', '607-551-2882', 'htweddellea@over-blog.com', '2023-09-18 07:47:59', 'htweddellea', 'Humfrid Tweddell', 3);
insert into "user" (user_id, password, phone_number, email, join_date, username, display_name, status_id) values (516, 'dS3".d8D<Hee', '821-718-8555', 'jlothlorieneb@smh.com.au', '2023-09-28 03:15:21', 'jlothlorieneb', 'Jayme Lothlorien', 2);
insert into "user" (user_id, password, phone_number, email, join_date, username, display_name, status_id) values (517, 'iT9>1!Dn(!"\', '390-654-8460', 'vnapoleoneec@addthis.com', '2023-09-02 07:43:18', 'vnapoleoneec', 'Vachel Napoleone', 4);
insert into "user" (user_id, password, phone_number, email, join_date, username, display_name, status_id) values (518, 'uR7{(H==qvSw|B', '385-355-6505', 'amacmorlanded@marketwatch.com', '2023-12-18 06:56:16', 'amacmorlanded', 'Alyda MacMorland', 6);
insert into "user" (user_id, password, phone_number, email, join_date, username, display_name, status_id) values (519, 'vV6)v\''2d1DP($i', '957-802-2286', 'tsedmanee@creativecommons.org', '2023-11-12 01:57:01', 'tsedmanee', 'Trisha Sedman', 2);
insert into "user" (user_id, password, phone_number, email, join_date, username, display_name, status_id) values (520, 'wN4&#!~+.|5N5s', '466-971-2959', 'ciianonef@reddit.com', '2023-07-31 21:23:18', 'ciianonef', 'Cary Iianon', 6);
insert into "user" (user_id, password, phone_number, email, join_date, username, display_name, status_id) values (521, 'dM6,~rW|V<al', '260-348-7422', 'ccavyeg@aboutads.info', '2023-05-29 11:52:53', 'ccavyeg', 'Cthrine Cavy', 4);
insert into "user" (user_id, password, phone_number, email, join_date, username, display_name, status_id) values (522, 'xN7!g$70jI>LQ_jy', '468-515-2817', 'dvaneh@blogs.com', '2023-09-04 13:01:53', 'dvaneh', 'Dalt Van der Veldt', 5);
insert into "user" (user_id, password, phone_number, email, join_date, username, display_name, status_id) values (523, 'mZ0~<l$Nu7Ho', '427-650-3118', 'pantcliffeei@intel.com', '2024-03-19 20:30:50', 'pantcliffeei', 'Patrick Antcliffe', 7);
insert into "user" (user_id, password, phone_number, email, join_date, username, display_name, status_id) values (524, 'dM4@|yp}A,', '684-482-1541', 'mfallaej@goodreads.com', '2023-10-27 18:40:10', 'mfallaej', 'Marieann Falla', 3);
insert into "user" (user_id, password, phone_number, email, join_date, username, display_name, status_id) values (525, 'qQ1\M&Kn)', '106-296-2667', 'esultanaek@newyorker.com', '2023-06-25 22:31:16', 'esultanaek', 'Emmet Sultana', 5);
insert into "user" (user_id, password, phone_number, email, join_date, username, display_name, status_id) values (526, 'sU7)n"/Sqv', '678-272-9244', 'lhousdenel@whitehouse.gov', '2023-07-02 21:34:19', 'lhousdenel', 'Liuka Housden', 5);
insert into "user" (user_id, password, phone_number, email, join_date, username, display_name, status_id) values (527, 'uF9|0U4lN''%o?0', '170-618-7636', 'fkingem@blogspot.com', '2023-12-11 22:10:56', 'fkingem', 'Fidole King', 5);
insert into "user" (user_id, password, phone_number, email, join_date, username, display_name, status_id) values (528, 'bG7\KDHn@UjY_)M%', '167-588-7918', 'gfoaten@ucoz.ru', '2023-06-02 14:17:47', 'gfoaten', 'Giulio Foat', 6);
insert into "user" (user_id, password, phone_number, email, join_date, username, display_name, status_id) values (529, 'gL1\.Cy"P`', '258-879-5278', 'jhaywortheo@census.gov', '2023-09-21 00:26:55', 'jhaywortheo', 'Jessalin Hayworth', 4);
insert into "user" (user_id, password, phone_number, email, join_date, username, display_name, status_id) values (530, 'zN0@7?<&k>', '105-691-5806', 'kwillshawep@msu.edu', '2024-04-03 06:09:19', 'kwillshawep', 'Kiley Willshaw', 4);
insert into "user" (user_id, password, phone_number, email, join_date, username, display_name, status_id) values (531, 'uS8_|bYuuY`VTSI', '512-548-5507', 'mbaynameq@soup.io', '2023-06-17 08:37:12', 'mbaynameq', 'Mab Baynam', 1);
insert into "user" (user_id, password, phone_number, email, join_date, username, display_name, status_id) values (532, 'tU2`|aMj%rs=F', '826-504-2461', 'irallser@alibaba.com', '2023-09-18 16:03:34', 'irallser', 'Ingrim Ralls', 3);
insert into "user" (user_id, password, phone_number, email, join_date, username, display_name, status_id) values (533, 'yP3{T8Pfdo}T"z1#', '749-683-8098', 'rashboltes@1688.com', '2023-09-20 04:22:58', 'rashboltes', 'Rubie Ashbolt', 2);
insert into "user" (user_id, password, phone_number, email, join_date, username, display_name, status_id) values (534, 'oT1_Z6tu)jM_riJ=', '215-298-3168', 'taddionisioet@digg.com', '2024-03-17 09:38:49', 'taddionisioet', 'Tiphanie Addionisio', 6);
insert into "user" (user_id, password, phone_number, email, join_date, username, display_name, status_id) values (535, 'wO2==+yA!y#', '146-228-2755', 'atiebeeu@istockphoto.com', '2023-06-12 13:16:08', 'atiebeeu', 'Anabal Tiebe', 3);
insert into "user" (user_id, password, phone_number, email, join_date, username, display_name, status_id) values (536, 'sT2/d&WsGO', '202-402-9212', 'mstreetfieldev@artisteer.com', '2023-11-20 10:51:54', 'mstreetfieldev', 'Miguel Streetfield', 3);
insert into "user" (user_id, password, phone_number, email, join_date, username, display_name, status_id) values (537, 'zA5&5xTP?eBID<T<', '953-671-2241', 'smedforthew@gravatar.com', '2023-11-08 02:00:37', 'smedforthew', 'Saxon Medforth', 4);
insert into "user" (user_id, password, phone_number, email, join_date, username, display_name, status_id) values (538, 'tA0}{>}"', '887-262-0210', 'pbevansex@theguardian.com', '2024-02-11 08:21:07', 'pbevansex', 'Pail Bevans', 1);
insert into "user" (user_id, password, phone_number, email, join_date, username, display_name, status_id) values (539, 'dU4!@EeSvL''n', '812-178-5690', 'sdronsfieldey@homestead.com', '2023-05-25 20:08:34', 'sdronsfieldey', 'Silvio Dronsfield', 5);
insert into "user" (user_id, password, phone_number, email, join_date, username, display_name, status_id) values (540, 'pW3`P)Z+~IV', '633-793-4431', 'mellerkerez@umich.edu', '2023-07-25 07:02:16', 'mellerkerez', 'Micaela Ellerker', 7);
insert into "user" (user_id, password, phone_number, email, join_date, username, display_name, status_id) values (541, 'vE3(/(m=jV', '900-230-5656', 'psticklesf0@list-manage.com', '2023-04-27 09:19:36', 'psticklesf0', 'Paxon Stickles', 4);
insert into "user" (user_id, password, phone_number, email, join_date, username, display_name, status_id) values (542, 'oD2!sUCI$RZf', '170-550-3521', 'vtregunnaf1@adobe.com', '2024-02-19 11:05:35', 'vtregunnaf1', 'Victoir Tregunna', 5);
insert into "user" (user_id, password, phone_number, email, join_date, username, display_name, status_id) values (543, 'wC6.8E7hO', '427-255-5945', 'mdunkleef2@t-online.de', '2023-11-01 20:59:26', 'mdunkleef2', 'Maudie Dunklee', 2);
insert into "user" (user_id, password, phone_number, email, join_date, username, display_name, status_id) values (544, 'aR0!vKBXm)(VILd', '758-286-9459', 'clowef3@paginegialle.it', '2024-01-17 06:38:06', 'clowef3', 'Cariotta Lowe', 4);
insert into "user" (user_id, password, phone_number, email, join_date, username, display_name, status_id) values (545, 'wL8''K4+/|4FN', '872-355-3298', 'hbanaszczykf4@engadget.com', '2023-08-30 09:24:43', 'hbanaszczykf4', 'Hali Banaszczyk', 2);
insert into "user" (user_id, password, phone_number, email, join_date, username, display_name, status_id) values (546, 'tQ2\7h(7`o', '549-944-6141', 'lmacfadinf5@seattletimes.com', '2023-08-30 22:52:17', 'lmacfadinf5', 'Lishe MacFadin', 3);
insert into "user" (user_id, password, phone_number, email, join_date, username, display_name, status_id) values (547, 'lJ7&lI~mGAh', '748-628-6689', 'wgarcesf6@auda.org.au', '2023-07-18 12:53:41', 'wgarcesf6', 'Waverly Garces', 1);
insert into "user" (user_id, password, phone_number, email, join_date, username, display_name, status_id) values (548, 'yN3*RC\/6hb!J', '152-713-9291', 'emossdalef7@ox.ac.uk', '2023-11-10 04:01:09', 'emossdalef7', 'Elaina Mossdale', 6);
insert into "user" (user_id, password, phone_number, email, join_date, username, display_name, status_id) values (549, 'jW5/8O=!~DEm|!A}', '440-719-6122', 'wsommerscalesf8@toplist.cz', '2023-09-04 08:47:17', 'wsommerscalesf8', 'Wilona Sommerscales', 4);
insert into "user" (user_id, password, phone_number, email, join_date, username, display_name, status_id) values (550, 'pE5{s*@k&yVy8#S', '271-122-8876', 'ltucknuttf9@google.fr', '2023-10-31 19:34:49', 'ltucknuttf9', 'Leon Tucknutt', 1);
insert into "user" (user_id, password, phone_number, email, join_date, username, display_name, status_id) values (551, 'vH5{*NFB', '535-459-8252', 'kmeijerfa@wisc.edu', '2023-05-21 09:48:06', 'kmeijerfa', 'Kaja Meijer', 4);
insert into "user" (user_id, password, phone_number, email, join_date, username, display_name, status_id) values (552, 'vI6!s{(?v&XRx9KG', '146-882-6324', 'ccalverfb@wisc.edu', '2024-03-09 08:28:32', 'ccalverfb', 'Courtnay Calver', 7);
insert into "user" (user_id, password, phone_number, email, join_date, username, display_name, status_id) values (553, 'xT8+9r}ck', '100-412-0931', 'ijudenfc@nature.com', '2023-05-09 12:54:19', 'ijudenfc', 'Imogene Juden', 5);
insert into "user" (user_id, password, phone_number, email, join_date, username, display_name, status_id) values (554, 'eJ2=RhQ#I&K', '953-901-7188', 'gdinningtonfd@kickstarter.com', '2023-08-16 14:28:21', 'gdinningtonfd', 'Glen Dinnington', 6);
insert into "user" (user_id, password, phone_number, email, join_date, username, display_name, status_id) values (555, 'hL1(}Qd`Oz8D', '691-480-5497', 'bdeavillefe@eepurl.com', '2023-04-25 08:10:46', 'bdeavillefe', 'Brooks Deaville', 6);
insert into "user" (user_id, password, phone_number, email, join_date, username, display_name, status_id) values (556, 'xF0@f2X7.5', '363-108-9540', 'mwaslinff@google.nl', '2023-11-17 15:19:53', 'mwaslinff', 'Mischa Waslin', 4);
insert into "user" (user_id, password, phone_number, email, join_date, username, display_name, status_id) values (557, 'aW0>GQV`FP4t', '341-604-7946', 'sbucherfg@is.gd', '2024-01-16 11:19:45', 'sbucherfg', 'Shelly Bucher', 4);
insert into "user" (user_id, password, phone_number, email, join_date, username, display_name, status_id) values (558, 'rF2!?X}r0J?Sf@2i', '540-442-6453', 'mhucksteppfh@youtube.com', '2024-04-14 01:09:29', 'mhucksteppfh', 'Montgomery Huckstepp', 6);
insert into "user" (user_id, password, phone_number, email, join_date, username, display_name, status_id) values (559, 'yV7,40&O', '221-361-5607', 'sbunklefi@marriott.com', '2023-12-29 02:01:32', 'sbunklefi', 'Stanly Bunkle', 2);
insert into "user" (user_id, password, phone_number, email, join_date, username, display_name, status_id) values (560, 'hW0~7Y~"wQ5', '297-348-3080', 'cjerkefj@cdc.gov', '2023-12-31 13:26:16', 'cjerkefj', 'Cinnamon Jerke', 1);
insert into "user" (user_id, password, phone_number, email, join_date, username, display_name, status_id) values (561, 'dH2$i9fZpYJm~"ac', '774-372-5902', 'ksimonettifk@ifeng.com', '2023-12-27 08:50:03', 'ksimonettifk', 'Kerri Simonetti', 5);
insert into "user" (user_id, password, phone_number, email, join_date, username, display_name, status_id) values (562, 'fM9`x!CjsjlAEz9', '732-479-1028', 'cmoranfl@geocities.com', '2023-07-27 04:01:14', 'cmoranfl', 'Chuck Moran', 5);
insert into "user" (user_id, password, phone_number, email, join_date, username, display_name, status_id) values (563, 'kQ3/''h+bK|vmDD', '456-895-0321', 'rspikinsfm@networkadvertising.org', '2023-04-21 02:50:37', 'rspikinsfm', 'Rica Spikins', 4);
insert into "user" (user_id, password, phone_number, email, join_date, username, display_name, status_id) values (564, 'tH3}ksTS,', '756-581-7047', 'mhastefn@vk.com', '2023-09-19 18:57:08', 'mhastefn', 'Minetta Haste', 7);
insert into "user" (user_id, password, phone_number, email, join_date, username, display_name, status_id) values (565, 'oI0/pAV8,Q$MaG', '711-259-4284', 'epettegreefo@godaddy.com', '2023-12-25 23:19:32', 'epettegreefo', 'Elvis Pettegree', 6);
insert into "user" (user_id, password, phone_number, email, join_date, username, display_name, status_id) values (566, 'xO8##M2o', '154-304-4057', 'hdresserfp@multiply.com', '2024-01-16 04:47:41', 'hdresserfp', 'Humphrey Dresser', 6);
insert into "user" (user_id, password, phone_number, email, join_date, username, display_name, status_id) values (567, 'yD9!k*6pUY9', '514-402-8909', 'cfortnumfq@cnbc.com', '2023-05-17 08:54:05', 'cfortnumfq', 'Corabel Fortnum', 2);
insert into "user" (user_id, password, phone_number, email, join_date, username, display_name, status_id) values (568, 'qS4*!WV{r''U', '527-487-9407', 'pgreschkefr@arizona.edu', '2023-11-18 19:20:36', 'pgreschkefr', 'Percy Greschke', 7);
insert into "user" (user_id, password, phone_number, email, join_date, username, display_name, status_id) values (569, 'hR3$j.#$D7C', '871-494-5738', 'equereefs@wikia.com', '2023-08-29 08:38:36', 'equereefs', 'Elva Queree', 5);
insert into "user" (user_id, password, phone_number, email, join_date, username, display_name, status_id) values (570, 'qT2\9qVVS8', '619-292-6246', 'tbauduinft@exblog.jp', '2023-11-21 08:50:27', 'tbauduinft', 'Tito Bauduin', 6);
insert into "user" (user_id, password, phone_number, email, join_date, username, display_name, status_id) values (571, 'xP4="=''Ix{K/!', '106-448-7614', 'alocksfu@imdb.com', '2023-06-24 17:34:59', 'alocksfu', 'Andonis Locks', 6);
insert into "user" (user_id, password, phone_number, email, join_date, username, display_name, status_id) values (572, 'mX8}''Ff.k', '159-820-2456', 'cfrancombefv@ox.ac.uk', '2024-01-04 13:15:57', 'cfrancombefv', 'Christophorus Francombe', 3);
insert into "user" (user_id, password, phone_number, email, join_date, username, display_name, status_id) values (573, 'fV2=RC!_KP\*jZ5j', '239-228-1398', 'jtutchellfw@pcworld.com', '2023-12-04 23:37:16', 'jtutchellfw', 'Jorey Tutchell', 2);
insert into "user" (user_id, password, phone_number, email, join_date, username, display_name, status_id) values (574, 'hO5!7!dLB7Q{', '912-293-9804', 'lgebbyfx@adobe.com', '2023-10-28 08:53:23', 'lgebbyfx', 'Lucine Gebby', 2);
insert into "user" (user_id, password, phone_number, email, join_date, username, display_name, status_id) values (575, 'cY5$ZYPS`0y5e>', '746-835-1991', 'kmcmillanfy@nps.gov', '2023-07-01 16:57:25', 'kmcmillanfy', 'Kally McMillan', 3);
insert into "user" (user_id, password, phone_number, email, join_date, username, display_name, status_id) values (576, 'nH6$w_MlaAf', '315-831-9308', 'bmckendryfz@ca.gov', '2024-01-15 21:24:18', 'bmckendryfz', 'Basil McKendry', 4);
insert into "user" (user_id, password, phone_number, email, join_date, username, display_name, status_id) values (577, 'hU6@)DFgG<mcFYYV', '128-542-5368', 'ishoweringg0@hc360.com', '2023-11-18 21:02:02', 'ishoweringg0', 'Ilse Showering', 3);
insert into "user" (user_id, password, phone_number, email, join_date, username, display_name, status_id) values (578, 'vY6~%2F#@/j', '898-915-6910', 'ldiggerg1@scribd.com', '2024-02-15 03:31:46', 'ldiggerg1', 'Lara Digger', 7);
insert into "user" (user_id, password, phone_number, email, join_date, username, display_name, status_id) values (579, 'jJ4%L}sj)/L@D', '595-793-1921', 'dshipwayg2@unicef.org', '2024-04-09 02:40:00', 'dshipwayg2', 'Demetre Shipway', 7);
insert into "user" (user_id, password, phone_number, email, join_date, username, display_name, status_id) values (580, 'rV2>cRr=`yp&Z4%', '388-196-6664', 'tmatyasikg3@washingtonpost.com', '2024-02-05 21:48:36', 'tmatyasikg3', 'Trude Matyasik', 6);
insert into "user" (user_id, password, phone_number, email, join_date, username, display_name, status_id) values (581, 'jU8~W/i2%V)HF', '696-217-5737', 'peouzang4@nationalgeographic.com', '2023-11-11 17:37:26', 'peouzang4', 'Paulo Eouzan', 6);
insert into "user" (user_id, password, phone_number, email, join_date, username, display_name, status_id) values (582, 'mB9*4!3g<4F(lcl#', '168-215-9167', 'askidmoreg5@nature.com', '2023-08-24 07:47:54', 'askidmoreg5', 'Arlen Skidmore', 5);
insert into "user" (user_id, password, phone_number, email, join_date, username, display_name, status_id) values (583, 'zJ3*X6cynYx', '496-237-9939', 'ekingescotg6@apple.com', '2023-09-08 09:06:03', 'ekingescotg6', 'Ellwood Kingescot', 1);
insert into "user" (user_id, password, phone_number, email, join_date, username, display_name, status_id) values (584, 'yN6}J}1}y.%G\', '489-853-2676', 'nwayong7@blog.com', '2023-05-24 12:46:02', 'nwayong7', 'Nealson Wayon', 3);
insert into "user" (user_id, password, phone_number, email, join_date, username, display_name, status_id) values (585, 'mK1=Ae`eFYC=`/Y', '228-882-0905', 'xtrinerg8@nbcnews.com', '2023-04-21 20:05:52', 'xtrinerg8', 'Xena Triner', 5);
insert into "user" (user_id, password, phone_number, email, join_date, username, display_name, status_id) values (586, 'sC7%Hu\8c3Sh{`AI', '404-778-4061', 'mtinkerg9@biglobe.ne.jp', '2024-03-06 20:35:12', 'mtinkerg9', 'Mercedes Tinker', 7);
insert into "user" (user_id, password, phone_number, email, join_date, username, display_name, status_id) values (587, 'uJ9!i,&''Sb`', '109-728-7698', 'alelievrega@nps.gov', '2023-09-18 20:26:22', 'alelievrega', 'Alisha Lelievre', 6);
insert into "user" (user_id, password, phone_number, email, join_date, username, display_name, status_id) values (588, 'dI8%LI3?', '581-896-4177', 'mcurdsgb@canalblog.com', '2024-04-14 16:55:26', 'mcurdsgb', 'Maurizio Curds', 6);
insert into "user" (user_id, password, phone_number, email, join_date, username, display_name, status_id) values (589, 'wW0%\/eA', '915-552-7771', 'mvermangc@shinystat.com', '2023-12-29 02:23:16', 'mvermangc', 'Malinde Verman', 7);
insert into "user" (user_id, password, phone_number, email, join_date, username, display_name, status_id) values (590, 'oU1.lr}O\\vk', '736-232-2419', 'cbusfieldgd@nps.gov', '2024-03-05 09:41:43', 'cbusfieldgd', 'Cami Busfield', 7);
insert into "user" (user_id, password, phone_number, email, join_date, username, display_name, status_id) values (591, 'dM1&%%("Yes', '509-935-0253', 'cimlachge@marketwatch.com', '2023-12-21 15:17:36', 'cimlachge', 'Caril Imlach', 7);
insert into "user" (user_id, password, phone_number, email, join_date, username, display_name, status_id) values (592, 'xK4)U5{Fut,@k+8Q', '177-901-4877', 'amenendezgf@weebly.com', '2024-02-02 02:15:47', 'amenendezgf', 'Arv Menendez', 5);
insert into "user" (user_id, password, phone_number, email, join_date, username, display_name, status_id) values (593, 'kH2|F23{1R8q@Q,', '985-416-7639', 'bpolgg@gizmodo.com', '2023-08-09 04:18:49', 'bpolgg', 'Brody Pol', 5);
insert into "user" (user_id, password, phone_number, email, join_date, username, display_name, status_id) values (594, 'dC5}X52pK_', '742-882-9854', 'jhallgalleygh@stanford.edu', '2023-07-01 20:49:25', 'jhallgalleygh', 'Janessa Hallgalley', 1);
insert into "user" (user_id, password, phone_number, email, join_date, username, display_name, status_id) values (595, 'yM9|Wx}K"v>jO>n', '308-303-3371', 'vclemongi@ebay.com', '2024-01-09 14:57:28', 'vclemongi', 'Verile Clemon', 4);
insert into "user" (user_id, password, phone_number, email, join_date, username, display_name, status_id) values (596, 'iS4?&BFn`yRY1l+', '827-113-2748', 'dlarngj@intel.com', '2023-11-17 09:28:46', 'dlarngj', 'Donelle Larn', 6);
insert into "user" (user_id, password, phone_number, email, join_date, username, display_name, status_id) values (597, 'pL7"!tE2Ce`x\dT>', '428-794-2954', 'losheagk@nba.com', '2024-03-13 19:57:42', 'losheagk', 'Layne O''Shea', 6);
insert into "user" (user_id, password, phone_number, email, join_date, username, display_name, status_id) values (598, 'dK9}4G(mO35>\#KG', '380-828-6227', 'gbrustergl@illinois.edu', '2023-07-30 10:59:19', 'gbrustergl', 'Gray Bruster', 6);
insert into "user" (user_id, password, phone_number, email, join_date, username, display_name, status_id) values (599, 'cQ9.A7aQ', '441-254-1101', 'ghalleygm@nih.gov', '2023-10-06 09:14:15', 'ghalleygm', 'Georgine Halley', 6);
insert into "user" (user_id, password, phone_number, email, join_date, username, display_name, status_id) values (600, 'pI1}T"Ds$ZzC', '404-600-5774', 'cbenziegn@theguardian.com', '2023-09-25 02:09:50', 'cbenziegn', 'Clarinda Benzie', 4);
insert into "user" (user_id, password, phone_number, email, join_date, username, display_name, status_id) values (601, 'oH3''_BD8', '841-648-9710', 'lwilborgo@instagram.com', '2024-01-09 08:51:55', 'lwilborgo', 'Loreen Wilbor', 1);
insert into "user" (user_id, password, phone_number, email, join_date, username, display_name, status_id) values (602, 'oU2`6_GeBzamw', '287-961-3917', 'gbeldumgp@ebay.com', '2023-10-11 04:38:13', 'gbeldumgp', 'Gayel Beldum', 6);
insert into "user" (user_id, password, phone_number, email, join_date, username, display_name, status_id) values (603, 'hF9{OpLS,iQ', '132-714-9651', 'deberdtgq@surveymonkey.com', '2024-03-24 08:15:43', 'deberdtgq', 'Dniren Eberdt', 6);
insert into "user" (user_id, password, phone_number, email, join_date, username, display_name, status_id) values (604, 'hQ5_F,9jeE', '381-756-9728', 'egriffittsgr@lulu.com', '2024-04-10 17:18:22', 'egriffittsgr', 'Evangelin Griffitts', 5);
insert into "user" (user_id, password, phone_number, email, join_date, username, display_name, status_id) values (605, 'zR9~{''"**T=+Ai8', '893-279-6569', 'eexelbygs@woothemes.com', '2024-03-17 00:26:31', 'eexelbygs', 'Elias Exelby', 7);
insert into "user" (user_id, password, phone_number, email, join_date, username, display_name, status_id) values (606, 'bF7(|0`3', '504-217-1563', 'wstaddomgt@hc360.com', '2023-09-15 12:00:05', 'wstaddomgt', 'Wanda Staddom', 3);
insert into "user" (user_id, password, phone_number, email, join_date, username, display_name, status_id) values (607, 'fH4~jf*1Y5?}uA', '665-945-9582', 'sschowenburggu@state.gov', '2024-02-04 09:42:44', 'sschowenburggu', 'Stillman Schowenburg', 4);
insert into "user" (user_id, password, phone_number, email, join_date, username, display_name, status_id) values (608, 'bQ2<k`yC', '549-845-7081', 'mbackshellgv@vistaprint.com', '2023-11-14 09:49:19', 'mbackshellgv', 'Myrta Backshell', 2);
insert into "user" (user_id, password, phone_number, email, join_date, username, display_name, status_id) values (609, 'oL1.un5EKgW>n', '219-164-8851', 'sglassardgw@moonfruit.com', '2024-02-22 01:26:52', 'sglassardgw', 'Sancho Glassard', 2);
insert into "user" (user_id, password, phone_number, email, join_date, username, display_name, status_id) values (610, 'lQ8$hG~Y))lk0', '739-931-1175', 'lhuggangx@xing.com', '2023-11-01 18:03:25', 'lhuggangx', 'Lorry Huggan', 3);
insert into "user" (user_id, password, phone_number, email, join_date, username, display_name, status_id) values (611, 'hP7,5*pd3Q', '157-457-8851', 'sdewsnapgy@microsoft.com', '2023-05-20 02:57:38', 'sdewsnapgy', 'Storm Dewsnap', 1);
insert into "user" (user_id, password, phone_number, email, join_date, username, display_name, status_id) values (612, 'gR0~6Lp11!_husg', '141-584-9652', 'mivattgz@alibaba.com', '2023-07-31 20:45:13', 'mivattgz', 'Misha Ivatt', 3);
insert into "user" (user_id, password, phone_number, email, join_date, username, display_name, status_id) values (613, 'kW4.dSxelIfW_*', '775-134-4577', 'cfrounksh0@ftc.gov', '2023-08-14 05:14:28', 'cfrounksh0', 'Cthrine Frounks', 6);
insert into "user" (user_id, password, phone_number, email, join_date, username, display_name, status_id) values (614, 'iV6''uCg&am3{%', '655-288-1675', 'tpawelskih1@mashable.com', '2024-03-25 13:03:34', 'tpawelskih1', 'Thebault Pawelski', 5);
insert into "user" (user_id, password, phone_number, email, join_date, username, display_name, status_id) values (615, 'cM7+a{x!K=!', '349-532-6121', 'ttimothyh2@nhs.uk', '2023-08-07 05:48:18', 'ttimothyh2', 'Terri Timothy', 3);
insert into "user" (user_id, password, phone_number, email, join_date, username, display_name, status_id) values (616, 'hS0/yy/wK#u\', '153-122-0227', 'bspurierh3@gizmodo.com', '2023-07-26 14:26:58', 'bspurierh3', 'Becki Spurier', 4);
insert into "user" (user_id, password, phone_number, email, join_date, username, display_name, status_id) values (617, 'vM8_3rK2', '304-751-0928', 'etenbrugh4@gov.uk', '2023-12-12 08:29:27', 'etenbrugh4', 'Emmit Tenbrug', 7);
insert into "user" (user_id, password, phone_number, email, join_date, username, display_name, status_id) values (618, 'hL0(bh,p', '107-669-7562', 'jkettlesingh5@moonfruit.com', '2024-03-07 13:44:19', 'jkettlesingh5', 'Julia Kettlesing', 3);
insert into "user" (user_id, password, phone_number, email, join_date, username, display_name, status_id) values (619, 'sI5<?A!m@A0O', '815-783-2982', 'hwalshamh6@sohu.com', '2023-10-01 17:36:16', 'hwalshamh6', 'Hatti Walsham', 3);
insert into "user" (user_id, password, phone_number, email, join_date, username, display_name, status_id) values (620, 'dN8.6aOgPi''', '296-641-2952', 'cbergstramh7@nature.com', '2024-02-03 08:33:33', 'cbergstramh7', 'Chelsy Bergstram', 2);
insert into "user" (user_id, password, phone_number, email, join_date, username, display_name, status_id) values (621, 'oN5<zW#UUjvD\Z', '240-866-0701', 'cbecerroh8@paypal.com', '2024-03-28 23:24:35', 'cbecerroh8', 'Candide Becerro', 6);
insert into "user" (user_id, password, phone_number, email, join_date, username, display_name, status_id) values (622, 'zC2(!RhH0dZ.5ML', '597-201-9696', 'pinceh9@imdb.com', '2023-09-27 10:49:29', 'pinceh9', 'Penelope Ince', 5);
insert into "user" (user_id, password, phone_number, email, join_date, username, display_name, status_id) values (623, 'nZ6\+f{&mb', '281-446-0126', 'uroadnightha@tinyurl.com', '2023-08-12 05:55:54', 'uroadnightha', 'Ulises Roadnight', 4);
insert into "user" (user_id, password, phone_number, email, join_date, username, display_name, status_id) values (624, 'cK3`/~WK?~JJ', '562-202-5651', 'ekemblehb@cornell.edu', '2023-08-07 20:25:45', 'ekemblehb', 'Eleanor Kemble', 7);
insert into "user" (user_id, password, phone_number, email, join_date, username, display_name, status_id) values (625, 'hN1''/<24#i|0Pk', '106-658-7951', 'afallanchehc@wikispaces.com', '2023-12-05 09:02:30', 'afallanchehc', 'Aubree Fallanche', 2);
insert into "user" (user_id, password, phone_number, email, join_date, username, display_name, status_id) values (626, 'xI7/Nvp`(', '238-848-7227', 'ahazeleyhd@yahoo.com', '2023-10-04 04:10:11', 'ahazeleyhd', 'Audrie Hazeley', 5);
insert into "user" (user_id, password, phone_number, email, join_date, username, display_name, status_id) values (627, 'qR7/U,d`a', '713-336-6174', 'kpearchhe@bbc.co.uk', '2023-12-15 03:22:34', 'kpearchhe', 'Kahaleel Pearch', 5);
insert into "user" (user_id, password, phone_number, email, join_date, username, display_name, status_id) values (628, 'oD6*a#"AL_', '110-833-6619', 'psnowdinghf@163.com', '2023-10-24 03:21:27', 'psnowdinghf', 'Piotr Snowding', 3);
insert into "user" (user_id, password, phone_number, email, join_date, username, display_name, status_id) values (629, 'mB9=q>d=*(', '929-134-1321', 'dmurthwaitehg@163.com', '2023-10-05 03:12:38', 'dmurthwaitehg', 'Dorthy Murthwaite', 2);
insert into "user" (user_id, password, phone_number, email, join_date, username, display_name, status_id) values (630, 'bX0`Kg!PYO', '697-260-5134', 'bgreedierhh@friendfeed.com', '2023-10-30 21:45:29', 'bgreedierhh', 'Bax Greedier', 1);
insert into "user" (user_id, password, phone_number, email, join_date, username, display_name, status_id) values (631, 'oI0#h\6vR', '653-267-1345', 'amackellenhi@opera.com', '2023-11-08 11:41:59', 'amackellenhi', 'Abran MacKellen', 2);
insert into "user" (user_id, password, phone_number, email, join_date, username, display_name, status_id) values (632, 'wI9&8?Bm=', '565-823-6538', 'dwatlinghj@ucoz.com', '2023-09-28 07:19:04', 'dwatlinghj', 'Dasi Watling', 5);
insert into "user" (user_id, password, phone_number, email, join_date, username, display_name, status_id) values (633, 'tI7~E&.tgv', '646-543-2587', 'lcamoyshk@timesonline.co.uk', '2023-06-16 17:47:18', 'lcamoyshk', 'Lexi Camoys', 4);
insert into "user" (user_id, password, phone_number, email, join_date, username, display_name, status_id) values (634, 'iD3,eVzh?tU0S92z', '523-623-8799', 'mselleyhl@globo.com', '2023-09-13 10:03:08', 'mselleyhl', 'Monti Selley', 6);
insert into "user" (user_id, password, phone_number, email, join_date, username, display_name, status_id) values (635, 'zP4}ZM+YsS+<', '290-124-4221', 'ebottomshm@last.fm', '2023-06-07 08:28:47', 'ebottomshm', 'Eldin Bottoms', 7);
insert into "user" (user_id, password, phone_number, email, join_date, username, display_name, status_id) values (636, 'kN3>+)LE', '550-481-2327', 'vcroshawhn@washington.edu', '2023-05-13 18:36:44', 'vcroshawhn', 'Vanny Croshaw', 1);
insert into "user" (user_id, password, phone_number, email, join_date, username, display_name, status_id) values (637, 'bK0.I?Vl', '712-820-4677', 'mforseithho@mozilla.com', '2023-10-10 21:20:40', 'mforseithho', 'Melloney Forseith', 6);
insert into "user" (user_id, password, phone_number, email, join_date, username, display_name, status_id) values (638, 'nG1`.cg%', '859-998-3868', 'egreendalehp@fda.gov', '2023-07-20 22:24:56', 'egreendalehp', 'Ebonee Greendale', 2);
insert into "user" (user_id, password, phone_number, email, join_date, username, display_name, status_id) values (639, 'dX8##di"dX0w', '376-590-2261', 'amcandrewhq@ebay.com', '2023-12-21 05:19:01', 'amcandrewhq', 'Amabelle McAndrew', 7);
insert into "user" (user_id, password, phone_number, email, join_date, username, display_name, status_id) values (640, 'cS9",73NsmJeiNN', '218-792-8005', 'ptorveyhr@seattletimes.com', '2023-05-11 17:18:05', 'ptorveyhr', 'Patsy Torvey', 2);
insert into "user" (user_id, password, phone_number, email, join_date, username, display_name, status_id) values (641, 'dJ6#`x|Rd%)W#ZA>', '149-341-5942', 'imellsophs@google.de', '2023-08-31 00:15:07', 'imellsophs', 'Isabella Mellsop', 2);
insert into "user" (user_id, password, phone_number, email, join_date, username, display_name, status_id) values (642, 'xS7>2`*|\%', '353-111-9706', 'mmcgivenaht@mediafire.com', '2024-01-11 14:44:05', 'mmcgivenaht', 'Megen McGivena', 5);
insert into "user" (user_id, password, phone_number, email, join_date, username, display_name, status_id) values (643, 'gU6!TO0LC.#', '462-634-0209', 'rstonardhu@oracle.com', '2024-03-06 21:10:25', 'rstonardhu', 'Rawley Stonard', 4);
insert into "user" (user_id, password, phone_number, email, join_date, username, display_name, status_id) values (644, 'nB7?W>3h1|v28', '790-525-3547', 'ylethbyhv@51.la', '2023-08-31 18:28:22', 'ylethbyhv', 'Yancey Lethby', 7);
insert into "user" (user_id, password, phone_number, email, join_date, username, display_name, status_id) values (645, 'iG1>I?6m*&H', '679-159-4035', 'cindhw@example.com', '2024-01-31 13:43:36', 'cindhw', 'Cecil Ind', 7);
insert into "user" (user_id, password, phone_number, email, join_date, username, display_name, status_id) values (646, 'jN9.KDu/!`&7k=?d', '573-312-5220', 'blaurenzhx@joomla.org', '2024-02-27 05:47:54', 'blaurenzhx', 'Berk Laurenz', 6);
insert into "user" (user_id, password, phone_number, email, join_date, username, display_name, status_id) values (647, 'xI3}D2t%IoHx@0LP', '789-700-2307', 'nmuckleyhy@xrea.com', '2024-03-18 13:00:32', 'nmuckleyhy', 'Nara Muckley', 2);
insert into "user" (user_id, password, phone_number, email, join_date, username, display_name, status_id) values (648, 'xL5,HJBrUs0`G*de', '322-716-1123', 'mveschambeshz@dot.gov', '2023-06-22 14:30:10', 'mveschambeshz', 'Michelina Veschambes', 4);
insert into "user" (user_id, password, phone_number, email, join_date, username, display_name, status_id) values (649, 'xP9$?\i7T', '549-926-5213', 'vbeddisi0@constantcontact.com', '2023-09-24 17:23:59', 'vbeddisi0', 'Vince Beddis', 2);
insert into "user" (user_id, password, phone_number, email, join_date, username, display_name, status_id) values (650, 'bF2@#&vJ_Lm', '988-595-8494', 'pwoodfordi1@tmall.com', '2023-09-03 23:49:32', 'pwoodfordi1', 'Pepita Woodford', 3);
insert into "user" (user_id, password, phone_number, email, join_date, username, display_name, status_id) values (651, 'jG1&~{Bs''$@eQ<.R', '959-841-9274', 'dbaumeri2@imdb.com', '2023-07-13 18:10:46', 'dbaumeri2', 'Dotti Baumer', 3);
insert into "user" (user_id, password, phone_number, email, join_date, username, display_name, status_id) values (652, 'aR4(7pJoE}*Yjn|', '802-528-8972', 'tpellingi3@youtu.be', '2023-07-01 18:24:23', 'tpellingi3', 'Tiffany Pelling', 3);
insert into "user" (user_id, password, phone_number, email, join_date, username, display_name, status_id) values (653, 'eJ3*''''dpv#', '417-718-0380', 'dcrennelli4@ox.ac.uk', '2023-07-15 16:13:46', 'dcrennelli4', 'Drugi Crennell', 1);
insert into "user" (user_id, password, phone_number, email, join_date, username, display_name, status_id) values (654, 'dZ4*CM.U', '918-856-2424', 'gjochananyi5@wix.com', '2023-10-06 21:39:11', 'gjochananyi5', 'Garrett Jochanany', 1);
insert into "user" (user_id, password, phone_number, email, join_date, username, display_name, status_id) values (655, 'nE6.oGkO8o*D', '767-966-8267', 'blebandi6@pen.io', '2024-02-14 15:11:32', 'blebandi6', 'Bo Leband', 5);
insert into "user" (user_id, password, phone_number, email, join_date, username, display_name, status_id) values (656, 'gU5!b%g=9B|', '475-915-7834', 'eleveei7@arstechnica.com', '2023-06-26 12:04:46', 'eleveei7', 'Ettie Levee', 6);
insert into "user" (user_id, password, phone_number, email, join_date, username, display_name, status_id) values (657, 'cJ1{2%CNlE', '188-539-1208', 'tkubatschi8@canalblog.com', '2023-07-25 14:20:28', 'tkubatschi8', 'Terri Kubatsch', 3);
insert into "user" (user_id, password, phone_number, email, join_date, username, display_name, status_id) values (658, 'rB0|u%epE_UAM', '101-786-6305', 'tfarressi9@weibo.com', '2024-04-09 07:57:28', 'tfarressi9', 'Tanitansy Farress', 2);
insert into "user" (user_id, password, phone_number, email, join_date, username, display_name, status_id) values (659, 'aP7(TO,}', '102-296-7892', 'ddulsonia@senate.gov', '2023-04-25 04:19:50', 'ddulsonia', 'Dannel Dulson', 6);
insert into "user" (user_id, password, phone_number, email, join_date, username, display_name, status_id) values (660, 'dJ2}zhOa2Y{', '113-182-9891', 'gwintib@columbia.edu', '2023-05-08 02:50:54', 'gwintib', 'Gweneth Wint', 5);
insert into "user" (user_id, password, phone_number, email, join_date, username, display_name, status_id) values (661, 'pZ8&P.=yw)wBsD', '720-955-1140', 'bgilpillanic@parallels.com', '2023-09-06 17:12:04', 'bgilpillanic', 'Bear Gilpillan', 4);
insert into "user" (user_id, password, phone_number, email, join_date, username, display_name, status_id) values (662, 'tY7+Iw=x&QJs2', '604-983-7499', 'ebragancaid@yale.edu', '2023-06-20 22:41:24', 'ebragancaid', 'Enrico Braganca', 1);
insert into "user" (user_id, password, phone_number, email, join_date, username, display_name, status_id) values (663, 'mQ7`O&xi', '374-150-9139', 'aheffernanie@list-manage.com', '2023-10-07 22:22:29', 'aheffernanie', 'Angelica Heffernan', 6);
insert into "user" (user_id, password, phone_number, email, join_date, username, display_name, status_id) values (664, 'yF8%jYl#1"f@?i)', '106-162-8668', 'flingerif@princeton.edu', '2023-12-26 11:05:39', 'flingerif', 'Frederich Linger', 2);
insert into "user" (user_id, password, phone_number, email, join_date, username, display_name, status_id) values (665, 'iI9{zAig}3', '751-194-4977', 'gquartlyig@pen.io', '2023-07-10 09:00:09', 'gquartlyig', 'Gordan Quartly', 3);
insert into "user" (user_id, password, phone_number, email, join_date, username, display_name, status_id) values (666, 'yS3&<9aw|p9', '192-477-7476', 'jeastwellih@ustream.tv', '2023-05-14 16:17:20', 'jeastwellih', 'Jecho Eastwell', 1);
insert into "user" (user_id, password, phone_number, email, join_date, username, display_name, status_id) values (667, 'uW0"`&j"XbZw}6Of', '829-877-9726', 'lfonsoii@shop-pro.jp', '2023-10-13 00:38:52', 'lfonsoii', 'Lovell Fonso', 5);
insert into "user" (user_id, password, phone_number, email, join_date, username, display_name, status_id) values (668, 'uM1`d{,_g&w`q5Kt', '419-846-8020', 'slindenbergij@canalblog.com', '2023-06-08 04:47:00', 'slindenbergij', 'Sydelle Lindenberg', 1);
insert into "user" (user_id, password, phone_number, email, join_date, username, display_name, status_id) values (669, 'sF4=uH9LZ3|eB*`', '245-901-5990', 'rgoodlettik@360.cn', '2024-02-11 11:41:30', 'rgoodlettik', 'Randy Goodlett', 3);
insert into "user" (user_id, password, phone_number, email, join_date, username, display_name, status_id) values (670, 'bG8>is%fQI}*B%5{', '933-114-3637', 'idownageil@dot.gov', '2024-03-31 23:17:04', 'idownageil', 'Ives Downage', 4);
insert into "user" (user_id, password, phone_number, email, join_date, username, display_name, status_id) values (671, 'oB6)NnzJ''A', '789-497-5470', 'dhaddickim@rambler.ru', '2023-09-06 03:20:42', 'dhaddickim', 'Debbie Haddick', 5);
insert into "user" (user_id, password, phone_number, email, join_date, username, display_name, status_id) values (672, 'sM8%hpq,6\', '877-317-8470', 'ltodhunterin@sohu.com', '2024-03-04 08:07:29', 'ltodhunterin', 'Laverna Todhunter', 7);
insert into "user" (user_id, password, phone_number, email, join_date, username, display_name, status_id) values (673, 'mF6#/hZtdKDFb@Jv', '368-241-0192', 'zdeio@nature.com', '2023-05-08 17:06:07', 'zdeio', 'Zilvia De Metz', 6);
insert into "user" (user_id, password, phone_number, email, join_date, username, display_name, status_id) values (674, 'zK3=3Zv9aY', '824-775-6577', 'jtrottip@craigslist.org', '2023-11-18 02:51:16', 'jtrottip', 'Joceline Trott', 1);
insert into "user" (user_id, password, phone_number, email, join_date, username, display_name, status_id) values (675, 'aR6,8JWr9fjpX%', '821-906-6311', 'amcgibboniq@shop-pro.jp', '2023-05-30 19:38:35', 'amcgibboniq', 'Augustus McGibbon', 4);
insert into "user" (user_id, password, phone_number, email, join_date, username, display_name, status_id) values (676, 'uH8<$4,%', '503-365-5637', 'kandrolettiir@cafepress.com', '2023-09-12 23:14:00', 'kandrolettiir', 'Karlan Androletti', 7);
insert into "user" (user_id, password, phone_number, email, join_date, username, display_name, status_id) values (677, 'mP0#1)$#|', '757-414-3682', 'pvialsis@friendfeed.com', '2023-04-25 17:47:38', 'pvialsis', 'Patience Vials', 1);
insert into "user" (user_id, password, phone_number, email, join_date, username, display_name, status_id) values (678, 'uI1#*{,L,4Ge', '281-804-0865', 'gbunnyit@cyberchimps.com', '2023-11-03 23:46:03', 'gbunnyit', 'Gerri Bunny', 3);
insert into "user" (user_id, password, phone_number, email, join_date, username, display_name, status_id) values (679, 'eI7#1>H*IfL=Nl', '351-658-1917', 'kpollendineiu@comsenz.com', '2024-01-16 05:18:54', 'kpollendineiu', 'Kriste Pollendine', 6);
insert into "user" (user_id, password, phone_number, email, join_date, username, display_name, status_id) values (680, 'pW3=K<q`CL.', '269-991-9326', 'gcarncrossiv@washingtonpost.com', '2023-10-02 16:25:16', 'gcarncrossiv', 'Georgie Carncross', 3);
insert into "user" (user_id, password, phone_number, email, join_date, username, display_name, status_id) values (681, 'hH7_%I,H4,', '251-637-1141', 'rsobeyiw@intel.com', '2023-11-18 18:47:17', 'rsobeyiw', 'Rolph Sobey', 6);
insert into "user" (user_id, password, phone_number, email, join_date, username, display_name, status_id) values (682, 'aI0=3P%#tR@KX', '655-546-6567', 'dhubbersteyix@bandcamp.com', '2023-06-09 21:24:05', 'dhubbersteyix', 'Davidde Hubberstey', 4);
insert into "user" (user_id, password, phone_number, email, join_date, username, display_name, status_id) values (683, 'vY1)5S3m`x?d', '736-573-5959', 'cskitchiy@bravesites.com', '2023-12-28 01:51:32', 'cskitchiy', 'Cindee Skitch', 6);
insert into "user" (user_id, password, phone_number, email, join_date, username, display_name, status_id) values (684, 'gN0<L<@7', '145-349-3940', 'cswanneiz@ocn.ne.jp', '2024-02-06 05:18:43', 'cswanneiz', 'Crichton Swanne', 4);
insert into "user" (user_id, password, phone_number, email, join_date, username, display_name, status_id) values (685, 'pM7_<*4Jg', '315-816-7801', 'cboltwoodj0@mashable.com', '2024-03-19 17:47:05', 'cboltwoodj0', 'Celine Boltwood', 1);
insert into "user" (user_id, password, phone_number, email, join_date, username, display_name, status_id) values (686, 'uJ7)6zX%H!"w0&ev', '890-737-8174', 'joclearyj1@scientificamerican.com', '2023-05-04 18:33:11', 'joclearyj1', 'Jasmine O''Cleary', 4);
insert into "user" (user_id, password, phone_number, email, join_date, username, display_name, status_id) values (687, 'tG9~q#4u+dQ', '724-825-6791', 'bliptrodj2@mtv.com', '2024-02-12 05:01:11', 'bliptrodj2', 'Brnaba Liptrod', 2);
insert into "user" (user_id, password, phone_number, email, join_date, username, display_name, status_id) values (688, 'qR8=%ev0/', '648-606-4001', 'cmycroftj3@dedecms.com', '2023-12-31 04:20:28', 'cmycroftj3', 'Carola Mycroft', 1);
insert into "user" (user_id, password, phone_number, email, join_date, username, display_name, status_id) values (689, 'oU1\SvJ<', '251-258-6724', 'dbellsonj4@washington.edu', '2023-10-31 02:55:59', 'dbellsonj4', 'Deni Bellson', 5);
insert into "user" (user_id, password, phone_number, email, join_date, username, display_name, status_id) values (690, 'eX2(%$1%\~', '273-801-7803', 'apallyj5@prlog.org', '2024-01-12 15:54:23', 'apallyj5', 'Arte Pally', 7);
insert into "user" (user_id, password, phone_number, email, join_date, username, display_name, status_id) values (691, 'mG3"UcCIi)', '527-459-1047', 'ssmidmorj6@mozilla.com', '2023-08-28 10:27:45', 'ssmidmorj6', 'Saw Smidmor', 3);
insert into "user" (user_id, password, phone_number, email, join_date, username, display_name, status_id) values (692, 'uO2.eI!2ViWLtd0l', '456-223-2552', 'zrobiotj7@nyu.edu', '2023-05-11 20:42:31', 'zrobiotj7', 'Zebulen Robiot', 3);
insert into "user" (user_id, password, phone_number, email, join_date, username, display_name, status_id) values (693, 'bQ8`Qliw%', '640-738-1501', 'ddunstanj8@sina.com.cn', '2023-08-20 09:55:14', 'ddunstanj8', 'Del Dunstan', 3);
insert into "user" (user_id, password, phone_number, email, join_date, username, display_name, status_id) values (694, 'mF4@bkOVz@M7h', '892-555-7687', 'apaulusj9@samsung.com', '2024-04-09 20:41:51', 'apaulusj9', 'Aidan Paulus', 2);
insert into "user" (user_id, password, phone_number, email, join_date, username, display_name, status_id) values (695, 'pO3"XfYs#', '895-653-4707', 'dhowieja@clickbank.net', '2023-10-09 05:53:14', 'dhowieja', 'Desi Howie', 6);
insert into "user" (user_id, password, phone_number, email, join_date, username, display_name, status_id) values (696, 'fE5)SkU>', '439-955-1113', 'cfurslandjb@pbs.org', '2023-11-01 15:35:29', 'cfurslandjb', 'Clareta Fursland', 2);
insert into "user" (user_id, password, phone_number, email, join_date, username, display_name, status_id) values (697, 'yX7!M5*#y8', '753-896-5561', 'btiddyjc@shutterfly.com', '2023-11-07 09:41:00', 'btiddyjc', 'Bonny Tiddy', 7);
insert into "user" (user_id, password, phone_number, email, join_date, username, display_name, status_id) values (698, 'sE8#jKKP9.b6Pf"', '945-964-8915', 'zbenjafieldjd@sakura.ne.jp', '2023-10-15 21:15:48', 'zbenjafieldjd', 'Zahara Benjafield', 4);
insert into "user" (user_id, password, phone_number, email, join_date, username, display_name, status_id) values (699, 'bA4}I3AT~i.a#8l', '364-437-9279', 'adellenbachje@rakuten.co.jp', '2023-07-07 00:06:55', 'adellenbachje', 'Alfie Dellenbach', 5);
insert into "user" (user_id, password, phone_number, email, join_date, username, display_name, status_id) values (700, 'yS8=p+F5&NBS9B>', '274-413-8348', 'kabramsjf@cnbc.com', '2023-10-15 16:16:41', 'kabramsjf', 'Knox Abrams', 5);
insert into "user" (user_id, password, phone_number, email, join_date, username, display_name, status_id) values (701, 'gW5>D{UljT', '251-729-7466', 'mwhaitesjg@disqus.com', '2023-11-09 10:23:17', 'mwhaitesjg', 'My Whaites', 3);
insert into "user" (user_id, password, phone_number, email, join_date, username, display_name, status_id) values (702, 'jD1&0VUqL6J\bZ', '842-765-0753', 'cbalmjh@walmart.com', '2023-08-30 00:33:40', 'cbalmjh', 'Carmelia Balm', 5);
insert into "user" (user_id, password, phone_number, email, join_date, username, display_name, status_id) values (703, 'jT0=7`"ocv=l0L', '594-488-1132', 'lelmhirstji@e-recht24.de', '2023-12-31 02:29:51', 'lelmhirstji', 'Laryssa Elmhirst', 3);
insert into "user" (user_id, password, phone_number, email, join_date, username, display_name, status_id) values (704, 'yF3,Gh_/G', '838-561-7326', 'emoenjj@fda.gov', '2023-10-19 15:51:44', 'emoenjj', 'Emanuel Moen', 7);
insert into "user" (user_id, password, phone_number, email, join_date, username, display_name, status_id) values (705, 'dX4.WF%Wp"qoOa', '439-863-9270', 'aransburyjk@photobucket.com', '2023-07-31 04:23:27', 'aransburyjk', 'Alyda Ransbury', 7);
insert into "user" (user_id, password, phone_number, email, join_date, username, display_name, status_id) values (706, 'wI6|ZcYy1`*2Y#', '141-510-3353', 'mprazorjl@etsy.com', '2023-11-12 06:45:55', 'mprazorjl', 'Marion Prazor', 5);
insert into "user" (user_id, password, phone_number, email, join_date, username, display_name, status_id) values (707, 'jS0~K!skWs2S', '475-119-6332', 'nmatteuccijm@flavors.me', '2023-08-05 07:43:48', 'nmatteuccijm', 'Nady Matteucci', 3);
insert into "user" (user_id, password, phone_number, email, join_date, username, display_name, status_id) values (708, 'lE2.N{v?ExS3%s', '418-651-6924', 'fkincaidjn@nih.gov', '2024-01-04 14:39:35', 'fkincaidjn', 'Fae Kincaid', 6);
insert into "user" (user_id, password, phone_number, email, join_date, username, display_name, status_id) values (709, 'aF2/i73/gjI"l<j', '841-977-3238', 'etothacotjo@paypal.com', '2024-02-05 03:17:27', 'etothacotjo', 'Emilee Tothacot', 7);
insert into "user" (user_id, password, phone_number, email, join_date, username, display_name, status_id) values (710, 'sI0?3QtKvBu"bl|', '630-257-3359', 'kscampjp@tinypic.com', '2024-04-07 08:36:31', 'kscampjp', 'Katheryn Scamp', 6);
insert into "user" (user_id, password, phone_number, email, join_date, username, display_name, status_id) values (711, 'aG8*g&oI>.!0OZg', '364-183-3735', 'dgeesonjq@ebay.co.uk', '2023-06-13 21:53:27', 'dgeesonjq', 'Debbie Geeson', 6);
insert into "user" (user_id, password, phone_number, email, join_date, username, display_name, status_id) values (712, 'dR6{_3.FKm}7O', '111-492-7065', 'aneggrinijr@marketwatch.com', '2024-04-14 12:50:55', 'aneggrinijr', 'Atlante Neggrini', 3);
insert into "user" (user_id, password, phone_number, email, join_date, username, display_name, status_id) values (713, 'rP9}v5{*`Yd+QBH', '275-991-4934', 'wflemingjs@twitter.com', '2023-08-30 19:38:05', 'wflemingjs', 'Waldon Fleming', 3);
insert into "user" (user_id, password, phone_number, email, join_date, username, display_name, status_id) values (714, 'vX0.V7"5z\4', '963-968-5766', 'syanezjt@feedburner.com', '2023-05-28 22:24:20', 'syanezjt', 'Sinclare Yanez', 2);
insert into "user" (user_id, password, phone_number, email, join_date, username, display_name, status_id) values (715, 'eN2{6_T%2L9+l', '682-126-7248', 'klambieju@wufoo.com', '2023-05-10 05:18:23', 'klambieju', 'Kim Lambie', 3);
insert into "user" (user_id, password, phone_number, email, join_date, username, display_name, status_id) values (716, 'wU4|z8ux2>', '366-125-9662', 'bselleyjv@amazon.de', '2023-12-25 20:53:30', 'bselleyjv', 'Britni Selley', 3);
insert into "user" (user_id, password, phone_number, email, join_date, username, display_name, status_id) values (717, 'kT2?n(A?gDK1PuT', '110-895-8177', 'dmcgregorjw@macromedia.com', '2024-04-09 16:52:08', 'dmcgregorjw', 'Daren McGregor', 1);
insert into "user" (user_id, password, phone_number, email, join_date, username, display_name, status_id) values (718, 'dU4}wqu@tE2JXV+', '369-528-3343', 'hcrocombejx@nature.com', '2024-03-13 08:37:54', 'hcrocombejx', 'Hestia Crocombe', 3);
insert into "user" (user_id, password, phone_number, email, join_date, username, display_name, status_id) values (719, 'zY1`=MOD,8z', '858-480-1835', 'acragheadjy@pagesperso-orange.fr', '2023-11-16 02:18:53', 'acragheadjy', 'Ailene Craghead', 7);
insert into "user" (user_id, password, phone_number, email, join_date, username, display_name, status_id) values (720, 'sM4?n!Sb', '518-490-2072', 'tmanserjz@goodreads.com', '2023-12-07 01:18:23', 'tmanserjz', 'Tabby Manser', 3);
insert into "user" (user_id, password, phone_number, email, join_date, username, display_name, status_id) values (721, 'kU9!9D\a', '189-769-9347', 'pkiddsk0@hibu.com', '2023-09-23 13:46:52', 'pkiddsk0', 'Pet Kidds', 5);
insert into "user" (user_id, password, phone_number, email, join_date, username, display_name, status_id) values (722, 'bK9"&z>fSFP838j', '726-588-3793', 'rmelwallk1@example.com', '2023-09-02 17:31:52', 'rmelwallk1', 'Raddy Melwall', 4);
insert into "user" (user_id, password, phone_number, email, join_date, username, display_name, status_id) values (723, 'yA1<s''Xy_rxH', '300-820-2932', 'jstimpsonk2@stumbleupon.com', '2024-02-19 05:42:51', 'jstimpsonk2', 'Jasper Stimpson', 6);
insert into "user" (user_id, password, phone_number, email, join_date, username, display_name, status_id) values (724, 'kW4,$d0g', '192-104-3086', 'siacobassik3@eventbrite.com', '2023-08-05 07:52:45', 'siacobassik3', 'Shauna Iacobassi', 4);
insert into "user" (user_id, password, phone_number, email, join_date, username, display_name, status_id) values (725, 'cL5,xnLxAD)0f)C~', '311-992-1834', 'cpashenkovk4@mapquest.com', '2024-01-22 10:49:11', 'cpashenkovk4', 'Cynthy Pashenkov', 6);
insert into "user" (user_id, password, phone_number, email, join_date, username, display_name, status_id) values (726, 'xK4_|O(u8!_JMD#', '562-897-1458', 'bharrollk5@g.co', '2023-08-11 22:20:38', 'bharrollk5', 'Bibbie Harroll', 7);
insert into "user" (user_id, password, phone_number, email, join_date, username, display_name, status_id) values (727, 'aV2.C1S&v|afR20v', '548-162-5091', 'bmuscatk6@hubpages.com', '2024-02-22 13:38:57', 'bmuscatk6', 'Bryn Muscat', 5);
insert into "user" (user_id, password, phone_number, email, join_date, username, display_name, status_id) values (728, 'uD2,WO0R.o', '573-164-8611', 'warblasterk7@howstuffworks.com', '2024-04-03 10:18:11', 'warblasterk7', 'Worth Arblaster', 2);
insert into "user" (user_id, password, phone_number, email, join_date, username, display_name, status_id) values (729, 'kE4>emjCtlZdsO', '826-702-9974', 'ddiaperk8@cyberchimps.com', '2023-05-11 20:45:16', 'ddiaperk8', 'Donnie Diaper', 5);
insert into "user" (user_id, password, phone_number, email, join_date, username, display_name, status_id) values (730, 'sR9''`f8DvZ', '777-583-9669', 'jlochheadk9@liveinternet.ru', '2023-11-06 11:14:15', 'jlochheadk9', 'Jerri Lochhead', 2);
insert into "user" (user_id, password, phone_number, email, join_date, username, display_name, status_id) values (731, 'kQ8\2CMRPy', '148-775-1078', 'jgirardettika@nasa.gov', '2024-03-08 21:05:37', 'jgirardettika', 'Jabez Girardetti', 2);
insert into "user" (user_id, password, phone_number, email, join_date, username, display_name, status_id) values (732, 'iZ5*K.P<"q', '210-800-2281', 'tturbankb@statcounter.com', '2023-10-14 06:09:50', 'tturbankb', 'Tucky Turban', 4);
insert into "user" (user_id, password, phone_number, email, join_date, username, display_name, status_id) values (733, 'sL5+?7xJ|\H', '673-657-9391', 'mayrtonkc@oracle.com', '2024-02-24 22:09:43', 'mayrtonkc', 'Myrtice Ayrton', 2);
insert into "user" (user_id, password, phone_number, email, join_date, username, display_name, status_id) values (734, 'uG1{Sryx#=iF5u', '415-730-0734', 'kmackenziekd@yandex.ru', '2023-09-06 11:21:28', 'kmackenziekd', 'Kristen MacKenzie', 5);
insert into "user" (user_id, password, phone_number, email, join_date, username, display_name, status_id) values (735, 'wT2|nCrRWs', '378-609-7067', 'screeske@imgur.com', '2023-09-20 05:36:57', 'screeske', 'Sada Crees', 6);
insert into "user" (user_id, password, phone_number, email, join_date, username, display_name, status_id) values (736, 'eY2(~thGOY{c', '565-637-1513', 'ntiesmankf@ca.gov', '2024-03-19 08:53:41', 'ntiesmankf', 'Nadeen Tiesman', 4);
insert into "user" (user_id, password, phone_number, email, join_date, username, display_name, status_id) values (737, 'uR7.F49Y', '891-781-2159', 'mbelinkg@storify.com', '2023-12-11 03:20:10', 'mbelinkg', 'Merissa Belin', 5);
insert into "user" (user_id, password, phone_number, email, join_date, username, display_name, status_id) values (738, 'cP9`M~rqlyMb/6C', '331-209-7049', 'dwelburnkh@stumbleupon.com', '2023-10-04 08:54:02', 'dwelburnkh', 'Dominique Welburn', 3);
insert into "user" (user_id, password, phone_number, email, join_date, username, display_name, status_id) values (739, 'jV1&{8|v5\=n5', '265-491-1546', 'cgiffenki@wufoo.com', '2023-07-03 16:14:52', 'cgiffenki', 'Cyndie Giffen', 5);
insert into "user" (user_id, password, phone_number, email, join_date, username, display_name, status_id) values (740, 'uI6\X2HPh', '635-740-8727', 'dwormleightonkj@xrea.com', '2023-10-23 23:31:10', 'dwormleightonkj', 'Dora Wormleighton', 5);
insert into "user" (user_id, password, phone_number, email, join_date, username, display_name, status_id) values (741, 'lX7"AyB/MbFTz$N', '968-236-8185', 'pbeuscherkk@scribd.com', '2023-11-16 11:25:19', 'pbeuscherkk', 'Papagena Beuscher', 2);
insert into "user" (user_id, password, phone_number, email, join_date, username, display_name, status_id) values (742, 'vJ1"d*`8', '465-433-8997', 'esellstromkl@nymag.com', '2023-05-02 20:39:10', 'esellstromkl', 'Elene Sellstrom', 6);
insert into "user" (user_id, password, phone_number, email, join_date, username, display_name, status_id) values (743, 'wC9''V=b?k?1zcV', '509-582-7602', 'vdominicikm@furl.net', '2023-07-19 10:50:05', 'vdominicikm', 'Viva Dominici', 7);
insert into "user" (user_id, password, phone_number, email, join_date, username, display_name, status_id) values (744, 'kM6!c}a4l1u8V9BY', '531-160-1508', 'mjansakn@ted.com', '2024-01-22 13:01:31', 'mjansakn', 'Melinda Jansa', 7);
insert into "user" (user_id, password, phone_number, email, join_date, username, display_name, status_id) values (745, 'yS8"Ef@1hZ4/He', '382-958-3845', 'cananko@github.io', '2024-03-05 23:56:34', 'cananko', 'Corrie Anan', 2);
insert into "user" (user_id, password, phone_number, email, join_date, username, display_name, status_id) values (746, 'lD3@$J&7''|Zd', '707-737-5841', 'chagyardkp@patch.com', '2023-08-26 05:13:09', 'chagyardkp', 'Chloette Hagyard', 5);
insert into "user" (user_id, password, phone_number, email, join_date, username, display_name, status_id) values (747, 'cF6,&}z9zfu"', '469-995-5495', 'sduggankq@nasa.gov', '2023-12-28 22:41:04', 'sduggankq', 'Staci Duggan', 2);
insert into "user" (user_id, password, phone_number, email, join_date, username, display_name, status_id) values (748, 'cN8\ivjgP`t)e', '731-425-7576', 'ugounodkr@friendfeed.com', '2023-07-04 18:10:32', 'ugounodkr', 'Ulla Gounod', 6);
insert into "user" (user_id, password, phone_number, email, join_date, username, display_name, status_id) values (749, 'qF5\`p7XJTZd\**', '204-454-8776', 'osichks@pbs.org', '2024-02-03 01:09:55', 'osichks', 'Olenka Sich', 5);
insert into "user" (user_id, password, phone_number, email, join_date, username, display_name, status_id) values (750, 'aM7''Dk(8w?R{w', '799-355-7331', 'rbolsoverkt@hc360.com', '2024-03-02 17:51:14', 'rbolsoverkt', 'Roderich Bolsover', 1);
insert into "user" (user_id, password, phone_number, email, join_date, username, display_name, status_id) values (751, 'yZ2$p,(rMw~LSPzN', '411-878-7919', 'wfarlowku@wikispaces.com', '2023-12-21 19:54:00', 'wfarlowku', 'Winn Farlow', 1);
insert into "user" (user_id, password, phone_number, email, join_date, username, display_name, status_id) values (752, 'hC6#KbL*}x$l', '132-839-8799', 'nlowensohnkv@51.la', '2023-05-17 07:54:15', 'nlowensohnkv', 'Nicolette Lowensohn', 6);
insert into "user" (user_id, password, phone_number, email, join_date, username, display_name, status_id) values (753, 'cR5>ru?MLGH''OjTp', '365-262-8105', 'dpetroukw@economist.com', '2023-08-29 01:26:32', 'dpetroukw', 'Dexter Petrou', 4);
insert into "user" (user_id, password, phone_number, email, join_date, username, display_name, status_id) values (754, 'uH9_f}30', '775-545-9874', 'cwhittallkx@wikipedia.org', '2024-04-07 16:30:42', 'cwhittallkx', 'Cross Whittall', 3);
insert into "user" (user_id, password, phone_number, email, join_date, username, display_name, status_id) values (755, 'jF0}GLxD$', '260-235-1624', 'mcranstoneky@tuttocitta.it', '2023-07-19 02:09:35', 'mcranstoneky', 'Mandel Cranstone', 1);
insert into "user" (user_id, password, phone_number, email, join_date, username, display_name, status_id) values (756, 'wS6~UA{gT0~&"|O', '311-851-9359', 'gpamplinkz@reverbnation.com', '2023-06-10 04:07:15', 'gpamplinkz', 'Guntar Pamplin', 6);
insert into "user" (user_id, password, phone_number, email, join_date, username, display_name, status_id) values (757, 'pJ3_3lJ+B?j', '853-895-6412', 'rofferl0@ifeng.com', '2023-06-13 11:22:05', 'rofferl0', 'Ramon Offer', 5);
insert into "user" (user_id, password, phone_number, email, join_date, username, display_name, status_id) values (758, 'aF0$Qtoe2/''m', '444-458-3264', 'bpreddyl1@wunderground.com', '2023-07-02 07:09:33', 'bpreddyl1', 'Boot Preddy', 7);
insert into "user" (user_id, password, phone_number, email, join_date, username, display_name, status_id) values (759, 'xA1)EekI*', '757-176-9567', 'sgarforthl2@cnet.com', '2024-02-19 13:54:41', 'sgarforthl2', 'Shelden Garforth', 6);
insert into "user" (user_id, password, phone_number, email, join_date, username, display_name, status_id) values (760, 'cC5,vgB9!''', '904-448-2265', 'abouzekl3@tinypic.com', '2023-06-27 18:47:57', 'abouzekl3', 'Armstrong Bouzek', 5);
insert into "user" (user_id, password, phone_number, email, join_date, username, display_name, status_id) values (761, 'kJ7?|UTP_*1r', '878-372-1240', 'ablondelll4@cnbc.com', '2023-07-26 20:00:22', 'ablondelll4', 'Avie Blondell', 4);
insert into "user" (user_id, password, phone_number, email, join_date, username, display_name, status_id) values (762, 'kM1!svPuWW', '467-518-1460', 'jcrinionl5@networksolutions.com', '2024-03-19 05:03:32', 'jcrinionl5', 'Janene Crinion', 5);
insert into "user" (user_id, password, phone_number, email, join_date, username, display_name, status_id) values (763, 'uB0@I)8)8|`?W', '215-397-6898', 'hkinnochl6@yandex.ru', '2024-01-16 22:58:45', 'hkinnochl6', 'Haleigh Kinnoch', 4);
insert into "user" (user_id, password, phone_number, email, join_date, username, display_name, status_id) values (764, 'lX9.SG"N2f)re/', '600-287-8526', 'dundyl7@macromedia.com', '2023-10-03 21:36:06', 'dundyl7', 'Dylan Undy', 3);
insert into "user" (user_id, password, phone_number, email, join_date, username, display_name, status_id) values (765, 'kS2$0VEU&nf)iz', '488-547-7215', 'tbreartonl8@bigcartel.com', '2023-07-12 18:32:32', 'tbreartonl8', 'Tremayne Brearton', 6);
insert into "user" (user_id, password, phone_number, email, join_date, username, display_name, status_id) values (766, 'zV3*2o2\tIUR', '471-456-8801', 'tmcdadel9@w3.org', '2023-09-29 23:43:26', 'tmcdadel9', 'Thedric McDade', 5);
insert into "user" (user_id, password, phone_number, email, join_date, username, display_name, status_id) values (767, 'wA5\|Hx~A/C', '977-758-6772', 'fpolonla@nih.gov', '2023-12-28 18:09:02', 'fpolonla', 'Fergus Polon', 6);
insert into "user" (user_id, password, phone_number, email, join_date, username, display_name, status_id) values (768, 'sV4/_,CGV|n{E&b', '712-280-9657', 'lcoltonlb@taobao.com', '2023-08-26 00:56:00', 'lcoltonlb', 'Linet Colton', 5);
insert into "user" (user_id, password, phone_number, email, join_date, username, display_name, status_id) values (769, 'qP9`_{fTD', '373-391-4826', 'rrosenkrantzlc@independent.co.uk', '2023-11-17 19:02:11', 'rrosenkrantzlc', 'Roxana Rosenkrantz', 6);
insert into "user" (user_id, password, phone_number, email, join_date, username, display_name, status_id) values (770, 'jY5)G2l2?5', '381-818-6412', 'fautield@pbs.org', '2023-11-21 20:08:55', 'fautield', 'Flem Autie', 7);
insert into "user" (user_id, password, phone_number, email, join_date, username, display_name, status_id) values (771, 'uI0>)!K?Wa+', '158-106-2825', 'tjurgenle@histats.com', '2023-07-16 19:25:34', 'tjurgenle', 'Tove Jurgen', 5);
insert into "user" (user_id, password, phone_number, email, join_date, username, display_name, status_id) values (772, 'tD9)Tg`O', '568-310-0367', 'aquilliganlf@noaa.gov', '2023-06-03 05:30:02', 'aquilliganlf', 'Alessandra Quilligan', 7);
insert into "user" (user_id, password, phone_number, email, join_date, username, display_name, status_id) values (773, 'eZ6<\fm44Rk', '741-153-5538', 'sgeddislg@umn.edu', '2024-03-19 06:19:09', 'sgeddislg', 'Shawn Geddis', 6);
insert into "user" (user_id, password, phone_number, email, join_date, username, display_name, status_id) values (774, 'rG1$T\|''#sZ''n}L(', '299-423-7886', 'kblowerlh@chron.com', '2024-02-16 04:38:18', 'kblowerlh', 'Kipp Blower', 6);
insert into "user" (user_id, password, phone_number, email, join_date, username, display_name, status_id) values (775, 'qV8}v&3Z>nG', '758-371-0971', 'lblessedli@usa.gov', '2023-09-10 06:06:14', 'lblessedli', 'Leonelle Blessed', 6);
insert into "user" (user_id, password, phone_number, email, join_date, username, display_name, status_id) values (776, 'nC7@pFK5j%Q''(_9', '656-555-5613', 'speltzlj@nydailynews.com', '2023-11-01 03:56:30', 'speltzlj', 'Sam Peltz', 6);
insert into "user" (user_id, password, phone_number, email, join_date, username, display_name, status_id) values (777, 'fD3/vY@Gp.@d&', '555-205-4312', 'mgilfillanlk@google.co.jp', '2023-07-27 16:56:18', 'mgilfillanlk', 'Matthus Gilfillan', 3);
insert into "user" (user_id, password, phone_number, email, join_date, username, display_name, status_id) values (778, 'aD6$@G52TvS"Ux', '426-410-1163', 'ddarnbroughll@trellian.com', '2024-02-11 23:41:05', 'ddarnbroughll', 'Dyan Darnbrough', 1);
insert into "user" (user_id, password, phone_number, email, join_date, username, display_name, status_id) values (779, 'yS6`)T3t', '816-996-1828', 'cforteylm@army.mil', '2024-03-30 00:33:14', 'cforteylm', 'Carley Fortey', 2);
insert into "user" (user_id, password, phone_number, email, join_date, username, display_name, status_id) values (780, 'iN4"}(#RGaF', '704-848-5342', 'sslaterln@noaa.gov', '2023-08-30 14:28:00', 'sslaterln', 'Sascha Slater', 5);
insert into "user" (user_id, password, phone_number, email, join_date, username, display_name, status_id) values (781, 'iV2/NA4RHA', '956-947-7834', 'bjornlo@liveinternet.ru', '2024-02-09 16:07:32', 'bjornlo', 'Bridget Jorn', 6);
insert into "user" (user_id, password, phone_number, email, join_date, username, display_name, status_id) values (782, 'kH8"T9Qc{', '340-483-8708', 'dhuertaslp@amazonaws.com', '2023-07-20 21:54:19', 'dhuertaslp', 'Denver Huertas', 4);
insert into "user" (user_id, password, phone_number, email, join_date, username, display_name, status_id) values (783, 'wQ0%qR}mQ@myPJDA', '608-460-4423', 'atomichlq@vinaora.com', '2023-09-13 20:10:15', 'atomichlq', 'Alberik Tomich', 6);
insert into "user" (user_id, password, phone_number, email, join_date, username, display_name, status_id) values (784, 'wK2>iP)/', '128-965-8414', 'rtrousdelllr@freewebs.com', '2023-07-09 11:42:38', 'rtrousdelllr', 'Randie Trousdell', 6);
insert into "user" (user_id, password, phone_number, email, join_date, username, display_name, status_id) values (785, 'dT0=C(&))ELMw.gj', '226-806-3424', 'kraistrickls@mlb.com', '2023-09-08 21:41:01', 'kraistrickls', 'Karola Raistrick', 4);
insert into "user" (user_id, password, phone_number, email, join_date, username, display_name, status_id) values (786, 'jV5(H`uy#SX', '493-690-2272', 'kpoundsfordlt@ehow.com', '2024-02-02 06:08:01', 'kpoundsfordlt', 'Keeley Poundsford', 1);
insert into "user" (user_id, password, phone_number, email, join_date, username, display_name, status_id) values (787, 'cG2.9e$$&i`Oz`>$', '788-715-5754', 'rlefeverlu@columbia.edu', '2023-10-30 15:07:54', 'rlefeverlu', 'Rycca Lefever', 3);
insert into "user" (user_id, password, phone_number, email, join_date, username, display_name, status_id) values (788, 'gH8*X#C/N`xr', '766-788-5040', 'qattridelv@biglobe.ne.jp', '2024-03-12 08:13:58', 'qattridelv', 'Queenie Attride', 7);
insert into "user" (user_id, password, phone_number, email, join_date, username, display_name, status_id) values (789, 'nD7&IZ~klZxkbK$', '898-851-4465', 'bbillingelw@plala.or.jp', '2024-02-02 11:21:34', 'bbillingelw', 'Burty Billinge', 6);
insert into "user" (user_id, password, phone_number, email, join_date, username, display_name, status_id) values (790, 'cS8!?h>yZv#~j', '167-886-9104', 'bpudanlx@jimdo.com', '2023-07-26 23:11:05', 'bpudanlx', 'Barbie Pudan', 3);
insert into "user" (user_id, password, phone_number, email, join_date, username, display_name, status_id) values (791, 'uH1`}''4L\gG', '724-918-9530', 'kmayzesly@reverbnation.com', '2023-05-20 18:59:09', 'kmayzesly', 'Kaitlin Mayzes', 6);
insert into "user" (user_id, password, phone_number, email, join_date, username, display_name, status_id) values (792, 'pB9%w|E%', '715-446-1367', 'kfostlz@craigslist.org', '2023-07-15 04:29:35', 'kfostlz', 'Kendre Fost', 4);
insert into "user" (user_id, password, phone_number, email, join_date, username, display_name, status_id) values (793, 'cV4{N.(VUC', '341-594-7121', 'aprozillom0@toplist.cz', '2024-03-23 09:42:08', 'aprozillom0', 'Ambrose Prozillo', 2);
insert into "user" (user_id, password, phone_number, email, join_date, username, display_name, status_id) values (794, 'qE5)tm@m#bD', '800-481-4126', 'bsomesm1@mapy.cz', '2024-01-06 08:49:31', 'bsomesm1', 'Binnie Somes', 5);
insert into "user" (user_id, password, phone_number, email, join_date, username, display_name, status_id) values (795, 'pU8%<1VO!u2tycg''', '499-753-4317', 'ttestinm2@eepurl.com', '2023-12-18 18:35:58', 'ttestinm2', 'Tamarah Testin', 7);
insert into "user" (user_id, password, phone_number, email, join_date, username, display_name, status_id) values (796, 'dN4,JpD>', '921-538-3923', 'apeltzm3@vk.com', '2024-03-23 01:34:19', 'apeltzm3', 'Arabella Peltz', 6);
insert into "user" (user_id, password, phone_number, email, join_date, username, display_name, status_id) values (797, 'dX3'',xeg_AOm', '473-408-4061', 'jmurraym4@google.com.au', '2024-03-15 20:12:19', 'jmurraym4', 'Juliann Murray', 7);
insert into "user" (user_id, password, phone_number, email, join_date, username, display_name, status_id) values (798, 'fX5,x}Ca', '549-611-9679', 'msenussim5@arizona.edu', '2023-04-27 00:55:35', 'msenussim5', 'Myrvyn Senussi', 1);
insert into "user" (user_id, password, phone_number, email, join_date, username, display_name, status_id) values (799, 'yJ0~MiY!aqjd#', '507-181-0032', 'orosenfeltm6@baidu.com', '2023-08-10 00:21:28', 'orosenfeltm6', 'Onfroi Rosenfelt', 3);
insert into "user" (user_id, password, phone_number, email, join_date, username, display_name, status_id) values (800, 'lG6/*W6OQE', '551-677-8579', 'alovattm7@tamu.edu', '2023-12-01 15:24:48', 'alovattm7', 'Aryn Lovatt', 5);
insert into "user" (user_id, password, phone_number, email, join_date, username, display_name, status_id) values (801, 'gD1_\55fc.qrK>g|', '140-791-7620', 'vfiggm8@photobucket.com', '2024-03-05 00:46:44', 'vfiggm8', 'Valerie Figg', 5);
insert into "user" (user_id, password, phone_number, email, join_date, username, display_name, status_id) values (802, 'vC1~Ac<h_ku', '455-955-4254', 'pgogaym9@si.edu', '2023-04-25 10:57:22', 'pgogaym9', 'Paloma Gogay', 1);
insert into "user" (user_id, password, phone_number, email, join_date, username, display_name, status_id) values (803, 'jD2''PBDDGb}', '288-788-2208', 'chausema@google.de', '2024-01-09 17:25:31', 'chausema', 'Cammi Hause', 5);
insert into "user" (user_id, password, phone_number, email, join_date, username, display_name, status_id) values (804, 'iW1<PJG78qOk=', '166-968-4393', 'lcreedmb@gravatar.com', '2024-01-20 21:32:09', 'lcreedmb', 'Lowe Creed', 1);
insert into "user" (user_id, password, phone_number, email, join_date, username, display_name, status_id) values (805, 'cU7>@XVAj!H', '452-791-2146', 'lcamblemc@abc.net.au', '2023-10-02 09:55:40', 'lcamblemc', 'Laina Camble', 5);
insert into "user" (user_id, password, phone_number, email, join_date, username, display_name, status_id) values (806, 'iG5*fHTK4"23%', '392-258-1862', 'cdochartymd@economist.com', '2023-05-08 20:29:36', 'cdochartymd', 'Cybill Docharty', 3);
insert into "user" (user_id, password, phone_number, email, join_date, username, display_name, status_id) values (807, 'oV1?Zh)6.gEX`$', '164-921-1894', 'uizaksme@netscape.com', '2024-01-21 04:32:01', 'uizaksme', 'Ursula Izaks', 3);
insert into "user" (user_id, password, phone_number, email, join_date, username, display_name, status_id) values (808, 'gR7>MtiBz', '957-601-4082', 'pcoonihanmf@lulu.com', '2023-06-13 12:10:09', 'pcoonihanmf', 'Putnam Coonihan', 5);
insert into "user" (user_id, password, phone_number, email, join_date, username, display_name, status_id) values (809, 'vM0`=qh*', '830-511-1376', 'wbedingfieldmg@linkedin.com', '2023-12-05 13:21:57', 'wbedingfieldmg', 'Wittie Bedingfield', 4);
insert into "user" (user_id, password, phone_number, email, join_date, username, display_name, status_id) values (810, 'vP4@>s!_DH`7v4', '934-524-1028', 'cobradainmh@sourceforge.net', '2024-02-14 09:54:26', 'cobradainmh', 'Codie O''Bradain', 6);
insert into "user" (user_id, password, phone_number, email, join_date, username, display_name, status_id) values (811, 'nM9_"swPa?', '759-297-8493', 'bcarnallmi@youtube.com', '2023-09-19 19:55:53', 'bcarnallmi', 'Buddie Carnall', 2);
insert into "user" (user_id, password, phone_number, email, join_date, username, display_name, status_id) values (812, 'yU6<~F8/nrx8P', '822-886-6437', 'iriseboroughmj@nhs.uk', '2024-01-22 00:20:40', 'iriseboroughmj', 'Idalina Riseborough', 6);
insert into "user" (user_id, password, phone_number, email, join_date, username, display_name, status_id) values (813, 'nI9$fC(>''/3%nu>?', '481-986-0799', 'sfeathersmk@umich.edu', '2023-07-03 14:27:06', 'sfeathersmk', 'Sarina Feathers', 2);
insert into "user" (user_id, password, phone_number, email, join_date, username, display_name, status_id) values (814, 'sB6"Ko8UTqvK', '715-833-2325', 'klilieml@yandex.ru', '2023-11-03 01:03:33', 'klilieml', 'Kasper Lilie', 6);
insert into "user" (user_id, password, phone_number, email, join_date, username, display_name, status_id) values (815, 'nH0''<|t,''5S56v~!', '607-447-5843', 'ajohananoffmm@google.it', '2023-10-17 00:47:14', 'ajohananoffmm', 'Amalie Johananoff', 1);
insert into "user" (user_id, password, phone_number, email, join_date, username, display_name, status_id) values (816, 'sH6`O.k,3(m>', '524-623-5050', 'asleefordmn@harvard.edu', '2024-04-01 14:04:15', 'asleefordmn', 'Aldwin Sleeford', 3);
insert into "user" (user_id, password, phone_number, email, join_date, username, display_name, status_id) values (817, 'xZ4|vc\t~ht2y0', '938-120-0827', 'alongmiremo@yolasite.com', '2024-01-08 05:23:04', 'alongmiremo', 'Angeline Longmire', 5);
insert into "user" (user_id, password, phone_number, email, join_date, username, display_name, status_id) values (818, 'kO5,A*5PT176n&e', '436-508-8493', 'cmissonmp@earthlink.net', '2023-08-11 22:19:31', 'cmissonmp', 'Cory Misson', 3);
insert into "user" (user_id, password, phone_number, email, join_date, username, display_name, status_id) values (819, 'wC4,=R}FV~U=(e''', '739-670-1799', 'nhardeymq@time.com', '2024-04-03 07:32:53', 'nhardeymq', 'Nisse Hardey', 7);
insert into "user" (user_id, password, phone_number, email, join_date, username, display_name, status_id) values (820, 'fH3?jJA7wE>', '505-461-0447', 'sshellsheeremr@newyorker.com', '2024-02-13 00:33:54', 'sshellsheeremr', 'Sophia Shellsheere', 7);
insert into "user" (user_id, password, phone_number, email, join_date, username, display_name, status_id) values (821, 'xQ6~KatQXAf', '200-126-9257', 'cmacanespiems@fastcompany.com', '2023-07-03 07:40:18', 'cmacanespiems', 'Chrysa MacAnespie', 6);
insert into "user" (user_id, password, phone_number, email, join_date, username, display_name, status_id) values (822, 'jZ0+QbKxwhkq">H', '644-872-0856', 'tcraufordmt@github.com', '2024-04-10 16:17:49', 'tcraufordmt', 'Tully Crauford', 4);
insert into "user" (user_id, password, phone_number, email, join_date, username, display_name, status_id) values (823, 'fD6/Mgbvkg', '610-863-6551', 'pnijsmu@hostgator.com', '2023-05-20 23:51:10', 'pnijsmu', 'Petra Nijs', 6);
insert into "user" (user_id, password, phone_number, email, join_date, username, display_name, status_id) values (824, 'gA1$SL4PI&ky$L{x', '463-107-4617', 'gmccurriemv@de.vu', '2023-09-30 03:21:09', 'gmccurriemv', 'Gerrard McCurrie', 5);
insert into "user" (user_id, password, phone_number, email, join_date, username, display_name, status_id) values (825, 'zC3+Z&2''&p$zf60', '507-538-7874', 'jtemblettmw@altervista.org', '2023-08-29 16:39:20', 'jtemblettmw', 'Joellyn Temblett', 2);
insert into "user" (user_id, password, phone_number, email, join_date, username, display_name, status_id) values (826, 'dC1!|414Cc<vD', '776-179-5859', 'jmustoomx@github.com', '2023-04-22 10:44:08', 'jmustoomx', 'Jacky Mustoo', 1);
insert into "user" (user_id, password, phone_number, email, join_date, username, display_name, status_id) values (827, 'eT4>*#YHkL,41#\', '913-108-0408', 'ggunsonmy@japanpost.jp', '2023-11-09 05:38:43', 'ggunsonmy', 'Giuseppe Gunson', 6);
insert into "user" (user_id, password, phone_number, email, join_date, username, display_name, status_id) values (828, 'fN4.J9$("', '388-718-4346', 'apohlmz@cisco.com', '2023-07-05 01:31:41', 'apohlmz', 'Aida Pohl', 4);
insert into "user" (user_id, password, phone_number, email, join_date, username, display_name, status_id) values (829, 'qT1&SV58KWZ', '347-922-7145', 'dgillionn0@usa.gov', '2023-08-06 06:02:03', 'dgillionn0', 'Darell Gillion', 4);
insert into "user" (user_id, password, phone_number, email, join_date, username, display_name, status_id) values (830, 'uA5&Xn>%0X$QI@', '709-367-8251', 'cgoaleyn1@arizona.edu', '2023-11-28 17:50:48', 'cgoaleyn1', 'Clair Goaley', 1);
insert into "user" (user_id, password, phone_number, email, join_date, username, display_name, status_id) values (831, 'yH3<c40Mf|}T+m5', '198-767-3221', 'erosewalln2@tinyurl.com', '2023-11-21 15:38:54', 'erosewalln2', 'Elli Rosewall', 3);
insert into "user" (user_id, password, phone_number, email, join_date, username, display_name, status_id) values (832, 'mT7~dC&~', '662-642-1581', 'rudalln3@networkadvertising.org', '2023-06-12 22:25:51', 'rudalln3', 'Reggy Udall', 1);
insert into "user" (user_id, password, phone_number, email, join_date, username, display_name, status_id) values (833, 'tJ6+9L''B"id3B}SM', '704-698-1326', 'mmatkinn4@list-manage.com', '2023-05-28 08:16:42', 'mmatkinn4', 'Maxie Matkin', 3);
insert into "user" (user_id, password, phone_number, email, join_date, username, display_name, status_id) values (834, 'dD5~\/eqA@eX', '323-889-2025', 'siacovinon5@macromedia.com', '2024-01-18 09:40:28', 'siacovinon5', 'Sara-ann Iacovino', 7);
insert into "user" (user_id, password, phone_number, email, join_date, username, display_name, status_id) values (835, 'pM9>.!)SHR?>xlnc', '820-897-5562', 'rsudlown6@about.me', '2023-10-06 21:39:51', 'rsudlown6', 'Raimund Sudlow', 2);
insert into "user" (user_id, password, phone_number, email, join_date, username, display_name, status_id) values (836, 'eM8}9S3D/', '517-393-1567', 'abirreln7@360.cn', '2023-07-16 20:15:12', 'abirreln7', 'Adel Birrel', 5);
insert into "user" (user_id, password, phone_number, email, join_date, username, display_name, status_id) values (837, 'aM2."Mmm!+.y5{', '883-418-5744', 'bbuickn8@hibu.com', '2024-02-29 02:29:12', 'bbuickn8', 'Belia Buick', 1);
insert into "user" (user_id, password, phone_number, email, join_date, username, display_name, status_id) values (838, 'pL9*5"k$', '436-306-3782', 'jparffreyn9@woothemes.com', '2024-02-16 02:08:45', 'jparffreyn9', 'Janifer Parffrey', 2);
insert into "user" (user_id, password, phone_number, email, join_date, username, display_name, status_id) values (839, 'fD6,t78*~b', '399-303-2451', 'mhawkeyna@csmonitor.com', '2023-12-31 15:09:12', 'mhawkeyna', 'Marcello Hawkey', 4);
insert into "user" (user_id, password, phone_number, email, join_date, username, display_name, status_id) values (840, 'fS8_Y%4YM1?WsE', '444-928-7471', 'dtrautnb@washingtonpost.com', '2023-06-05 01:58:29', 'dtrautnb', 'Dory Traut', 6);
insert into "user" (user_id, password, phone_number, email, join_date, username, display_name, status_id) values (841, 'hA2<iJ+?`"=pU', '157-243-4153', 'sdaggernc@vk.com', '2023-11-27 02:30:51', 'sdaggernc', 'Simone Dagger', 4);
insert into "user" (user_id, password, phone_number, email, join_date, username, display_name, status_id) values (842, 'pK9{"93K', '167-936-0631', 'kreilynd@sciencedirect.com', '2023-12-27 06:55:24', 'kreilynd', 'Kipper Reily', 7);
insert into "user" (user_id, password, phone_number, email, join_date, username, display_name, status_id) values (843, 'gG9(Mw*9&blvB', '753-179-4014', 'wmilierne@adobe.com', '2023-11-09 10:25:18', 'wmilierne', 'Wittie Milier', 4);
insert into "user" (user_id, password, phone_number, email, join_date, username, display_name, status_id) values (844, 'lT4@GOu&', '535-194-1214', 'awimpennynf@fda.gov', '2023-11-01 17:03:24', 'awimpennynf', 'Aldo Wimpenny', 3);
insert into "user" (user_id, password, phone_number, email, join_date, username, display_name, status_id) values (845, 'cC9=`#n=*2', '418-293-9413', 'bgillandersng@prnewswire.com', '2023-05-25 21:30:05', 'bgillandersng', 'Benny Gillanders', 7);
insert into "user" (user_id, password, phone_number, email, join_date, username, display_name, status_id) values (846, 'vS6?LJ&kK|You,', '467-876-9839', 'bhendriksnh@blinklist.com', '2023-12-11 19:22:28', 'bhendriksnh', 'Bili Hendriks', 1);
insert into "user" (user_id, password, phone_number, email, join_date, username, display_name, status_id) values (847, 'wP4#m@#9HB', '978-511-3391', 'ucouchni@msu.edu', '2023-11-24 11:49:43', 'ucouchni', 'Uta Couch', 1);
insert into "user" (user_id, password, phone_number, email, join_date, username, display_name, status_id) values (848, 'zQ9&6Hj`Jv', '649-220-6840', 'cwoolgernj@who.int', '2023-10-12 04:14:13', 'cwoolgernj', 'Cass Woolger', 1);
insert into "user" (user_id, password, phone_number, email, join_date, username, display_name, status_id) values (849, 'wH8#Y"(4VjEI', '987-927-3191', 'lcranglenk@ed.gov', '2023-08-12 14:01:54', 'lcranglenk', 'Lilian Crangle', 4);
insert into "user" (user_id, password, phone_number, email, join_date, username, display_name, status_id) values (850, 'xV4_''TZf', '771-556-1500', 'jleghnl@foxnews.com', '2024-01-03 04:13:15', 'jleghnl', 'Jeannie Legh', 4);
insert into "user" (user_id, password, phone_number, email, join_date, username, display_name, status_id) values (851, 'oO3\OJZ$qoh', '797-296-7000', 'hpleatnm@rambler.ru', '2023-12-28 22:09:17', 'hpleatnm', 'Hilliary Pleat', 6);
insert into "user" (user_id, password, phone_number, email, join_date, username, display_name, status_id) values (852, 'nD0>}"Hw3N,', '557-575-1461', 'rconnellnn@va.gov', '2023-12-22 19:54:12', 'rconnellnn', 'Ruprecht Connell', 4);
insert into "user" (user_id, password, phone_number, email, join_date, username, display_name, status_id) values (853, 'bW5/qU/hN&@Npk', '445-954-0745', 'tfabbrino@geocities.jp', '2023-09-08 09:40:41', 'tfabbrino', 'Trixie Fabbri', 5);
insert into "user" (user_id, password, phone_number, email, join_date, username, display_name, status_id) values (854, 'jG0.''Ex~>', '415-390-3303', 'ufirknp@slideshare.net', '2023-05-16 22:10:15', 'ufirknp', 'Ulises Firk', 7);
insert into "user" (user_id, password, phone_number, email, join_date, username, display_name, status_id) values (855, 'pM6$w`#=vhJ)W1u', '143-397-0740', 'tsansnq@google.com.au', '2023-07-11 18:38:32', 'tsansnq', 'Thorndike Sans', 6);
insert into "user" (user_id, password, phone_number, email, join_date, username, display_name, status_id) values (856, 'sX9!{SZpb3', '417-748-2348', 'smouldnr@hubpages.com', '2024-01-07 05:13:10', 'smouldnr', 'Sheelagh Mould', 4);
insert into "user" (user_id, password, phone_number, email, join_date, username, display_name, status_id) values (857, 'lE1$uiOmPl', '777-518-4246', 'bgrendonns@chronoengine.com', '2023-11-17 16:38:45', 'bgrendonns', 'Beauregard Grendon', 7);
insert into "user" (user_id, password, phone_number, email, join_date, username, display_name, status_id) values (858, 'hQ8*J`D1)!wtg?', '614-553-1413', 'cpondjonesnt@marriott.com', '2023-10-26 00:12:48', 'cpondjonesnt', 'Carole Pond-Jones', 5);
insert into "user" (user_id, password, phone_number, email, join_date, username, display_name, status_id) values (859, 'qH7\zI=q\', '948-759-3260', 'npatisnu@stanford.edu', '2024-02-29 18:31:43', 'npatisnu', 'Nadean Patis', 6);
insert into "user" (user_id, password, phone_number, email, join_date, username, display_name, status_id) values (860, 'pT7|j4Divznj(#d', '256-782-5720', 'smacanespienv@wordpress.com', '2024-03-26 15:02:43', 'smacanespienv', 'Seana MacAnespie', 4);
insert into "user" (user_id, password, phone_number, email, join_date, username, display_name, status_id) values (861, 'jB4.!Ss@h5}<e.Y', '922-455-6736', 'abenjefieldnw@4shared.com', '2024-03-06 04:18:40', 'abenjefieldnw', 'Aguie Benjefield', 7);
insert into "user" (user_id, password, phone_number, email, join_date, username, display_name, status_id) values (862, 'wH2#h3cEWR5N\BS?', '738-185-6768', 'gmuckersienx@google.com', '2023-10-27 15:13:31', 'gmuckersienx', 'Graham Muckersie', 1);
insert into "user" (user_id, password, phone_number, email, join_date, username, display_name, status_id) values (863, 'iH6?zRf1QG', '480-919-3598', 'newolsny@ftc.gov', '2023-07-02 10:31:50', 'newolsny', 'Nola Ewols', 7);
insert into "user" (user_id, password, phone_number, email, join_date, username, display_name, status_id) values (864, 'xE7''pB,0\x,P', '634-951-8812', 'csedgeworthnz@gizmodo.com', '2024-03-14 01:10:38', 'csedgeworthnz', 'Courtnay Sedgeworth', 1);
insert into "user" (user_id, password, phone_number, email, join_date, username, display_name, status_id) values (865, 'pT8_y(ld*', '596-639-6488', 'kocannano0@seattletimes.com', '2023-08-08 19:39:13', 'kocannano0', 'Karleen O''Cannan', 5);
insert into "user" (user_id, password, phone_number, email, join_date, username, display_name, status_id) values (866, 'eH0''*=WiV!Y', '108-650-2181', 'cgoareo1@issuu.com', '2023-07-13 18:13:16', 'cgoareo1', 'Chris Goare', 3);
insert into "user" (user_id, password, phone_number, email, join_date, username, display_name, status_id) values (867, 'hR1$VcP@JY', '362-724-8958', 'jmackintosho2@about.me', '2024-03-21 23:25:33', 'jmackintosho2', 'Jonis MacKintosh', 2);
insert into "user" (user_id, password, phone_number, email, join_date, username, display_name, status_id) values (868, 'pP1=LM`DMCd.?CU', '472-143-5939', 'mlidbettero3@cocolog-nifty.com', '2024-02-01 15:16:47', 'mlidbettero3', 'Marco Lidbetter', 5);
insert into "user" (user_id, password, phone_number, email, join_date, username, display_name, status_id) values (869, 'hE6\rcoY=rvi&nu', '315-750-6047', 'bberteleto4@jugem.jp', '2024-02-26 12:11:02', 'bberteleto4', 'Baily Bertelet', 1);
insert into "user" (user_id, password, phone_number, email, join_date, username, display_name, status_id) values (870, 'pP8(!tvQqB', '750-118-6478', 'eseinto5@1und1.de', '2023-07-19 12:45:28', 'eseinto5', 'Elie Seint', 5);
insert into "user" (user_id, password, phone_number, email, join_date, username, display_name, status_id) values (871, 'dU9?Y>01IW6JE,FX', '836-493-2930', 'hmatushevicho6@meetup.com', '2024-01-12 12:52:33', 'hmatushevicho6', 'Honor Matushevich', 7);
insert into "user" (user_id, password, phone_number, email, join_date, username, display_name, status_id) values (872, 'zM3(lf_$i_r5K', '382-478-5331', 'jdeverso7@mayoclinic.com', '2024-02-23 09:49:36', 'jdeverso7', 'Jaquelin Devers', 5);
insert into "user" (user_id, password, phone_number, email, join_date, username, display_name, status_id) values (873, 'iJ0(L5XBASFOnC', '550-704-9454', 'kbrasono8@skyrock.com', '2023-10-28 12:25:11', 'kbrasono8', 'Keriann Brason', 6);
insert into "user" (user_id, password, phone_number, email, join_date, username, display_name, status_id) values (874, 'mF4&lX\B', '354-160-7927', 'tswindallo9@domainmarket.com', '2023-08-29 00:14:40', 'tswindallo9', 'Tobias Swindall', 6);
insert into "user" (user_id, password, phone_number, email, join_date, username, display_name, status_id) values (875, 'iS6,?z_{0?7=@V', '564-521-6944', 'mmaudsonoa@meetup.com', '2023-05-07 11:30:29', 'mmaudsonoa', 'Myrilla Maudson', 4);
insert into "user" (user_id, password, phone_number, email, join_date, username, display_name, status_id) values (876, 'cP9)|c%$m$1lL', '298-598-6415', 'worodaneob@ca.gov', '2024-04-01 21:38:03', 'worodaneob', 'Welbie O''Rodane', 1);
insert into "user" (user_id, password, phone_number, email, join_date, username, display_name, status_id) values (877, 'fJ0|dToJ}#DuvVC', '151-692-3758', 'tcoplestoneoc@webs.com', '2023-11-10 02:27:14', 'tcoplestoneoc', 'Teador Coplestone', 5);
insert into "user" (user_id, password, phone_number, email, join_date, username, display_name, status_id) values (878, 'fQ8&,@#3M', '628-172-9039', 'ibarchrameevod@icio.us', '2024-03-23 21:25:17', 'ibarchrameevod', 'Isaac Barchrameev', 4);
insert into "user" (user_id, password, phone_number, email, join_date, username, display_name, status_id) values (879, 'qZ8*)ADAcR(', '219-973-5543', 'cshoreyoe@pagesperso-orange.fr', '2023-06-05 23:15:23', 'cshoreyoe', 'Care Shorey', 1);
insert into "user" (user_id, password, phone_number, email, join_date, username, display_name, status_id) values (880, 'xQ5!vvF*NC=FE7', '777-261-8678', 'lwylemanof@yellowpages.com', '2023-04-23 14:23:52', 'lwylemanof', 'Liza Wyleman', 7);
insert into "user" (user_id, password, phone_number, email, join_date, username, display_name, status_id) values (881, 'uM6\}aP*3', '208-333-5617', 'bfillimoreog@instagram.com', '2023-06-24 02:48:08', 'bfillimoreog', 'Bayard Fillimore', 4);
insert into "user" (user_id, password, phone_number, email, join_date, username, display_name, status_id) values (882, 'uV2|DuK3', '296-666-9361', 'melsleyoh@blogtalkradio.com', '2023-12-19 22:02:39', 'melsleyoh', 'Marion Elsley', 1);
insert into "user" (user_id, password, phone_number, email, join_date, username, display_name, status_id) values (883, 'pA1"pp''adb', '520-322-5060', 'apedronoi@skype.com', '2024-01-01 09:05:44', 'apedronoi', 'Arly Pedron', 5);
insert into "user" (user_id, password, phone_number, email, join_date, username, display_name, status_id) values (884, 'nR4=hS0H', '668-707-5648', 'ljellybrandoj@gov.uk', '2023-09-10 11:57:40', 'ljellybrandoj', 'Laetitia Jellybrand', 2);
insert into "user" (user_id, password, phone_number, email, join_date, username, display_name, status_id) values (885, 'aG0"6z<E{ePl', '390-482-1393', 'qsprossonok@creativecommons.org', '2023-05-21 23:14:11', 'qsprossonok', 'Querida Sprosson', 2);
insert into "user" (user_id, password, phone_number, email, join_date, username, display_name, status_id) values (886, 'mO0>4$8L\8U', '197-177-2180', 'nheildol@hao123.com', '2024-02-12 13:46:09', 'nheildol', 'Ned Heild', 5);
insert into "user" (user_id, password, phone_number, email, join_date, username, display_name, status_id) values (887, 'qP7,\Ecmfi@w', '378-963-2819', 'cvasilchenkoom@nba.com', '2023-11-08 19:04:44', 'cvasilchenkoom', 'Courtney Vasilchenko', 6);
insert into "user" (user_id, password, phone_number, email, join_date, username, display_name, status_id) values (888, 'rA0'')xkfQ&', '493-167-4542', 'kleon@dion.ne.jp', '2024-01-25 15:29:53', 'kleon', 'Konstantine Le - Count', 6);
insert into "user" (user_id, password, phone_number, email, join_date, username, display_name, status_id) values (889, 'qM8?ADjF=7I6`Rz~', '295-805-4381', 'anasioo@creativecommons.org', '2023-10-16 06:51:32', 'anasioo', 'Ashely Nasi', 2);
insert into "user" (user_id, password, phone_number, email, join_date, username, display_name, status_id) values (890, 'gY3=#k*R3GqHj?QP', '742-304-8372', 'bflowittop@pinterest.com', '2024-02-05 20:15:45', 'bflowittop', 'Blakelee Flowitt', 2);
insert into "user" (user_id, password, phone_number, email, join_date, username, display_name, status_id) values (891, 'oY0})}w,', '435-514-0491', 'mbaressoq@ucoz.ru', '2023-06-23 00:35:54', 'mbaressoq', 'Marietta Baress', 2);
insert into "user" (user_id, password, phone_number, email, join_date, username, display_name, status_id) values (892, 'lC5)dtb)', '160-109-4571', 'bplaideor@imgur.com', '2023-08-31 18:16:19', 'bplaideor', 'Barclay Plaide', 5);
insert into "user" (user_id, password, phone_number, email, join_date, username, display_name, status_id) values (893, 'xX1>`Qi{MQOiO%', '786-556-4718', 'gcornbillos@google.com', '2023-09-24 15:56:31', 'gcornbillos', 'Genna Cornbill', 1);
insert into "user" (user_id, password, phone_number, email, join_date, username, display_name, status_id) values (894, 'cY0''RAi)L.Uc?N', '335-888-2236', 'nivanishevot@diigo.com', '2023-10-18 20:06:43', 'nivanishevot', 'Nikolia Ivanishev', 6);
insert into "user" (user_id, password, phone_number, email, join_date, username, display_name, status_id) values (895, 'mB0=MBvd$kQQbu', '375-782-7189', 'laishfordou@deliciousdays.com', '2023-07-04 08:22:46', 'laishfordou', 'Lise Aishford', 7);
insert into "user" (user_id, password, phone_number, email, join_date, username, display_name, status_id) values (896, 'kT3"EDqDN\', '298-592-2348', 'blymanov@shareasale.com', '2023-05-13 22:38:11', 'blymanov', 'Bartholemy Lyman', 5);
insert into "user" (user_id, password, phone_number, email, join_date, username, display_name, status_id) values (897, 'lC5{}?gC/k', '125-811-9112', 'laslenow@princeton.edu', '2023-07-18 22:51:11', 'laslenow', 'Lucias Aslen', 7);
insert into "user" (user_id, password, phone_number, email, join_date, username, display_name, status_id) values (898, 'tP5.R$||\V&G{PX@', '250-950-5741', 'bdewittox@desdev.cn', '2024-03-02 10:50:09', 'bdewittox', 'Blake Dewitt', 4);
insert into "user" (user_id, password, phone_number, email, join_date, username, display_name, status_id) values (899, 'nN9!mwge.qvmw@.M', '462-973-5215', 'istigglesoy@deliciousdays.com', '2024-03-12 18:11:46', 'istigglesoy', 'Inger Stiggles', 2);
insert into "user" (user_id, password, phone_number, email, join_date, username, display_name, status_id) values (900, 'vL2<wawa3U', '107-787-0020', 'ablackbournoz@godaddy.com', '2023-10-01 19:19:57', 'ablackbournoz', 'Amelie Blackbourn', 6);
insert into "user" (user_id, password, phone_number, email, join_date, username, display_name, status_id) values (901, 'gF7/E~C)1j', '944-914-4800', 'lmcmichanp0@nymag.com', '2023-05-13 10:30:20', 'lmcmichanp0', 'Lonna McMichan', 6);
insert into "user" (user_id, password, phone_number, email, join_date, username, display_name, status_id) values (902, 'hG6>W&CkAr`~>$Bt', '227-787-3862', 'jmckeurtanp1@google.com.au', '2023-08-01 21:27:57', 'jmckeurtanp1', 'Joe McKeurtan', 5);
insert into "user" (user_id, password, phone_number, email, join_date, username, display_name, status_id) values (903, 'kM1)\EYz', '749-102-0036', 'gwattishamp2@people.com.cn', '2024-04-10 16:36:41', 'gwattishamp2', 'Gertrudis Wattisham', 6);
insert into "user" (user_id, password, phone_number, email, join_date, username, display_name, status_id) values (904, 'pJ1(ExhD', '226-528-8411', 'uteazep3@hatena.ne.jp', '2024-02-11 17:16:28', 'uteazep3', 'Upton Teaze', 5);
insert into "user" (user_id, password, phone_number, email, join_date, username, display_name, status_id) values (905, 'nY8$OZyJ_v9Lj"+x', '583-244-4231', 'bgianp4@cam.ac.uk', '2023-10-25 05:41:07', 'bgianp4', 'Bernita Gian', 3);
insert into "user" (user_id, password, phone_number, email, join_date, username, display_name, status_id) values (906, 'zM5<BDs.@', '359-788-5418', 'blineenp5@businessweek.com', '2023-11-22 12:14:50', 'blineenp5', 'Benjie Lineen', 3);
insert into "user" (user_id, password, phone_number, email, join_date, username, display_name, status_id) values (907, 'gE7@ew&ra9X*+{1', '817-363-6576', 'jbesnardp6@lycos.com', '2023-07-25 12:26:55', 'jbesnardp6', 'Jeremias Besnard', 6);
insert into "user" (user_id, password, phone_number, email, join_date, username, display_name, status_id) values (908, 'rC5`/U"{9iW', '732-429-3727', 'delcombp7@scientificamerican.com', '2023-12-16 23:02:16', 'delcombp7', 'Dulcea Elcomb', 2);
insert into "user" (user_id, password, phone_number, email, join_date, username, display_name, status_id) values (909, 'gV7$G8lrU&~=', '394-181-6132', 'bhartwellp8@xrea.com', '2023-08-27 22:14:07', 'bhartwellp8', 'Beilul Hartwell', 6);
insert into "user" (user_id, password, phone_number, email, join_date, username, display_name, status_id) values (910, 'qQ1=Y|xXOGO$f', '231-299-0394', 'bessexp9@sogou.com', '2023-10-26 01:39:55', 'bessexp9', 'Butch Essex', 6);
insert into "user" (user_id, password, phone_number, email, join_date, username, display_name, status_id) values (911, 'fP3%bjr20`Yhd|0', '672-572-9332', 'mruanepa@howstuffworks.com', '2023-06-15 05:37:14', 'mruanepa', 'Miranda Ruane', 4);
insert into "user" (user_id, password, phone_number, email, join_date, username, display_name, status_id) values (912, 'mN0{WQ1=hl', '507-859-2928', 'bcrosenpb@biblegateway.com', '2023-05-20 12:16:22', 'bcrosenpb', 'Benedick Crosen', 7);
insert into "user" (user_id, password, phone_number, email, join_date, username, display_name, status_id) values (913, 'qU7&NqnZ&#7', '943-395-7294', 'mfisherpc@nbcnews.com', '2024-03-27 17:42:55', 'mfisherpc', 'Marline Fisher', 5);
insert into "user" (user_id, password, phone_number, email, join_date, username, display_name, status_id) values (914, 'aY9@''_(Mc1A', '579-155-5262', 'rfirpopd@cargocollective.com', '2023-09-25 20:53:11', 'rfirpopd', 'Rita Firpo', 3);
insert into "user" (user_id, password, phone_number, email, join_date, username, display_name, status_id) values (915, 'aC0@yq!7', '702-169-5960', 'cchallenorpe@shop-pro.jp', '2023-05-27 06:34:56', 'cchallenorpe', 'Chrissy Challenor', 4);
insert into "user" (user_id, password, phone_number, email, join_date, username, display_name, status_id) values (916, 'eP3*C\W_)SKon', '191-459-1483', 'hheugelpf@toplist.cz', '2023-07-19 07:35:55', 'hheugelpf', 'Haley Heugel', 1);
insert into "user" (user_id, password, phone_number, email, join_date, username, display_name, status_id) values (917, 'gC1.ebW!''{i', '709-355-6714', 'spetruskevichpg@hubpages.com', '2023-12-10 23:22:12', 'spetruskevichpg', 'Sherye Petruskevich', 3);
insert into "user" (user_id, password, phone_number, email, join_date, username, display_name, status_id) values (918, 'fW4>"vrK', '604-873-6556', 'rsaccoph@ask.com', '2023-12-31 21:31:06', 'rsaccoph', 'Roma Sacco', 3);
insert into "user" (user_id, password, phone_number, email, join_date, username, display_name, status_id) values (919, 'oH6~ug#duUTR{', '770-545-2020', 'jstephenspi@ftc.gov', '2023-12-01 13:55:15', 'jstephenspi', 'Jocelyne Stephens', 6);
insert into "user" (user_id, password, phone_number, email, join_date, username, display_name, status_id) values (920, 'zZ2|V''T#L4#Q%>bm', '398-610-7414', 'gwillmotpj@usatoday.com', '2023-05-21 11:35:55', 'gwillmotpj', 'Gigi Willmot', 4);
insert into "user" (user_id, password, phone_number, email, join_date, username, display_name, status_id) values (921, 'lX4<YL!3n', '384-371-4120', 'efardypk@wp.com', '2024-02-27 09:05:25', 'efardypk', 'Emmerich Fardy', 6);
insert into "user" (user_id, password, phone_number, email, join_date, username, display_name, status_id) values (922, 'kO2`/2>6u', '840-948-4529', 'trathbonepl@gnu.org', '2023-04-24 10:39:41', 'trathbonepl', 'Toiboid Rathbone', 1);
insert into "user" (user_id, password, phone_number, email, join_date, username, display_name, status_id) values (923, 'pT4?jNH\$d', '719-611-3051', 'rlaybornpm@yolasite.com', '2023-10-01 22:19:22', 'rlaybornpm', 'Renaldo Layborn', 1);
insert into "user" (user_id, password, phone_number, email, join_date, username, display_name, status_id) values (924, 'dK6@~=lU(!JxN&8)', '368-391-2230', 'okemmettpn@tripod.com', '2023-10-01 10:43:03', 'okemmettpn', 'Orv Kemmett', 5);
insert into "user" (user_id, password, phone_number, email, join_date, username, display_name, status_id) values (925, 'wC3=on=qAp3w1x}*', '534-663-8399', 'iledwardpo@wikia.com', '2024-02-03 02:28:20', 'iledwardpo', 'Issiah Ledward', 4);
insert into "user" (user_id, password, phone_number, email, join_date, username, display_name, status_id) values (926, 'gL2.ro}OT.', '232-297-1629', 'hpappinpp@slashdot.org', '2023-09-14 18:11:43', 'hpappinpp', 'Heriberto Pappin', 4);
insert into "user" (user_id, password, phone_number, email, join_date, username, display_name, status_id) values (927, 'bW8>''ycX{R&JFI', '768-476-9676', 'tstatherspq@google.ru', '2023-08-04 01:29:44', 'tstatherspq', 'Thurston Stathers', 1);
insert into "user" (user_id, password, phone_number, email, join_date, username, display_name, status_id) values (928, 'vQ3/6,Wx%1X', '727-295-8241', 'dcorderypr@rambler.ru', '2023-07-14 19:04:21', 'dcorderypr', 'Devondra Cordery', 7);
insert into "user" (user_id, password, phone_number, email, join_date, username, display_name, status_id) values (929, 'mM3?6~oT*kVgnP', '154-220-5588', 'ilarnps@hp.com', '2024-01-23 14:21:28', 'ilarnps', 'Isidro Larn', 7);
insert into "user" (user_id, password, phone_number, email, join_date, username, display_name, status_id) values (930, 'hY0,Z=IWj*P_1eq+', '715-328-9579', 'dwardept@usa.gov', '2024-03-21 14:36:26', 'dwardept', 'Drusi Warde', 6);
insert into "user" (user_id, password, phone_number, email, join_date, username, display_name, status_id) values (931, 'hU7%uz1>%', '777-983-0640', 'hviverspu@fotki.com', '2023-09-23 18:10:15', 'hviverspu', 'Henderson Vivers', 1);
insert into "user" (user_id, password, phone_number, email, join_date, username, display_name, status_id) values (932, 'uD4+Gvc*', '867-888-9854', 'abeavenpv@ucoz.com', '2023-05-01 18:47:07', 'abeavenpv', 'Aron Beaven', 2);
insert into "user" (user_id, password, phone_number, email, join_date, username, display_name, status_id) values (933, 'lM4{i*y}Xm', '615-340-9282', 'rhouricanpw@a8.net', '2024-02-03 12:31:56', 'rhouricanpw', 'Rock Hourican', 3);
insert into "user" (user_id, password, phone_number, email, join_date, username, display_name, status_id) values (934, 'cM5%_9+YR&yAs', '790-389-1084', 'dcuttingspx@newyorker.com', '2023-12-15 05:14:34', 'dcuttingspx', 'Devonne Cuttings', 1);
insert into "user" (user_id, password, phone_number, email, join_date, username, display_name, status_id) values (935, 'oZ5(9{3GEs', '640-137-5194', 'rtootalpy@si.edu', '2023-05-13 20:42:48', 'rtootalpy', 'Ryley Tootal', 3);
insert into "user" (user_id, password, phone_number, email, join_date, username, display_name, status_id) values (936, 'mS5%ES3''', '233-989-2770', 'mmapespz@xing.com', '2024-04-15 09:00:15', 'mmapespz', 'Maudie Mapes', 3);
insert into "user" (user_id, password, phone_number, email, join_date, username, display_name, status_id) values (937, 'lE6>z&Q9k', '984-888-8443', 'keakleyq0@domainmarket.com', '2023-06-09 07:56:40', 'keakleyq0', 'Karalynn Eakley', 1);
insert into "user" (user_id, password, phone_number, email, join_date, username, display_name, status_id) values (938, 'rN0+6sZ+m!', '192-860-1578', 'ebotfieldq1@wikimedia.org', '2023-08-05 02:25:34', 'ebotfieldq1', 'Ealasaid Botfield', 5);
insert into "user" (user_id, password, phone_number, email, join_date, username, display_name, status_id) values (939, 'iY2#oPV''q,vQefpy', '317-191-4265', 'tbernetteq2@google.ca', '2023-09-11 09:01:59', 'tbernetteq2', 'Tanitansy Bernette', 6);
insert into "user" (user_id, password, phone_number, email, join_date, username, display_name, status_id) values (940, 'gU5)_cU6', '109-556-5429', 'ptevlinq3@jalbum.net', '2023-11-19 12:43:45', 'ptevlinq3', 'Payton Tevlin', 7);
insert into "user" (user_id, password, phone_number, email, join_date, username, display_name, status_id) values (941, 'kH9/\N=#*BZo', '866-152-8774', 'iellgoodq4@marriott.com', '2023-06-08 11:33:18', 'iellgoodq4', 'Irv Ellgood', 7);
insert into "user" (user_id, password, phone_number, email, join_date, username, display_name, status_id) values (942, 'qH5$~ja\kLV9ZQ', '621-325-1229', 'gchalliceq5@mozilla.com', '2023-10-07 13:29:19', 'gchalliceq5', 'Grannie Challice', 3);
insert into "user" (user_id, password, phone_number, email, join_date, username, display_name, status_id) values (943, 'gW0`ogo8O', '944-422-3874', 'prothwellq6@surveymonkey.com', '2023-07-06 06:15:03', 'prothwellq6', 'Perri Rothwell', 5);
insert into "user" (user_id, password, phone_number, email, join_date, username, display_name, status_id) values (944, 'iP5)Kg1{6', '345-667-4759', 'laronsohnq7@mozilla.com', '2023-10-28 18:13:39', 'laronsohnq7', 'Ludovika Aronsohn', 4);
insert into "user" (user_id, password, phone_number, email, join_date, username, display_name, status_id) values (945, 'aU9>~Ldrv', '895-723-5450', 'jverryq8@youtu.be', '2023-06-17 10:43:42', 'jverryq8', 'Jamey Verry', 3);
insert into "user" (user_id, password, phone_number, email, join_date, username, display_name, status_id) values (946, 'mK6@8P!IVQXK)''J', '870-573-0329', 'kbrowseq9@unicef.org', '2023-11-28 00:02:09', 'kbrowseq9', 'Kippie Browse', 1);
insert into "user" (user_id, password, phone_number, email, join_date, username, display_name, status_id) values (947, 'pE3_(jN2', '930-554-2137', 'dcornockqa@goo.ne.jp', '2023-06-04 03:12:46', 'dcornockqa', 'Dorene Cornock', 1);
insert into "user" (user_id, password, phone_number, email, join_date, username, display_name, status_id) values (948, 'qM0~8as4Gob', '878-169-8669', 'fgoulstonqb@networkadvertising.org', '2023-10-23 22:09:32', 'fgoulstonqb', 'Fran Goulston', 4);
insert into "user" (user_id, password, phone_number, email, join_date, username, display_name, status_id) values (949, 'aF4#}5N`F5', '367-911-5774', 'sjuanqc@drupal.org', '2023-04-23 09:07:40', 'sjuanqc', 'Sheryl Juan', 6);
insert into "user" (user_id, password, phone_number, email, join_date, username, display_name, status_id) values (950, 'cA2}mO</pvvuw{F', '220-146-6798', 'rpaprotnyqd@stanford.edu', '2023-04-28 04:44:06', 'rpaprotnyqd', 'Rey Paprotny', 5);
insert into "user" (user_id, password, phone_number, email, join_date, username, display_name, status_id) values (951, 'rV2_I&+~y~g%H''', '166-498-1818', 'phenkenqe@slideshare.net', '2023-11-23 16:53:13', 'phenkenqe', 'Phaedra Henken', 4);
insert into "user" (user_id, password, phone_number, email, join_date, username, display_name, status_id) values (952, 'qF4_q\#Binq', '924-553-2158', 'fnormantonqf@biblegateway.com', '2023-11-03 04:03:02', 'fnormantonqf', 'Felipa Normanton', 7);
insert into "user" (user_id, password, phone_number, email, join_date, username, display_name, status_id) values (953, 'eM7&|.*sbb', '573-753-0392', 'claddqg@cloudflare.com', '2023-10-29 05:47:06', 'claddqg', 'Charleen Ladd', 3);
insert into "user" (user_id, password, phone_number, email, join_date, username, display_name, status_id) values (954, 'fZ3+df(QIVZ)a(~', '567-151-8889', 'abewsyqh@usa.gov', '2024-01-26 00:50:49', 'abewsyqh', 'Alyosha Bewsy', 4);
insert into "user" (user_id, password, phone_number, email, join_date, username, display_name, status_id) values (955, 'pE3(2cvRSFN<9&', '539-543-1916', 'fclaydonqi@wisc.edu', '2023-08-31 12:55:12', 'fclaydonqi', 'Faustine Claydon', 5);
insert into "user" (user_id, password, phone_number, email, join_date, username, display_name, status_id) values (956, 'uU6/GjnwdmW0x', '964-327-5797', 'evivienqj@amazon.co.jp', '2024-03-03 14:34:58', 'evivienqj', 'Ekaterina Vivien', 5);
insert into "user" (user_id, password, phone_number, email, join_date, username, display_name, status_id) values (957, 'dJ8>W3D3>"G', '493-658-7387', 'ibenchqk@csmonitor.com', '2024-01-02 23:08:33', 'ibenchqk', 'Isadore Bench', 2);
insert into "user" (user_id, password, phone_number, email, join_date, username, display_name, status_id) values (958, 'nR9|Om&''PY', '380-652-1680', 'mkewql@usda.gov', '2023-12-15 00:28:54', 'mkewql', 'Margarette Kew', 2);
insert into "user" (user_id, password, phone_number, email, join_date, username, display_name, status_id) values (959, 'iP7.`T*2SpcrRLvm', '784-884-8629', 'jloffheadqm@t-online.de', '2024-01-02 08:30:08', 'jloffheadqm', 'Jenn Loffhead', 1);
insert into "user" (user_id, password, phone_number, email, join_date, username, display_name, status_id) values (960, 'bA8%TU=pxYjZ)PdE', '111-475-7816', 'bemlynqn@usgs.gov', '2023-11-19 04:33:05', 'bemlynqn', 'Barn Emlyn', 5);
insert into "user" (user_id, password, phone_number, email, join_date, username, display_name, status_id) values (961, 'gA9!1Lc1a', '739-483-1156', 'bnavanqo@usnews.com', '2023-06-29 15:47:37', 'bnavanqo', 'Brodie Navan', 4);
insert into "user" (user_id, password, phone_number, email, join_date, username, display_name, status_id) values (962, 'bO1`pd$i2dk', '255-805-7983', 'rbickerqp@slate.com', '2023-11-08 10:18:21', 'rbickerqp', 'Ruperto Bicker', 6);
insert into "user" (user_id, password, phone_number, email, join_date, username, display_name, status_id) values (963, 'xJ4.Uas=al', '680-168-7976', 'cnisbetqq@canalblog.com', '2023-10-12 06:21:18', 'cnisbetqq', 'Clarinda Nisbet', 2);
insert into "user" (user_id, password, phone_number, email, join_date, username, display_name, status_id) values (964, 'vY7~5`y2X/B', '711-360-5269', 'jcoppinqr@tiny.cc', '2023-09-03 01:40:02', 'jcoppinqr', 'Jodi Coppin', 1);
insert into "user" (user_id, password, phone_number, email, join_date, username, display_name, status_id) values (965, 'kS4"b&90<nfxF', '297-990-4660', 'vdahlerqs@virginia.edu', '2023-11-23 05:06:39', 'vdahlerqs', 'Valentia Dahler', 3);
insert into "user" (user_id, password, phone_number, email, join_date, username, display_name, status_id) values (966, 'gN2>V''5*)RoZU,', '429-623-6925', 'jsutcliffqt@moonfruit.com', '2023-11-23 21:24:38', 'jsutcliffqt', 'Janean Sutcliff', 1);
insert into "user" (user_id, password, phone_number, email, join_date, username, display_name, status_id) values (967, 'aT6+u?k8', '923-821-3774', 'rshepperdqu@1und1.de', '2023-07-09 21:33:13', 'rshepperdqu', 'Risa Shepperd', 4);
insert into "user" (user_id, password, phone_number, email, join_date, username, display_name, status_id) values (968, 'hV3>iTJK`', '437-971-6270', 'smowatqv@ebay.co.uk', '2023-12-24 10:52:15', 'smowatqv', 'Sheryl Mowat', 6);
insert into "user" (user_id, password, phone_number, email, join_date, username, display_name, status_id) values (969, 'yF8#TfW}', '799-169-3796', 'givasechkoqw@umich.edu', '2023-10-14 17:35:59', 'givasechkoqw', 'Gerry Ivasechko', 7);
insert into "user" (user_id, password, phone_number, email, join_date, username, display_name, status_id) values (970, 'pW3`TD>b&l', '855-116-9598', 'nsaraqx@miitbeian.gov.cn', '2023-07-20 13:50:07', 'nsaraqx', 'Noami Sara', 3);
insert into "user" (user_id, password, phone_number, email, join_date, username, display_name, status_id) values (971, 'jG1@7(Ct@', '996-116-4801', 'dgatchelqy@google.es', '2024-03-15 03:49:10', 'dgatchelqy', 'Doroteya Gatchel', 5);
insert into "user" (user_id, password, phone_number, email, join_date, username, display_name, status_id) values (972, 'yC3?my{,UH', '451-143-0046', 'pbassamqz@si.edu', '2023-06-11 17:02:04', 'pbassamqz', 'Piper Bassam', 2);
insert into "user" (user_id, password, phone_number, email, join_date, username, display_name, status_id) values (973, 'sV4`NqPYm1t7,+', '285-241-0452', 'ctregenzar0@umich.edu', '2023-06-15 13:17:45', 'ctregenzar0', 'Carmencita Tregenza', 7);
insert into "user" (user_id, password, phone_number, email, join_date, username, display_name, status_id) values (974, 'cX5&?q4t}eu&#i<', '817-576-1114', 'sstonehamr1@github.com', '2023-12-10 02:37:39', 'sstonehamr1', 'Scarlet Stoneham', 3);
insert into "user" (user_id, password, phone_number, email, join_date, username, display_name, status_id) values (975, 'dL3#ZQ){', '387-850-6531', 'kchomiczr2@unblog.fr', '2023-07-15 17:52:56', 'kchomiczr2', 'Katti Chomicz', 1);
insert into "user" (user_id, password, phone_number, email, join_date, username, display_name, status_id) values (976, 'aY6$Nx!sT{&', '657-493-1001', 'ckettlestingr3@exblog.jp', '2024-01-13 01:56:00', 'ckettlestingr3', 'Coletta Kettlesting', 7);
insert into "user" (user_id, password, phone_number, email, join_date, username, display_name, status_id) values (977, 'aZ7(|)0sJ', '878-624-2741', 'wgregolr4@addtoany.com', '2023-09-21 01:21:59', 'wgregolr4', 'Wittie Gregol', 2);
insert into "user" (user_id, password, phone_number, email, join_date, username, display_name, status_id) values (978, 'hP0{V}U&ASEm', '155-192-3329', 'ctorresir5@lulu.com', '2023-05-14 16:22:04', 'ctorresir5', 'Colin Torresi', 1);
insert into "user" (user_id, password, phone_number, email, join_date, username, display_name, status_id) values (979, 'hG0(TOBO', '824-598-1609', 'meastwoodr6@ycombinator.com', '2023-10-17 03:51:32', 'meastwoodr6', 'Margi Eastwood', 7);
insert into "user" (user_id, password, phone_number, email, join_date, username, display_name, status_id) values (980, 'gA8\sueMYobd', '905-850-4992', 'gfrowder7@ameblo.jp', '2023-11-12 06:52:09', 'gfrowder7', 'Gustave Frowde', 1);
insert into "user" (user_id, password, phone_number, email, join_date, username, display_name, status_id) values (981, 'xD1(tkp<6', '258-344-6677', 'elandsmanr8@eepurl.com', '2023-07-26 07:16:38', 'elandsmanr8', 'Evy Landsman', 6);
insert into "user" (user_id, password, phone_number, email, join_date, username, display_name, status_id) values (982, 'jV2,zF38uQ@Mj)3', '573-752-6013', 'wbullerr9@prnewswire.com', '2023-11-12 19:11:24', 'wbullerr9', 'Winifred Buller', 3);
insert into "user" (user_id, password, phone_number, email, join_date, username, display_name, status_id) values (983, 'jW4\T+ioHqX57/R', '234-137-0181', 'dspantonra@dailymail.co.uk', '2024-01-14 05:32:29', 'dspantonra', 'Didi Spanton', 3);
insert into "user" (user_id, password, phone_number, email, join_date, username, display_name, status_id) values (984, 'vB9!t#ALf,y#G', '572-820-2907', 'srodmellrb@chicagotribune.com', '2024-02-01 10:41:56', 'srodmellrb', 'Shirleen Rodmell', 3);
insert into "user" (user_id, password, phone_number, email, join_date, username, display_name, status_id) values (985, 'hJ2(B6{`DdW{s', '220-827-7981', 'kdaviorc@yahoo.co.jp', '2023-05-17 07:16:00', 'kdaviorc', 'Kariotta Davio', 6);
insert into "user" (user_id, password, phone_number, email, join_date, username, display_name, status_id) values (986, 'nJ8_by4r*LUuk1}R', '631-393-2997', 'sgilfetherrd@newsvine.com', '2023-10-26 20:22:44', 'sgilfetherrd', 'Sutton Gilfether', 5);
insert into "user" (user_id, password, phone_number, email, join_date, username, display_name, status_id) values (987, 'jH3)%q<nrTuV4Qf2', '951-320-7915', 'slangrickre@parallels.com', '2023-05-15 05:45:17', 'slangrickre', 'Sheffie Langrick', 6);
insert into "user" (user_id, password, phone_number, email, join_date, username, display_name, status_id) values (988, 'hB3>/7P.}(UK', '244-730-8583', 'cpealingrf@soup.io', '2023-04-18 18:13:06', 'cpealingrf', 'Corenda Pealing', 7);
insert into "user" (user_id, password, phone_number, email, join_date, username, display_name, status_id) values (989, 'eJ6<#)\<UTfd`H8', '478-108-7773', 'cbanfillrg@mapy.cz', '2023-05-05 21:24:34', 'cbanfillrg', 'Cathryn Banfill', 5);
insert into "user" (user_id, password, phone_number, email, join_date, username, display_name, status_id) values (990, 'fT1#8Q<aWp.j', '982-373-0898', 'acrewsrh@clickbank.net', '2024-03-19 05:28:01', 'acrewsrh', 'Amelie Crews', 7);
insert into "user" (user_id, password, phone_number, email, join_date, username, display_name, status_id) values (991, 'vV0!>y@jBh3"W?', '994-709-1442', 'jfiddymontri@answers.com', '2024-03-28 21:03:51', 'jfiddymontri', 'Josiah Fiddymont', 5);
insert into "user" (user_id, password, phone_number, email, join_date, username, display_name, status_id) values (992, 'wF4&GEXU7c49W', '293-118-9750', 'jgreslyrj@va.gov', '2023-06-11 19:00:36', 'jgreslyrj', 'Jodie Gresly', 6);
insert into "user" (user_id, password, phone_number, email, join_date, username, display_name, status_id) values (993, 'mR3|{Zc`$', '582-797-0220', 'astarcksrk@nhs.uk', '2023-12-25 08:35:03', 'astarcksrk', 'Anetta Starcks', 6);
insert into "user" (user_id, password, phone_number, email, join_date, username, display_name, status_id) values (994, 'eI6$VRWx#0kS1+', '801-549-8307', 'lgasnellrl@liveinternet.ru', '2023-08-06 20:44:56', 'lgasnellrl', 'Lyell Gasnell', 5);
insert into "user" (user_id, password, phone_number, email, join_date, username, display_name, status_id) values (995, 'jN9|''ALp#hr\', '486-475-6412', 'ramisrm@zimbio.com', '2023-05-08 08:56:27', 'ramisrm', 'Rozanna Amis', 5);
insert into "user" (user_id, password, phone_number, email, join_date, username, display_name, status_id) values (996, 'tQ2)G{.{$', '492-293-4806', 'dfallarn@cdbaby.com', '2023-11-28 19:43:32', 'dfallarn', 'Delly Falla', 4);
insert into "user" (user_id, password, phone_number, email, join_date, username, display_name, status_id) values (997, 'jW2\eng=IfMfA', '754-974-5184', 'mlaugheranro@kickstarter.com', '2023-07-25 23:14:11', 'mlaugheranro', 'Marielle Laugheran', 6);
insert into "user" (user_id, password, phone_number, email, join_date, username, display_name, status_id) values (998, 'bP3*Wm2Yd*/H@+04', '375-742-7124', 'kbrungerrp@reference.com', '2023-08-24 09:56:12', 'kbrungerrp', 'Kent Brunger', 2);
insert into "user" (user_id, password, phone_number, email, join_date, username, display_name, status_id) values (999, 'tZ4+1zx>h', '608-418-1225', 'jprichetrq@slate.com', '2023-04-26 18:09:21', 'jprichetrq', 'Jeramie Prichet', 1);
insert into "user" (user_id, password, phone_number, email, join_date, username, display_name, status_id) values (1000, 'fT2/7*A\LzpHLcQc', '917-411-1342', 'dfeatherrr@drupal.org', '2024-01-16 05:36:26', 'dfeatherrr', 'Demetre Feather', 4);

insert into role (user_id, server_id, role) values (219, 4, 'iluhwfhzrshb');
insert into role (user_id, server_id, role) values (143, 3, 'campsnqmzxjp');
insert into role (user_id, server_id, role) values (790, 85, 'mxrhbwhiwyrw');
insert into role (user_id, server_id, role) values (608, 35, 'lullwqtslaqu');
insert into role (user_id, server_id, role) values (598, 5, 'qoqtzqixnvkp');
insert into role (user_id, server_id, role) values (752, 22, 'ajwyysfsiejy');
insert into role (user_id, server_id, role) values (967, 48, 'wsdfjvggyfvu');
insert into role (user_id, server_id, role) values (795, 85, 'snirizwddrkt');
insert into role (user_id, server_id, role) values (455, 14, 'toxzcuzoghcp');
insert into role (user_id, server_id, role) values (312, 55, 'ywdxbbphpbwa');
insert into role (user_id, server_id, role) values (539, 26, 'skdciqntuhey');
insert into role (user_id, server_id, role) values (662, 9, 'uyjqardwqmsb');
insert into role (user_id, server_id, role) values (735, 28, 'lmuozvqdqkjp');
insert into role (user_id, server_id, role) values (296, 31, 'eiluxggzgcrj');
insert into role (user_id, server_id, role) values (530, 6, 'iikttkmuugbt');
insert into role (user_id, server_id, role) values (861, 17, 'kbncmtrqsfaq');
insert into role (user_id, server_id, role) values (58, 35, 'tlrrxvqgvnvc');
insert into role (user_id, server_id, role) values (523, 72, 'nvjmywwsusvw');
insert into role (user_id, server_id, role) values (794, 50, 'kzutdqjxmctm');
insert into role (user_id, server_id, role) values (907, 38, 'ltuylqodwtgr');
insert into role (user_id, server_id, role) values (369, 37, 'rnpjkmrbuqbc');
insert into role (user_id, server_id, role) values (26, 38, 'rheuohzzrpop');
insert into role (user_id, server_id, role) values (667, 47, 'lwaufqirgwrg');
insert into role (user_id, server_id, role) values (312, 96, 'vqkdwxcspfmj');
insert into role (user_id, server_id, role) values (740, 52, 'vfsukhufkmim');
insert into role (user_id, server_id, role) values (167, 83, 'joycyvnerepn');
insert into role (user_id, server_id, role) values (297, 1, 'vfvsxfujrbfs');
insert into role (user_id, server_id, role) values (728, 93, 'rogmwksphyjp');
insert into role (user_id, server_id, role) values (44, 32, 'kmgibieydhzd');
insert into role (user_id, server_id, role) values (995, 75, 'gvxdkvwhufte');
insert into role (user_id, server_id, role) values (807, 79, 'fhllshcvfett');
insert into role (user_id, server_id, role) values (205, 84, 'rfxliaczmmlc');
insert into role (user_id, server_id, role) values (632, 11, 'arloyrnhrswo');
insert into role (user_id, server_id, role) values (64, 34, 'ekhwwepqdqbj');
insert into role (user_id, server_id, role) values (105, 3, 'frzutarbwuad');
insert into role (user_id, server_id, role) values (580, 50, 'jzdaiqwzlmgb');
insert into role (user_id, server_id, role) values (225, 3, 'rttsmjzsoqbt');
insert into role (user_id, server_id, role) values (982, 74, 'urcqbpqzoxhj');
insert into role (user_id, server_id, role) values (740, 15, 'gtjkhunuwxbb');
insert into role (user_id, server_id, role) values (677, 21, 'fympbxszbrjc');
insert into role (user_id, server_id, role) values (438, 56, 'gmwndugascao');
insert into role (user_id, server_id, role) values (881, 81, 'yaszbzzafdny');
insert into role (user_id, server_id, role) values (185, 22, 'aqbzksikrhmk');
insert into role (user_id, server_id, role) values (313, 69, 'bubcadpheekb');
insert into role (user_id, server_id, role) values (744, 14, 'yhxgngseebmy');
insert into role (user_id, server_id, role) values (99, 78, 'vfjgvoxwdrpp');
insert into role (user_id, server_id, role) values (223, 57, 'axdbcmiyiuza');
insert into role (user_id, server_id, role) values (669, 73, 'fekbbbjplmgy');
insert into role (user_id, server_id, role) values (457, 84, 'zjcdxlmahjsh');
insert into role (user_id, server_id, role) values (202, 84, 'naoccnkvgjiy');
insert into role (user_id, server_id, role) values (854, 14, 'zhaagebduhdk');
insert into role (user_id, server_id, role) values (556, 18, 'vogivbvcwuyn');
insert into role (user_id, server_id, role) values (297, 66, 'ybdjiwgzwfjp');
insert into role (user_id, server_id, role) values (660, 51, 'dnrxsnkkhhee');
insert into role (user_id, server_id, role) values (822, 88, 'burtovsumgzh');
insert into role (user_id, server_id, role) values (755, 55, 'qsflgrhnknix');
insert into role (user_id, server_id, role) values (700, 50, 'vcuvxfjostoq');
insert into role (user_id, server_id, role) values (312, 11, 'xgnjsezrwngv');
insert into role (user_id, server_id, role) values (176, 40, 'boafxueuomfb');
insert into role (user_id, server_id, role) values (197, 97, 'gtrquxzmwmtj');
insert into role (user_id, server_id, role) values (144, 26, 'fqfrwdwvflzu');
insert into role (user_id, server_id, role) values (482, 92, 'jpzsrwqbfgfx');
insert into role (user_id, server_id, role) values (828, 100, 'teshpbbmyltx');
insert into role (user_id, server_id, role) values (767, 38, 'iimglfmwptul');
insert into role (user_id, server_id, role) values (5, 29, 'cjnuddemuyni');
insert into role (user_id, server_id, role) values (866, 73, 'vyfvevgtimty');
insert into role (user_id, server_id, role) values (650, 46, 'hjlaxcahowjr');
insert into role (user_id, server_id, role) values (792, 52, 'elzfxxxneqrg');
insert into role (user_id, server_id, role) values (120, 18, 'hzyuuqeanhui');
insert into role (user_id, server_id, role) values (483, 63, 'iyurbnctjgbb');
insert into role (user_id, server_id, role) values (297, 25, 'ezmkiveuwcoj');
insert into role (user_id, server_id, role) values (259, 35, 'kpgmjdnlonid');
insert into role (user_id, server_id, role) values (71, 20, 'syerwtnewegt');
insert into role (user_id, server_id, role) values (497, 50, 'mnesbjbpizvx');
insert into role (user_id, server_id, role) values (560, 49, 'cxgzcwqzdzxy');
insert into role (user_id, server_id, role) values (419, 1, 'pzbgodlkajtt');
insert into role (user_id, server_id, role) values (342, 71, 'yqejzbslqxel');
insert into role (user_id, server_id, role) values (861, 57, 'xgmdfvogvfqa');
insert into role (user_id, server_id, role) values (690, 52, 'dbrehpqtxtxe');
insert into role (user_id, server_id, role) values (953, 57, 'jhrubatoqnkv');
insert into role (user_id, server_id, role) values (282, 90, 'wereyckgkpce');
insert into role (user_id, server_id, role) values (261, 85, 'kjkvfomuclsy');
insert into role (user_id, server_id, role) values (883, 71, 'zbfampludabp');
insert into role (user_id, server_id, role) values (572, 77, 'vrrcdrlxxaid');
insert into role (user_id, server_id, role) values (564, 1, 'fefbkuiovzqo');
insert into role (user_id, server_id, role) values (892, 61, 'bysyppxyvxgv');
insert into role (user_id, server_id, role) values (198, 50, 'doebmrmxprhc');
insert into role (user_id, server_id, role) values (645, 21, 'qachlnkaqwho');
insert into role (user_id, server_id, role) values (832, 54, 'lbpstbyzlinp');
insert into role (user_id, server_id, role) values (890, 14, 'jqprqstmdgmv');
insert into role (user_id, server_id, role) values (137, 76, 'qulvmfcehppd');
insert into role (user_id, server_id, role) values (472, 90, 'uefhhgtmnexf');
insert into role (user_id, server_id, role) values (102, 90, 'zixjbpjleoom');
insert into role (user_id, server_id, role) values (347, 44, 'tlybomnjiakq');
insert into role (user_id, server_id, role) values (93, 55, 'jrbbtacibzgs');
insert into role (user_id, server_id, role) values (961, 65, 'nueplcqpzjlx');
insert into role (user_id, server_id, role) values (424, 33, 'iuwdylhxuept');
insert into role (user_id, server_id, role) values (70, 51, 'mvcdwuwstovq');
insert into role (user_id, server_id, role) values (444, 14, 'ruurvgglpsoq');
insert into role (user_id, server_id, role) values (929, 50, 'wcxqzmrvttio');

insert into server (server_id, owner_id, name, creation_date) values (1, 5, 'Farrell Group', '2023-09-06 17:17:53');
insert into server (server_id, owner_id, name, creation_date) values (2, 34, 'Walker, Little and Jakubowski', '2023-11-01 23:20:56');
insert into server (server_id, owner_id, name, creation_date) values (3, 66, 'Christiansen-Prosacco', '2023-05-27 00:00:24');
insert into server (server_id, owner_id, name, creation_date) values (4, 75, 'Conroy-Leffler', '2024-04-06 09:27:09');
insert into server (server_id, owner_id, name, creation_date) values (5, 96, 'Hudson-Feest', '2024-02-25 22:45:13');
insert into server (server_id, owner_id, name, creation_date) values (6, 79, 'Wolff-Rau', '2023-11-19 01:02:17');
insert into server (server_id, owner_id, name, creation_date) values (7, 47, 'Moore, MacGyver and Tillman', '2023-09-19 17:27:22');
insert into server (server_id, owner_id, name, creation_date) values (8, 85, 'Hintz LLC', '2023-04-19 21:10:38');
insert into server (server_id, owner_id, name, creation_date) values (9, 72, 'Reichert-Kemmer', '2023-07-08 01:56:12');
insert into server (server_id, owner_id, name, creation_date) values (10, 7, 'Russel Group', '2023-12-18 09:47:23');
insert into server (server_id, owner_id, name, creation_date) values (11, 47, 'Sauer Group', '2024-01-07 14:44:18');
insert into server (server_id, owner_id, name, creation_date) values (12, 100, 'Quigley-Stroman', '2024-03-28 07:41:34');
insert into server (server_id, owner_id, name, creation_date) values (13, 75, 'Gulgowski, Spencer and Lueilwitz', '2024-04-07 02:22:37');
insert into server (server_id, owner_id, name, creation_date) values (14, 45, 'Fay Inc', '2023-07-01 12:02:04');
insert into server (server_id, owner_id, name, creation_date) values (15, 68, 'Quitzon, Terry and Spencer', '2024-02-18 15:14:48');
insert into server (server_id, owner_id, name, creation_date) values (16, 96, 'Gusikowski LLC', '2023-06-28 16:50:50');
insert into server (server_id, owner_id, name, creation_date) values (17, 2, 'McKenzie-Reynolds', '2023-09-15 15:22:13');
insert into server (server_id, owner_id, name, creation_date) values (18, 13, 'Runolfsson LLC', '2023-12-29 15:19:20');
insert into server (server_id, owner_id, name, creation_date) values (19, 29, 'Medhurst, Keeling and Conroy', '2023-09-13 08:18:57');
insert into server (server_id, owner_id, name, creation_date) values (20, 8, 'Waters, Schimmel and Bradtke', '2023-11-12 09:53:59');
insert into server (server_id, owner_id, name, creation_date) values (21, 19, 'Witting Group', '2023-07-08 13:36:47');
insert into server (server_id, owner_id, name, creation_date) values (22, 21, 'Becker, Ratke and Okuneva', '2023-09-23 12:11:39');
insert into server (server_id, owner_id, name, creation_date) values (23, 30, 'McGlynn-Collins', '2023-07-23 02:31:44');
insert into server (server_id, owner_id, name, creation_date) values (24, 62, 'Wyman, Wintheiser and Upton', '2023-08-08 04:34:00');
insert into server (server_id, owner_id, name, creation_date) values (25, 48, 'Hammes LLC', '2023-10-28 19:44:20');
insert into server (server_id, owner_id, name, creation_date) values (26, 37, 'Shields Group', '2023-12-25 05:26:13');
insert into server (server_id, owner_id, name, creation_date) values (27, 95, 'Bergstrom LLC', '2023-10-10 08:45:59');
insert into server (server_id, owner_id, name, creation_date) values (28, 3, 'Hermiston, Beahan and Reynolds', '2023-09-11 01:54:23');
insert into server (server_id, owner_id, name, creation_date) values (29, 77, 'Jones LLC', '2024-03-13 05:39:08');
insert into server (server_id, owner_id, name, creation_date) values (30, 43, 'Leannon LLC', '2023-05-26 18:23:43');
insert into server (server_id, owner_id, name, creation_date) values (31, 34, 'Collier, Herman and Bayer', '2023-07-31 14:32:39');
insert into server (server_id, owner_id, name, creation_date) values (32, 14, 'Hessel, Koss and Wiegand', '2024-01-25 16:40:17');
insert into server (server_id, owner_id, name, creation_date) values (33, 63, 'Brown, Hane and Rogahn', '2023-07-08 01:03:58');
insert into server (server_id, owner_id, name, creation_date) values (34, 93, 'Nicolas Inc', '2023-09-17 21:49:38');
insert into server (server_id, owner_id, name, creation_date) values (35, 57, 'Heller-Blanda', '2023-11-23 13:37:17');
insert into server (server_id, owner_id, name, creation_date) values (36, 19, 'Nicolas, Glover and Luettgen', '2023-08-12 16:43:30');
insert into server (server_id, owner_id, name, creation_date) values (37, 23, 'Lebsack-VonRueden', '2023-04-23 18:12:30');
insert into server (server_id, owner_id, name, creation_date) values (38, 47, 'Pagac-Mohr', '2023-10-02 15:02:06');
insert into server (server_id, owner_id, name, creation_date) values (39, 64, 'Balistreri, Macejkovic and Kuvalis', '2023-05-31 23:22:25');
insert into server (server_id, owner_id, name, creation_date) values (40, 38, 'Lueilwitz, Hegmann and Jakubowski', '2023-07-08 04:40:48');
insert into server (server_id, owner_id, name, creation_date) values (41, 21, 'Volkman-Senger', '2023-08-08 19:22:13');
insert into server (server_id, owner_id, name, creation_date) values (42, 7, 'Ritchie-Dooley', '2023-11-25 05:18:55');
insert into server (server_id, owner_id, name, creation_date) values (43, 100, 'Gorczany Group', '2023-08-07 21:05:49');
insert into server (server_id, owner_id, name, creation_date) values (44, 4, 'Prohaska Inc', '2023-08-28 09:27:28');
insert into server (server_id, owner_id, name, creation_date) values (45, 36, 'Medhurst-Schmidt', '2023-07-31 02:11:01');
insert into server (server_id, owner_id, name, creation_date) values (46, 50, 'Hyatt and Sons', '2023-12-14 09:04:40');
insert into server (server_id, owner_id, name, creation_date) values (47, 47, 'Jakubowski-Rolfson', '2023-10-29 12:44:57');
insert into server (server_id, owner_id, name, creation_date) values (48, 46, 'Schroeder Group', '2023-09-16 09:04:50');
insert into server (server_id, owner_id, name, creation_date) values (49, 61, 'Hermiston LLC', '2023-11-19 18:39:25');
insert into server (server_id, owner_id, name, creation_date) values (50, 9, 'Turner Group', '2023-06-29 23:41:22');
insert into server (server_id, owner_id, name, creation_date) values (51, 36, 'Harris-Emard', '2023-12-09 21:09:17');
insert into server (server_id, owner_id, name, creation_date) values (52, 4, 'Brekke Inc', '2023-05-19 14:20:48');
insert into server (server_id, owner_id, name, creation_date) values (53, 55, 'Runolfsson LLC', '2024-04-14 13:46:41');
insert into server (server_id, owner_id, name, creation_date) values (54, 67, 'Corwin LLC', '2023-09-06 21:59:14');
insert into server (server_id, owner_id, name, creation_date) values (55, 40, 'Stoltenberg-Zboncak', '2023-10-22 13:48:49');
insert into server (server_id, owner_id, name, creation_date) values (56, 55, 'Dickens, Daniel and Hane', '2023-12-08 01:26:56');
insert into server (server_id, owner_id, name, creation_date) values (57, 55, 'Morar, Lehner and Bergstrom', '2024-03-27 13:40:43');
insert into server (server_id, owner_id, name, creation_date) values (58, 17, 'Buckridge-Mertz', '2024-01-20 17:31:54');
insert into server (server_id, owner_id, name, creation_date) values (59, 2, 'Johnston and Sons', '2023-11-17 14:05:14');
insert into server (server_id, owner_id, name, creation_date) values (60, 35, 'Johnson Group', '2023-11-15 02:01:28');
insert into server (server_id, owner_id, name, creation_date) values (61, 8, 'Kuhlman-Feeney', '2024-01-20 00:52:02');
insert into server (server_id, owner_id, name, creation_date) values (62, 73, 'Howell, Macejkovic and McLaughlin', '2023-06-20 06:48:16');
insert into server (server_id, owner_id, name, creation_date) values (63, 32, 'Barton, O''Kon and Hintz', '2023-06-18 18:40:52');
insert into server (server_id, owner_id, name, creation_date) values (64, 98, 'McClure Inc', '2023-10-24 06:30:57');
insert into server (server_id, owner_id, name, creation_date) values (65, 15, 'O''Reilly-Cremin', '2023-11-20 01:01:55');
insert into server (server_id, owner_id, name, creation_date) values (66, 56, 'Schaden Group', '2023-04-20 21:37:48');
insert into server (server_id, owner_id, name, creation_date) values (67, 8, 'Mann LLC', '2023-10-12 10:23:26');
insert into server (server_id, owner_id, name, creation_date) values (68, 13, 'Flatley-Metz', '2023-06-01 17:11:45');
insert into server (server_id, owner_id, name, creation_date) values (69, 58, 'Ritchie, Bergnaum and Ankunding', '2023-08-24 07:49:06');
insert into server (server_id, owner_id, name, creation_date) values (70, 99, 'Torp, Spencer and Mohr', '2024-01-07 10:39:18');
insert into server (server_id, owner_id, name, creation_date) values (71, 96, 'Stark-Green', '2023-06-17 05:35:42');
insert into server (server_id, owner_id, name, creation_date) values (72, 44, 'Brown-McDermott', '2023-06-26 11:58:41');
insert into server (server_id, owner_id, name, creation_date) values (73, 67, 'Aufderhar, Hahn and Cruickshank', '2024-03-19 13:48:48');
insert into server (server_id, owner_id, name, creation_date) values (74, 91, 'Prosacco and Sons', '2023-10-08 17:43:35');
insert into server (server_id, owner_id, name, creation_date) values (75, 95, 'Marquardt-Farrell', '2024-01-01 18:56:08');
insert into server (server_id, owner_id, name, creation_date) values (76, 12, 'Johns and Sons', '2024-01-05 23:20:19');
insert into server (server_id, owner_id, name, creation_date) values (77, 39, 'Marquardt-Feeney', '2023-08-23 03:53:33');
insert into server (server_id, owner_id, name, creation_date) values (78, 38, 'Haley, Tromp and Grimes', '2023-05-12 17:09:07');
insert into server (server_id, owner_id, name, creation_date) values (79, 36, 'Spencer-Harvey', '2024-01-31 18:30:32');
insert into server (server_id, owner_id, name, creation_date) values (80, 47, 'Altenwerth LLC', '2023-10-27 02:03:32');
insert into server (server_id, owner_id, name, creation_date) values (81, 28, 'Greenfelder-Becker', '2024-01-25 00:09:47');
insert into server (server_id, owner_id, name, creation_date) values (82, 16, 'Boehm, Sawayn and McClure', '2023-09-25 12:05:01');
insert into server (server_id, owner_id, name, creation_date) values (83, 59, 'Schimmel, Greenholt and Von', '2024-02-21 13:40:08');
insert into server (server_id, owner_id, name, creation_date) values (84, 90, 'Kshlerin Group', '2024-03-19 03:40:04');
insert into server (server_id, owner_id, name, creation_date) values (85, 68, 'Flatley and Sons', '2024-01-21 02:51:33');
insert into server (server_id, owner_id, name, creation_date) values (86, 73, 'Rohan-Collins', '2023-12-05 14:39:25');
insert into server (server_id, owner_id, name, creation_date) values (87, 89, 'Welch-Cronin', '2023-11-25 03:32:53');
insert into server (server_id, owner_id, name, creation_date) values (88, 17, 'Daugherty-Stamm', '2024-03-02 23:13:09');
insert into server (server_id, owner_id, name, creation_date) values (89, 55, 'Price, McLaughlin and Fisher', '2023-06-28 12:25:36');
insert into server (server_id, owner_id, name, creation_date) values (90, 74, 'Swaniawski, Stehr and McCullough', '2024-03-29 07:52:46');
insert into server (server_id, owner_id, name, creation_date) values (91, 34, 'Moen, Marquardt and Parisian', '2024-01-27 15:00:42');
insert into server (server_id, owner_id, name, creation_date) values (92, 51, 'Schoen, Cummings and Champlin', '2024-02-09 10:15:56');
insert into server (server_id, owner_id, name, creation_date) values (93, 60, 'Bailey and Sons', '2024-04-16 22:22:16');
insert into server (server_id, owner_id, name, creation_date) values (94, 83, 'Wisoky, Beier and Graham', '2023-11-21 22:43:52');
insert into server (server_id, owner_id, name, creation_date) values (95, 43, 'Bode, Reichert and Crona', '2023-09-15 14:55:57');
insert into server (server_id, owner_id, name, creation_date) values (96, 55, 'Wolf LLC', '2024-03-09 14:06:28');
insert into server (server_id, owner_id, name, creation_date) values (97, 36, 'Hoeger Inc', '2024-01-13 13:28:13');
insert into server (server_id, owner_id, name, creation_date) values (98, 2, 'Kreiger, Wehner and Schmeler', '2024-02-28 07:53:43');
insert into server (server_id, owner_id, name, creation_date) values (99, 48, 'Cummings, Hettinger and Jerde', '2023-09-27 22:25:18');
insert into server (server_id, owner_id, name, creation_date) values (100, 94, 'Schmitt, Ritchie and Blick', '2023-09-15 18:27:07');

insert into "group" (group_id, group_name, owner_id) values (1, 'Lar Airport', 301);
insert into "group" (group_id, group_name, owner_id) values (2, 'Eureka Airport', 706);
insert into "group" (group_id, group_name, owner_id) values (3, 'Cincinnati Municipal Airport Lunken Field', 457);
insert into "group" (group_id, group_name, owner_id) values (4, 'George Downer Airport', 176);
insert into "group" (group_id, group_name, owner_id) values (5, 'Ronald Reagan Washington National Airport', 697);
insert into "group" (group_id, group_name, owner_id) values (6, 'Jaipur International Airport', 551);
insert into "group" (group_id, group_name, owner_id) values (7, 'Subic Bay International Airport', 203);
insert into "group" (group_id, group_name, owner_id) values (8, 'Van Ferit Melen Airport', 169);
insert into "group" (group_id, group_name, owner_id) values (9, 'Amlcar Cabral International Airport', 542);
insert into "group" (group_id, group_name, owner_id) values (10, 'Baotou Airport', 251);
insert into "group" (group_id, group_name, owner_id) values (11, 'Aasiaat Airport', 997);
insert into "group" (group_id, group_name, owner_id) values (12, 'Jiayuguan Airport', 884);
insert into "group" (group_id, group_name, owner_id) values (13, 'Paz De Ariporo Airport', 515);
insert into "group" (group_id, group_name, owner_id) values (14, 'Kempsey Airport', 690);
insert into "group" (group_id, group_name, owner_id) values (15, 'Talhar Airport', 545);
insert into "group" (group_id, group_name, owner_id) values (16, 'Kumamoto Airport', 351);
insert into "group" (group_id, group_name, owner_id) values (17, 'Blimbingsari Airport', 879);
insert into "group" (group_id, group_name, owner_id) values (18, 'Montrose Regional Airport', 852);
insert into "group" (group_id, group_name, owner_id) values (19, 'Kharkiv International Airport', 55);
insert into "group" (group_id, group_name, owner_id) values (20, 'Austin Bergstrom International Airport', 91);
insert into "group" (group_id, group_name, owner_id) values (21, 'Kuching International Airport', 562);
insert into "group" (group_id, group_name, owner_id) values (22, 'Cooma Snowy Mountains Airport', 669);
insert into "group" (group_id, group_name, owner_id) values (23, 'Bradley International Airport', 3);
insert into "group" (group_id, group_name, owner_id) values (24, 'Malanje Airport', 668);
insert into "group" (group_id, group_name, owner_id) values (25, 'Cuatro Vientos Airport', 294);
insert into "group" (group_id, group_name, owner_id) values (26, 'Cessnock Airport', 722);
insert into "group" (group_id, group_name, owner_id) values (27, 'Piloto Osvaldo Marques Dias Airport', 72);
insert into "group" (group_id, group_name, owner_id) values (28, 'Larsen Bay Airport', 801);
insert into "group" (group_id, group_name, owner_id) values (29, 'Long Xuyn Airport', 713);
insert into "group" (group_id, group_name, owner_id) values (30, 'Noshahr Airport', 812);
insert into "group" (group_id, group_name, owner_id) values (31, 'Taba International Airport', 291);
insert into "group" (group_id, group_name, owner_id) values (32, 'Kirkland Lake Airport', 559);
insert into "group" (group_id, group_name, owner_id) values (33, 'Iturup Airport', 784);
insert into "group" (group_id, group_name, owner_id) values (34, 'Cairo West Airport', 15);
insert into "group" (group_id, group_name, owner_id) values (35, 'Walgett Airport', 9);
insert into "group" (group_id, group_name, owner_id) values (36, 'Campo do Meio Airport', 889);
insert into "group" (group_id, group_name, owner_id) values (37, 'Rabat-Sal Airport', 208);
insert into "group" (group_id, group_name, owner_id) values (38, 'Tahoua Airport', 971);
insert into "group" (group_id, group_name, owner_id) values (39, 'Derby Airport', 636);
insert into "group" (group_id, group_name, owner_id) values (40, 'San Javier Airport', 506);
insert into "group" (group_id, group_name, owner_id) values (41, 'Nicholson Airport', 448);
insert into "group" (group_id, group_name, owner_id) values (42, 'Catalo Airport', 42);
insert into "group" (group_id, group_name, owner_id) values (43, 'Mariquita Airport', 965);
insert into "group" (group_id, group_name, owner_id) values (44, 'Acadiana Regional Airport', 907);
insert into "group" (group_id, group_name, owner_id) values (45, 'Myitkyina Airport', 234);
insert into "group" (group_id, group_name, owner_id) values (46, 'Sehonghong Airport', 175);
insert into "group" (group_id, group_name, owner_id) values (47, 'Latina Air Base', 811);
insert into "group" (group_id, group_name, owner_id) values (48, 'Pamplona Airport', 216);
insert into "group" (group_id, group_name, owner_id) values (49, 'Langley Airport', 97);
insert into "group" (group_id, group_name, owner_id) values (50, 'Fair Isle Airport', 146);

insert into message (message_id, sender_id, sent_date, message) values (1, 524, '2024-03-19 01:09:31', 'hivqxguoohqknkeuukuttehuwhdehggqipewszyxfcchivonzytffsjhylw');
insert into message (message_id, sender_id, sent_date, message) values (2, 66, '2023-07-22 04:20:14', 'yhfrabpuroguogjmarvosdzmmhehgnqdpebvqrpcuanpwggqmzlwrxafsfm');
insert into message (message_id, sender_id, sent_date, message) values (3, 776, '2023-09-12 10:07:32', 'zpzfiixuuewwnwcqwgfkcygmvujbkeccaihngnhealolfyluwfjbkrgcknz');
insert into message (message_id, sender_id, sent_date, message) values (4, 521, '2024-03-21 16:21:49', 'vkpsrlluusndtxgsnbgyfhpuwuevqvmrgximrvlcexhqkcvdjgojydsntke');
insert into message (message_id, sender_id, sent_date, message) values (5, 257, '2023-09-22 20:56:57', 'aqmqqtmyqjaospmjypkfucxkibpkvuaxcddxdzbwlinpusvuvubaejvsmnp');
insert into message (message_id, sender_id, sent_date, message) values (6, 651, '2023-04-27 02:34:06', 'aylxsdooyzhkowdbanvdrytuecywxwpbxukkfzixmonllvzqrwqknfgnzts');
insert into message (message_id, sender_id, sent_date, message) values (7, 849, '2023-09-07 05:01:23', 'mfkbyznaydkidpcfojetogrkivgnhfgyghwctocarmhzupephjliqnvvblp');
insert into message (message_id, sender_id, sent_date, message) values (8, 85, '2023-12-26 09:01:09', 'vhutzzkxgwydcyfmyqafokyogqhxsamwwdyecdrzwrenwocdwqqcuiviftz');
insert into message (message_id, sender_id, sent_date, message) values (9, 732, '2024-03-12 04:06:00', 'aqvlacedbzsuwlhwyamqtvysyxothjjpvdvaatmrpiwjbqmghcjfhntwosu');
insert into message (message_id, sender_id, sent_date, message) values (10, 604, '2023-12-06 09:37:26', 'gezfqohiwrnnfzxxzoymrddroxduldprohrwzecbqltqrlzdwmtndkmcnuk');
insert into message (message_id, sender_id, sent_date, message) values (11, 418, '2023-11-11 08:04:12', 'ikdwlxgcxxynyhmuqpfktyqnycbsincyeqpfsypwbrizajbjknowvipeabt');
insert into message (message_id, sender_id, sent_date, message) values (12, 610, '2023-08-03 05:28:42', 'xztktkwjdocmhrhntyvshcywtoeqxlpqvsmtylwfxozayuliovdizplhjlb');
insert into message (message_id, sender_id, sent_date, message) values (13, 200, '2023-07-17 04:26:25', 'egmalwketfwnuiczvkznvryjjjphnheipuyummulzsadmgiwrvsfxaacdbd');
insert into message (message_id, sender_id, sent_date, message) values (14, 774, '2023-06-07 07:26:19', 'tpoempbepokrglrfcmitnjdhcxofaozqldtmbuqkedwplbuyvhxdeqzvpzl');
insert into message (message_id, sender_id, sent_date, message) values (15, 760, '2023-10-20 13:48:17', 'hbdagvewoyqbjfxhsuguioskcbgzsmrozhiofgqegtjmjvhgazqnctxcinp');
insert into message (message_id, sender_id, sent_date, message) values (16, 490, '2024-04-01 08:31:27', 'vpkddtsfmsopmvthrcrxfioifmcvuojqflkjqwkaqnmazepcfbfjhppuczv');
insert into message (message_id, sender_id, sent_date, message) values (17, 538, '2024-03-15 01:12:56', 'pexkolqlauxtleuwyakewbsxepqyztrxemicbzdcnyxraaygzkzylvqdkvs');
insert into message (message_id, sender_id, sent_date, message) values (18, 189, '2024-01-29 01:15:54', 'hlymcbxlgceczjpmdwchckawkschhbmjysqnqzedvwtuszhzrgazaadlmao');
insert into message (message_id, sender_id, sent_date, message) values (19, 156, '2023-04-18 06:37:13', 'vcgakpxcgxrhugdhhsovlpxazegdrzfbxmnsmxnlzbjlmhxdmojmzednnmg');
insert into message (message_id, sender_id, sent_date, message) values (20, 413, '2024-03-29 09:06:55', 'bvtjqmvfixlkdhopoblfgyoygmzdvznjuglanmawshipvmcaibgatriisuw');
insert into message (message_id, sender_id, sent_date, message) values (21, 770, '2024-01-21 02:52:58', 'cwvkkjighpgmvmosphjqvwfbiutjcprxhzatsegcemvkwnlxwibvrsaonsg');
insert into message (message_id, sender_id, sent_date, message) values (22, 696, '2023-12-02 15:58:18', 'ubuuhhckzcxmpoaumkeeisdhlykcoosbivusveqtpxxyceqywqifdciloar');
insert into message (message_id, sender_id, sent_date, message) values (23, 341, '2023-09-28 06:05:39', 'rpodbozfioskqlfytojxhmkknaklxcqyeudfiqxvvurwbblxcybdalhmios');
insert into message (message_id, sender_id, sent_date, message) values (24, 476, '2024-02-19 00:51:58', 'lqknbulnpsvalnlfjlfkkbefzituqmwzatynlpxpqgfgllzrnvdodwundqy');
insert into message (message_id, sender_id, sent_date, message) values (25, 863, '2023-09-08 21:38:00', 'vfnbkzahmgsveppulqvxvitkrcocafvffqeiampmfwubqyvyqpkewhgalld');
insert into message (message_id, sender_id, sent_date, message) values (26, 762, '2023-09-05 09:38:29', 'faweavubhpjlmfcwwqbzmqvehzmvvfdnzoxnaxjewtpnijifycpoeqqydmq');
insert into message (message_id, sender_id, sent_date, message) values (27, 288, '2024-02-02 10:51:43', 'ykgponycnpquuvjllyudzfprkcncyekhwacavkyvjymsxtzvrksrrxsqwmc');
insert into message (message_id, sender_id, sent_date, message) values (28, 592, '2023-11-10 14:08:21', 'hgwcppqlubmhiemxbknbrpeechpcoyrbwdalgfrvbvakkrdkgpdkqeiuqch');
insert into message (message_id, sender_id, sent_date, message) values (29, 233, '2023-06-01 12:40:33', 'mbvkptjtodmfrycvaxlbidxupxdsgassuombhvmuuajgozdchqmfyutyrpo');
insert into message (message_id, sender_id, sent_date, message) values (30, 239, '2023-10-30 09:39:31', 'qhzlagevaqoxnhrnbohvazzuzcxujkmhsehghxfmhjzztiwkuubkldeyldh');
insert into message (message_id, sender_id, sent_date, message) values (31, 714, '2024-03-28 12:42:44', 'jcpxofkxmgltnfhjkgoqoogpswcdcviqvcezqyohlaetpxgpdcxzpiaexhz');
insert into message (message_id, sender_id, sent_date, message) values (32, 538, '2023-12-01 09:16:07', 'gdfcboolqbpusducufsvetuesqsxmujdnxfqutqfqpactkwbhasifwfxrdg');
insert into message (message_id, sender_id, sent_date, message) values (33, 300, '2023-11-07 09:06:34', 'uvssejvfaedrgpyaysbmbxsrfuufzxdzpvhkfcsysvsxsgmybvzufefknvp');
insert into message (message_id, sender_id, sent_date, message) values (34, 402, '2024-03-03 01:55:30', 'kedbrghsvlfxxzwsrugkoflfyszlfdytmkstmpobsrnbvyzjphbqrievgyc');
insert into message (message_id, sender_id, sent_date, message) values (35, 601, '2023-04-22 23:42:53', 'rhgtfsckqtjkemlhcnibbdqqxszocwepbygsqmjlsmfyasdmrvbbblxgxyd');
insert into message (message_id, sender_id, sent_date, message) values (36, 52, '2023-11-02 20:48:30', 'giiqtawshzrcdudglmmbapzccewasjcjhvdttaochtdnikqksychknfqpks');
insert into message (message_id, sender_id, sent_date, message) values (37, 744, '2024-01-11 20:08:58', 'dpdgdpcgllxtvmedkmztpsiiiqfsjaxpjnftpwauxudavbiquyyrhrwiuaw');
insert into message (message_id, sender_id, sent_date, message) values (38, 748, '2024-03-04 23:48:43', 'jtfpsuvwkjdbyijczsqnbhydeiwcnerczzbtpvhevingfrilzmxaosffbsr');
insert into message (message_id, sender_id, sent_date, message) values (39, 542, '2023-10-22 09:33:43', 'tnjrdnlpjkmfbhldkcppbeqirwwoozpncxcjgntymztrdulgqpobsmwmgdw');
insert into message (message_id, sender_id, sent_date, message) values (40, 228, '2023-06-18 19:03:15', 'tqfbbsponcejffnezdmvsizhorwoywchhkmiueallgubmgyszmlsxwlysqn');
insert into message (message_id, sender_id, sent_date, message) values (41, 587, '2023-06-18 20:42:52', 'xsmnswqpvynuhmqxsdblphqcwgfnkptsyqquvbrqgpiwlychumarlsrcxia');
insert into message (message_id, sender_id, sent_date, message) values (42, 262, '2023-04-26 06:55:28', 'potxmslrmeifaumbgiwiqhscpjokxgjvryqzwpjlvkqpvctikydzwkycjus');
insert into message (message_id, sender_id, sent_date, message) values (43, 166, '2024-01-24 19:33:04', 'dnmwwqdnzxcvyjlvzrkgluqpmkxpofietrvqjaadpzfubjvnnkpiprmesyh');
insert into message (message_id, sender_id, sent_date, message) values (44, 982, '2023-10-18 08:55:30', 'ugxrmfeonynagcxbkkntsprmsuhivnsqqahlopaiyavsazyysiemnmoluod');
insert into message (message_id, sender_id, sent_date, message) values (45, 571, '2024-04-10 04:29:48', 'gkyuoysyffnyofluyggdutnlhsgmrtgdtvsegexxjhpqnqotkfcmdzfjuyf');
insert into message (message_id, sender_id, sent_date, message) values (46, 742, '2023-08-02 01:39:04', 'jvkhpjqhivswusnrmcyakszmahsqwwsyqdlvbyniaiheuarkbkbebijxyst');
insert into message (message_id, sender_id, sent_date, message) values (47, 27, '2023-06-29 15:30:12', 'dlniksbiiwbkfinwxvyxtbrglvxyqkkuqcvsklrodmgqslwpjxmirxlrcln');
insert into message (message_id, sender_id, sent_date, message) values (48, 902, '2023-04-29 10:06:07', 'rrtzxyhnicbmunaqhcaisendwqhwidmlsldmmbruasijletbicgszhkghnt');
insert into message (message_id, sender_id, sent_date, message) values (49, 370, '2023-11-14 09:40:55', 'pmditgpfcnpqvhmdmjwltcevswvwfddakwmpykwvndwnhswrodzufqnruhk');
insert into message (message_id, sender_id, sent_date, message) values (50, 667, '2023-07-26 12:14:04', 'cmqjtelheoxdptwpqzyagavfltqjhdjcjvkgmnlwfotzbdjtwiinwppvtit');
insert into message (message_id, sender_id, sent_date, message) values (51, 24, '2024-02-22 02:38:24', 'efxkjdcxrxidxpxmogkzxwseeaksdjqrzzmacnjbkpmfxnclbtbjcbzlksj');
insert into message (message_id, sender_id, sent_date, message) values (52, 112, '2024-03-01 04:55:58', 'iufromunjzsnjnygmscyrouqsbzzharzfnjcpvaoywhaahgaysyhsnfjegg');
insert into message (message_id, sender_id, sent_date, message) values (53, 151, '2023-08-12 07:34:31', 'fhxiuqgsyifpoklxhhpnbdodwbdtihisddiekhyvaekvhvsjxducuratish');
insert into message (message_id, sender_id, sent_date, message) values (54, 577, '2023-06-02 02:33:46', 'sesansgouvajnxvsgqmnwnrbkllwiehfzlyryvdddrnuurzvxuumbyaxjxk');
insert into message (message_id, sender_id, sent_date, message) values (55, 960, '2024-04-08 05:37:31', 'ojnomeikzilcmxpfboknbswvrclrlkojsmfwzfmkmigqdjphwzoydthvrkf');
insert into message (message_id, sender_id, sent_date, message) values (56, 751, '2023-07-05 11:42:02', 'gqmdtbeipmbhepfisagoubbjwhnhxnrkcgwntnteildcgqjtvqgnqbqtwse');
insert into message (message_id, sender_id, sent_date, message) values (57, 830, '2023-06-14 17:38:38', 'iwuufprytcvrdzjfoycomqliqymeyxmhcqaodigdmjyqwrpvweisntvrwza');
insert into message (message_id, sender_id, sent_date, message) values (58, 127, '2024-04-06 09:42:50', 'jnukcflatmmgszmzmzzqlaqsmfldmedaxntuoumowqbjmwhlzeuzaqkkigp');
insert into message (message_id, sender_id, sent_date, message) values (59, 791, '2023-08-26 11:02:15', 'jtnuphnhghawmdfwpjfhyyimngwcbchwsyetrckgdmljdhmkeasrozfymwm');
insert into message (message_id, sender_id, sent_date, message) values (60, 315, '2023-12-31 10:25:26', 'mxcahtrkwoqfonbefhqocovjzwhaovsidotlfjordlwmbpdzixxrmvesoph');
insert into message (message_id, sender_id, sent_date, message) values (61, 928, '2023-08-03 22:59:16', 'xjqgdgbupkmyxenujutgcgjzzstplarvfjlwcaxrbkuhdevdjskxxbvtiqm');
insert into message (message_id, sender_id, sent_date, message) values (62, 188, '2023-05-02 15:00:57', 'leejylmgozahnjoeiedvywnkiiaiqzelwkteausddsvdonhijfkiqguuznk');
insert into message (message_id, sender_id, sent_date, message) values (63, 528, '2024-04-06 10:09:10', 'eyldfdaaehulqojabucxsxiefwarzlbbqhcjokmrmfqivouvyavlfonxrvy');
insert into message (message_id, sender_id, sent_date, message) values (64, 26, '2023-07-04 20:15:41', 'owcdxazjiwbiholefzrqoelbslqyejbkmppllvtzzvgctshtklrliskxpxf');
insert into message (message_id, sender_id, sent_date, message) values (65, 326, '2023-05-29 02:58:25', 'lyuntqummrhijofmxnyeikgveqvtdpcatopsxlcrafypmfjhuknstnwselx');
insert into message (message_id, sender_id, sent_date, message) values (66, 785, '2023-12-06 06:45:07', 'lapgxiawbjiqkkarqusinqsutxrnflufbwerpqgypbfedmtsklhursmlvbs');
insert into message (message_id, sender_id, sent_date, message) values (67, 662, '2023-12-31 12:59:19', 'sjodmzlzyqjjccsybuvfbxyxzlfjkqlsuufksnjuinkncnwqyzxbywyneag');
insert into message (message_id, sender_id, sent_date, message) values (68, 431, '2023-08-18 17:24:42', 'tkhnexuxqluenodfhsnekplffluxdqsdplmmnzjxvkpwuirftvbvwzkclsj');
insert into message (message_id, sender_id, sent_date, message) values (69, 561, '2023-10-30 23:37:10', 'jopolinizyfwkfsrtgwzuxvvkzqlbhntovkohyannvbuwlajsrqtdymloll');
insert into message (message_id, sender_id, sent_date, message) values (70, 18, '2024-02-06 12:36:00', 'niuqrwamokxvtwlszglqwkpyrmehjlmhiwzomdqvfeinlqozgqgvpkqkxhv');
insert into message (message_id, sender_id, sent_date, message) values (71, 763, '2023-05-16 13:09:39', 'dccvvlbgcfettbepjdwuzuziphnrmgiounsepghuipktxrelyntwtvabtum');
insert into message (message_id, sender_id, sent_date, message) values (72, 717, '2023-08-01 07:23:57', 'vsrqvdvxdpmvtjsdfrhmvfstartsfjkulktfjwhyiszplmfpngydjtguvkz');
insert into message (message_id, sender_id, sent_date, message) values (73, 784, '2023-07-31 00:56:32', 'odwqbqsckaabgjktoerspcxvonqfergdngoxijvrfdwwaashncsyllpnwwd');
insert into message (message_id, sender_id, sent_date, message) values (74, 787, '2023-12-02 14:24:21', 'ixflaubacgbxiaearshdzclcgbprxppvpmtslivnfugfipryvvxnehinvkg');
insert into message (message_id, sender_id, sent_date, message) values (75, 516, '2023-06-04 04:50:18', 'ihwgdyszjdkhtuufpeeyqeyoyskmncvgbowhezjgpthqdpyfkefgegcrvmh');
insert into message (message_id, sender_id, sent_date, message) values (76, 175, '2023-10-21 16:02:58', 'jovtjrodddzcseebrxvcphbyylesirvmmilxxzggltdqkhkgjptnbngkfip');
insert into message (message_id, sender_id, sent_date, message) values (77, 251, '2023-10-15 14:29:02', 'akycwhumgrrwydkefzpexpughwtudofeelyaotbrxjitxugbqzxilqjkkhy');
insert into message (message_id, sender_id, sent_date, message) values (78, 446, '2023-11-30 11:55:23', 'kkpbhvekxoaciauuyjodnrsyimlimopyzokxkohiuchycrlusjsadljlqsc');
insert into message (message_id, sender_id, sent_date, message) values (79, 854, '2023-06-22 08:50:16', 'ngzwrsxfrsfxjzxivwtqtqqfcemphxrjuewxqqezmfhgjomldiongoxdbns');
insert into message (message_id, sender_id, sent_date, message) values (80, 39, '2023-12-12 16:07:45', 'wmexhfxognhlpxnessgkrufdutuldmsecormesuskppxfkralujscwdsnqp');
insert into message (message_id, sender_id, sent_date, message) values (81, 487, '2023-07-04 03:58:48', 'vbgnoxndvuywgxqflipuinatasuxskydkiflikargdkogwuqwaxaoosyldw');
insert into message (message_id, sender_id, sent_date, message) values (82, 661, '2023-06-22 08:17:27', 'cyhauituaqpjzapylxmozynrungzswgwbmxqlvybyzpsdljverfrlguthvs');
insert into message (message_id, sender_id, sent_date, message) values (83, 790, '2023-06-04 22:00:04', 'rwmbgxsimxusrxiinxmejkhkebqeoualvlrjeiyodufxvrvzjsyqnkpohrn');
insert into message (message_id, sender_id, sent_date, message) values (84, 714, '2023-05-23 05:32:07', 'rlztadswojgpntucmgqghfojoipiuwslcfovanqhndgpxtehlohzeqyguvf');
insert into message (message_id, sender_id, sent_date, message) values (85, 532, '2023-09-15 18:13:48', 'lwioraathdvxuaqliprfzokqbvqwdvgeletduwwwsnfyaoxgfpyarhewgvv');
insert into message (message_id, sender_id, sent_date, message) values (86, 985, '2023-04-19 08:53:41', 'peffnmxkesmmovktsupoydnnkozcgthcsmzjppuikaxcrkinsbbuksugdim');
insert into message (message_id, sender_id, sent_date, message) values (87, 785, '2023-10-18 05:25:24', 'bxlqaopacwrqwjirxltrksmvwdzwucoyhkmnycfiajlaaznyueruzjxwyuy');
insert into message (message_id, sender_id, sent_date, message) values (88, 305, '2023-10-05 21:09:27', 'loahqwxqmbprqjqzceyyewzyjdbzgslihskgzulucjwaymezdyxbewhyxac');
insert into message (message_id, sender_id, sent_date, message) values (89, 156, '2024-02-05 20:45:11', 'arjujysbusxsprxvtwoxxijkwdekhjnudjfnsfpvukytwhekzxpxftbunrw');
insert into message (message_id, sender_id, sent_date, message) values (90, 96, '2023-10-31 16:26:28', 'gazbdygoiosthtpqaqsfrlofhfypqpillbynjlijrblllrsxbjksuxshetx');
insert into message (message_id, sender_id, sent_date, message) values (91, 1, '2024-02-04 15:25:07', 'ijzvgjubiuybcxxsnjytjhcmsjgwjkguacecidmyfijwcfkllaucdxyvpmi');
insert into message (message_id, sender_id, sent_date, message) values (92, 507, '2023-06-05 10:05:13', 'vbjldlewjyyncuupgqxpwhcxucxwksfigtobyhstkylnzvgyfcawgixmpom');
insert into message (message_id, sender_id, sent_date, message) values (93, 699, '2023-04-23 23:14:46', 'agdnckpqawphhtzsdxnwsypskbsimsfyfvlwvotyxvunczpolzebeekxpwd');
insert into message (message_id, sender_id, sent_date, message) values (94, 86, '2023-08-02 04:06:34', 'nyankxxrudupxnwsolzlfnrozraxsbgcwtazhcqfhnxybnijonqtjaaeoxg');
insert into message (message_id, sender_id, sent_date, message) values (95, 222, '2023-07-28 19:39:08', 'mbdbvczupotxectoocyfwkendiqrmmzexqabizaiwhrxhchjmwksvanwjdu');
insert into message (message_id, sender_id, sent_date, message) values (96, 425, '2023-10-28 14:08:55', 'sabclfeovfuwucuzljiokrhulfvgvqfsbscyxznhckyruffkrhybtfvxvak');
insert into message (message_id, sender_id, sent_date, message) values (97, 318, '2024-02-10 17:30:16', 'rhaharbkruxjbszmkshmqwaefspehwepqzwfmeyythpfueszsylhrjlkvfm');
insert into message (message_id, sender_id, sent_date, message) values (98, 35, '2023-06-20 08:54:07', 'zenpdlrazbptblbfozlfxwxfqgcazzftagqolvxlzhpudhfkjiwlloofkky');
insert into message (message_id, sender_id, sent_date, message) values (99, 734, '2023-05-31 06:11:33', 'vesrhmyuvkxejlyoskixydxvuqmwrlezplogftqerqyhgjgldkbhkbsknfu');
insert into message (message_id, sender_id, sent_date, message) values (100, 414, '2023-09-02 08:02:05', 'fjviyzheglqckxdgpsupixrdckcamqqevryfrjufwddyopfcxdvvpiqdvnb');
insert into message (message_id, sender_id, sent_date, message) values (101, 158, '2023-06-07 15:44:24', 'yzgxkbstwarfzfcizzphgqlsulgixdugafqtwexjpotymvckppzlnmtgnep');
insert into message (message_id, sender_id, sent_date, message) values (102, 965, '2023-08-04 04:28:03', 'kvabxgpguatukzfwwawpbwqvjubriwaqoklpfvwbycuynrybauienntcngr');
insert into message (message_id, sender_id, sent_date, message) values (103, 426, '2024-03-16 18:49:37', 'lgvxmnynnwndxmcjyigmtirnsalelxkmvldxzeczliirjeyrdzdbknvzzdm');
insert into message (message_id, sender_id, sent_date, message) values (104, 652, '2023-12-06 07:58:14', 'ekxowtcufxsntqpiusjvfskncdhpfbtxskycdmjfcoeeiajyaupvzskuezx');
insert into message (message_id, sender_id, sent_date, message) values (105, 874, '2024-02-12 12:55:05', 'qbkpsotcnwxwlygkmrxxbkirdgcqcldhgrvihapvujjgsxfzljhopidstyf');
insert into message (message_id, sender_id, sent_date, message) values (106, 155, '2024-03-13 12:51:43', 'xvbpvkrtfnpwxyvqobnvuzclqriqpchxbvjtbihztojwxzvavnxyrkxiehb');
insert into message (message_id, sender_id, sent_date, message) values (107, 377, '2024-01-27 13:20:34', 'tcxeknuozwztbhyjtxnufshbphzqorocvpgdalrqdpkvvfpuxpuweufbdfu');
insert into message (message_id, sender_id, sent_date, message) values (108, 385, '2023-10-27 12:28:35', 'uxssbiyhipdfdrrayjkuhtrwpnelnwelyydglpgjysjsjjuixtppjkehgwi');
insert into message (message_id, sender_id, sent_date, message) values (109, 400, '2023-09-30 22:52:32', 'xijfrzmnrhsrecuypvitjalkufkbecqeaofthrjmpkdzavlmsutcwajuhzy');
insert into message (message_id, sender_id, sent_date, message) values (110, 239, '2024-01-28 20:14:00', 'cuefsbbbhyauswgsztbdsnaytnbixjeojyltgfhraovqjgybzforhizhzxh');
insert into message (message_id, sender_id, sent_date, message) values (111, 175, '2024-03-11 08:16:15', 'nvmcvakpvnrmwdjlmnjucqqcahxmpkqxylpfqvcteqhcnjwmcegqxazyafw');
insert into message (message_id, sender_id, sent_date, message) values (112, 265, '2023-11-20 07:47:37', 'fldvybssmtqmzxkppluzfqlbqiuzbtnvfxjmvccnzykzalufauipngktsbq');
insert into message (message_id, sender_id, sent_date, message) values (113, 820, '2023-05-05 02:12:02', 'dlogpapllfwsmqmawcutkcwdylwlmjparvrmwvwxbglqzvtfxtljzdkclxn');
insert into message (message_id, sender_id, sent_date, message) values (114, 894, '2024-04-16 05:28:04', 'wtslbxcbltzmqzweekrkxkkqwkykjdbfmeoafjoobjujshjqdmcivjzxhus');
insert into message (message_id, sender_id, sent_date, message) values (115, 30, '2023-06-18 17:19:34', 'aogylkwdfxjgscdpjwosgujlabejqffijiipficcgpirpmrgaxulnehxbdj');
insert into message (message_id, sender_id, sent_date, message) values (116, 344, '2023-09-24 02:17:17', 'cklcwxhzbwnabdxxgyynycyifwerabxmibiskhwnfvcubwxrgcvcimzkoeo');
insert into message (message_id, sender_id, sent_date, message) values (117, 872, '2024-02-15 12:51:29', 'zjcyxoagrfyfvsdzuefkrslrrdcrdgkznfwwwwymguevpimevgjvjjmdmqo');
insert into message (message_id, sender_id, sent_date, message) values (118, 677, '2023-04-17 15:56:54', 'euhzkizssjjbkomzoznomqlbnsajqucldnkupcusneszvolrvvgvwqpwzmc');
insert into message (message_id, sender_id, sent_date, message) values (119, 484, '2023-08-25 17:31:57', 'fnzoqfthzwtvrolcqixpfyxtijmnbuycqygwnkandbrrriuofugwpnsufpr');
insert into message (message_id, sender_id, sent_date, message) values (120, 923, '2023-07-29 05:24:48', 'bwkmgymlnmyskvajcbmexjnxhqjxtwzdnynlkinncfzhjejkeqpmynlmwxm');
insert into message (message_id, sender_id, sent_date, message) values (121, 528, '2023-09-19 23:22:25', 'wcwbaeqxbbcpkcrbnoojbliyyyucgtasaxsxqvxpspkwdvxaqhnvcxiqivt');
insert into message (message_id, sender_id, sent_date, message) values (122, 333, '2023-08-13 10:21:50', 'iwuiybbrfupoyqgwixnbjoeuzdctjumjxlscypckqorbuagwhhpfqupmsmz');
insert into message (message_id, sender_id, sent_date, message) values (123, 50, '2023-09-22 04:13:49', 'dlplwuoifhujajqyeishuvtczjfnhtdxznxdfehrwhdenchecwalxbfdija');
insert into message (message_id, sender_id, sent_date, message) values (124, 849, '2023-12-17 21:40:58', 'zjsnjiizegngioxzkzntgdicrpdijrgvigsymhfoiauresqvrkkryeqeytv');
insert into message (message_id, sender_id, sent_date, message) values (125, 458, '2023-12-26 20:14:20', 'jdpkpvwpyyujbgpyyobxhsoqfrxbbomoeadypcuhzoxecaffnzuxtzmmrkz');
insert into message (message_id, sender_id, sent_date, message) values (126, 434, '2024-02-11 09:07:04', 'mwprakjruoutotlaztpwiwrsjzutbkjtacqjywedbdplrpmhjmyzpdboori');
insert into message (message_id, sender_id, sent_date, message) values (127, 619, '2023-08-31 10:04:18', 'zptzriprauetawglaeyganouvisyujkvmyubrlmplxkingbltebllmbaled');
insert into message (message_id, sender_id, sent_date, message) values (128, 8, '2024-04-04 09:48:38', 'xaaimvbzzxcrdbiumkkzdoptxlmltaexsowimwmqkysvljtaocdtkirfbtk');
insert into message (message_id, sender_id, sent_date, message) values (129, 952, '2023-09-08 15:18:29', 'iiawmavbaewgpcldssmxdahodgexhwvmghmlspqbuuecddfxitnicfmmwzu');
insert into message (message_id, sender_id, sent_date, message) values (130, 418, '2023-05-10 09:05:23', 'taddsvrzylpjfupfrbtwnpsxrpriqqlzitiqybopgcoewovlkyrqkmphnoh');
insert into message (message_id, sender_id, sent_date, message) values (131, 23, '2023-07-18 04:56:45', 'xmtwftdonjwemvslocliujhswomudmdnxxuvuailukxnynvfevyqjtmnxtp');
insert into message (message_id, sender_id, sent_date, message) values (132, 222, '2023-05-28 10:00:44', 'ifflojlbvvfmldlanrajrlcimlzqoytebsgeirkxhnkijgreiklyemnawis');
insert into message (message_id, sender_id, sent_date, message) values (133, 191, '2023-11-28 23:39:14', 'mgbuwjfnlgbovkqepxizgfnnxhotzcitbsqrqjrurifsxmrecxqybpzxclm');
insert into message (message_id, sender_id, sent_date, message) values (134, 963, '2023-09-30 03:59:56', 'heajngdnfjksvitlrorlzrdmenxnpsxbgmhoxpudqfqrrevcwhzuzzafwsk');
insert into message (message_id, sender_id, sent_date, message) values (135, 265, '2023-11-30 14:51:37', 'jsijankdoedkpvuizdjviqpctyaykzbdjtukuuycgrxcqyiuqdoytdthsog');
insert into message (message_id, sender_id, sent_date, message) values (136, 698, '2023-10-08 21:46:25', 'nugzpjpmvcbzixncrzldyfxoglpurrpqmscvplewlmucpnwjanmsfxcktcc');
insert into message (message_id, sender_id, sent_date, message) values (137, 473, '2023-06-03 04:29:07', 'fruooawcpalokokyubvziyeirhylmfcxhomxzkcannwrxehrwauosfixwar');
insert into message (message_id, sender_id, sent_date, message) values (138, 133, '2023-05-17 06:38:22', 'fecjvjztarxqsnwxbsrswdgebzxttkngfkdmwstsvywkmlkznwshimdxyjd');
insert into message (message_id, sender_id, sent_date, message) values (139, 351, '2023-12-21 12:08:21', 'nownemlnqwnlmjiwcwxfndzkwxsuakifqglucezlzbtlakbgtablqzioeoi');
insert into message (message_id, sender_id, sent_date, message) values (140, 523, '2024-01-07 14:53:36', 'xmnaidlbjhctupmzrvbfjjrahckygddljzinzckueemvbmgxivuspoturzp');
insert into message (message_id, sender_id, sent_date, message) values (141, 119, '2023-07-01 21:57:41', 'qowstzdffwujrarvomxuwmummjusvopchoharjhywvvxycghizoflutaeyl');
insert into message (message_id, sender_id, sent_date, message) values (142, 15, '2023-07-02 03:48:13', 'ynwqnwlzwnavvclbndiklaxozysqrwezskbktmcaqmxsvdbxqqzzxytycuk');
insert into message (message_id, sender_id, sent_date, message) values (143, 576, '2024-04-10 13:18:43', 'stcfsfhpvcawunqpwgigdulnfiudmrvnuluofbwrdxtizyatpvnmchleptd');
insert into message (message_id, sender_id, sent_date, message) values (144, 729, '2024-01-30 11:42:57', 'ziendzjnezmpclbqeixbklyfoabxckytytinbrfftiswqexghaoujpzcwxk');
insert into message (message_id, sender_id, sent_date, message) values (145, 566, '2023-06-18 22:30:26', 'zymhunbtbdbwaqnkmpddmhgsgfcyuqflbqfudetxdfzovtgmuiooiazvrbt');
insert into message (message_id, sender_id, sent_date, message) values (146, 141, '2023-11-19 15:04:00', 'urittauaypaasgzgnjueqnnqklrtbcffpxcmjuhjmtryztvvvsibwiqaijl');
insert into message (message_id, sender_id, sent_date, message) values (147, 213, '2023-07-13 10:57:16', 'bgzntfyyooqprbuwoepmqpuwghmranoknytcnafgevthcuuqgoojygsqnyc');
insert into message (message_id, sender_id, sent_date, message) values (148, 315, '2023-05-08 08:58:10', 'yojfnjbdhqjzpmliqlzfcundtqxahsonmivztgausbqonkjcvrbmcmkdexl');
insert into message (message_id, sender_id, sent_date, message) values (149, 872, '2023-06-17 08:29:49', 'ybwhuuzpcwysfbaqcfqxfgngqmiqjfdoqznpfphpfosymbopffugzybtuem');
insert into message (message_id, sender_id, sent_date, message) values (150, 752, '2024-04-05 01:12:21', 'xebgaczhxrliilfwwtuevqsnzkvnupynaglfeyqupzutajfbhukzzziksru');
insert into message (message_id, sender_id, sent_date, message) values (151, 301, '2024-01-15 19:02:06', 'rzewrvjgetiuatepngubqdjzubbltxfqnvjeltiwklocxkbogqhkdayqsdk');
insert into message (message_id, sender_id, sent_date, message) values (152, 800, '2024-02-25 02:03:42', 'qkvnsvxxggoomdpdvpybnbtakesfbipszofdazbdwzkswrmbmfubdbueaev');
insert into message (message_id, sender_id, sent_date, message) values (153, 869, '2023-08-31 17:12:52', 'sawjkquwljvjlnjsnkwoadwubhthehgjqxkaibjnioztwfriblojjlifopi');
insert into message (message_id, sender_id, sent_date, message) values (154, 215, '2023-09-06 09:22:05', 'qheprtultrrusssaulisonoqzsvtktnpezgfajzogkfdsxxbvbrxpmxxxya');
insert into message (message_id, sender_id, sent_date, message) values (155, 650, '2023-12-19 13:11:50', 'jrxrkfrdugirstizsodfmysnzgvpxpvjhfbdpfqwyuxtsvivbjpadozywqh');
insert into message (message_id, sender_id, sent_date, message) values (156, 575, '2023-08-27 05:18:51', 'gdmebkwjkmnbtpyxsmakvsisanulvbdxatnocbhckwrmhedpssmwrnkjqrf');
insert into message (message_id, sender_id, sent_date, message) values (157, 987, '2023-11-02 12:26:18', 'znpghemuzrueobajjihnxshfzlthianjpzyrsutqhckrsslncyxavpfrrgn');
insert into message (message_id, sender_id, sent_date, message) values (158, 95, '2023-06-09 02:54:44', 'titvtuexassguiojxjrslpjpnrmifvdstzugrhoutoqygczvpjxdxmembfv');
insert into message (message_id, sender_id, sent_date, message) values (159, 522, '2023-10-05 06:27:51', 'yzxenvibiddthxfxdjguezfmwjpcmibykyljjjrlbhyxktbgdqrzrdjptya');
insert into message (message_id, sender_id, sent_date, message) values (160, 359, '2023-10-29 19:26:01', 'ajnzbmcflujmmyetlpirhbiuyksdlmfcdxazlamymwdvivvwsrztsypetgx');
insert into message (message_id, sender_id, sent_date, message) values (161, 963, '2023-07-21 05:40:47', 'nmykqkbgsbtofyayuhkayktrnkmsdbbuuyygrozewiimvmlxzljpgtbepgu');
insert into message (message_id, sender_id, sent_date, message) values (162, 803, '2023-10-24 20:58:49', 'eufxcjzssxllluqlktrdfrrfyverxxsxszuxsaollefsfsvuizjppwoojpf');
insert into message (message_id, sender_id, sent_date, message) values (163, 658, '2023-11-14 07:15:36', 'htboszznxjaoluaojwxjxzntcnnaosgmrkujwcmsjxcluohacpytfcsobur');
insert into message (message_id, sender_id, sent_date, message) values (164, 6, '2023-11-28 20:44:09', 'deutnlynmnsjwasudftdzmipakfomwibokshfqckgrmgeheytrscllgkhef');
insert into message (message_id, sender_id, sent_date, message) values (165, 859, '2023-11-18 14:21:22', 'wtipwwpqybpbggxsfonobrmeoenrlssbpjhlcpxftodrfsxudesfensdind');
insert into message (message_id, sender_id, sent_date, message) values (166, 618, '2024-02-14 13:44:49', 'fjrnmqgbcdqejlrxfoskqhtgokukcyuiyfrcyffrkcgmppqwrknxzbyqwft');
insert into message (message_id, sender_id, sent_date, message) values (167, 239, '2024-01-16 11:35:24', 'eygmqsjisaeciawevoluwhvytcmzrvdtszcogvwxycbbevlbfdhqvliqrgv');
insert into message (message_id, sender_id, sent_date, message) values (168, 759, '2024-04-04 02:16:17', 'wksggplymerxetdiwjybsghhxmzjapaebbpnyzrgsgaifvzifmsjflomzvk');
insert into message (message_id, sender_id, sent_date, message) values (169, 205, '2023-10-14 00:05:24', 'pfytmxdzldwewmnolauazqaqvhngbbtlpjxxgeafeblvbbbsmqqyymyjptz');
insert into message (message_id, sender_id, sent_date, message) values (170, 827, '2023-07-12 07:44:58', 'nxgyuazpbduzxyiwgzfiudyqbwtqwentyenmakjmytpnuxxjapqwpedqprp');
insert into message (message_id, sender_id, sent_date, message) values (171, 608, '2024-02-24 09:03:57', 'elngntoyuyfdkbtspntprqlvxpwjunytpudpfcxprhgeunhseszrebjyyxa');
insert into message (message_id, sender_id, sent_date, message) values (172, 709, '2023-07-02 22:51:32', 'atcshxlxzwdepgqvfrueyksibrlhilkcrqibtacdruovlswkvaowosfdfda');
insert into message (message_id, sender_id, sent_date, message) values (173, 629, '2023-05-07 15:29:45', 'zbuhenclitxgsjdlxfsapjzddepderspirsceopwgfamdtoepacuqeqmuwm');
insert into message (message_id, sender_id, sent_date, message) values (174, 69, '2023-05-27 09:41:58', 'hknakmqisbtdcjjoxdpewfugqdblajsrgklrdiugbaqlygpycokezttxjfa');
insert into message (message_id, sender_id, sent_date, message) values (175, 430, '2023-08-21 11:52:29', 'gypgjqcylvanbdfinakqkjkuphvfpdaoudhprvzmscomvdmztclguxtoitq');
insert into message (message_id, sender_id, sent_date, message) values (176, 391, '2023-04-19 01:40:33', 'bcpqukxwsjpsewmxftnvsbwgoazdyotegojaqzsfvfjopqsovpcedyreprm');
insert into message (message_id, sender_id, sent_date, message) values (177, 593, '2023-05-07 13:04:34', 'vweenbrtricvioauncrzbgrxtxgmhcbwjhlcxrwvgijlyvodrtjivmkvsfz');
insert into message (message_id, sender_id, sent_date, message) values (178, 110, '2023-10-07 16:08:45', 'zduklxhjpkieepdhvckdlgbtroilvcusywsswwujzlhlmxtsmchtrldodob');
insert into message (message_id, sender_id, sent_date, message) values (179, 388, '2023-08-20 19:30:28', 'dmemtylawcztuijlvufaatgcyluhdmdzibxvepmlgmdvxrftcjqbnjktocw');
insert into message (message_id, sender_id, sent_date, message) values (180, 174, '2023-07-14 18:57:38', 'bqewpdeiyktwijmchzxjhclpyppjnnhzjfnqwyrcqnlveisiayyjpdlxjtk');
insert into message (message_id, sender_id, sent_date, message) values (181, 542, '2023-06-09 06:35:39', 'sixhhcitacronsixmotyajybzckqgwftuzffomwtcjaanhozwalmolqzsie');
insert into message (message_id, sender_id, sent_date, message) values (182, 670, '2023-12-01 23:01:13', 'urtzmnoucmulgpcznkmjqhpypiwlhgvkbzbenvqwigcrnxfuxjpphwccrkt');
insert into message (message_id, sender_id, sent_date, message) values (183, 212, '2024-01-30 07:33:22', 'ifsugikgfecwzncgnyleubhdqdagixuctfjulipkcaafytykcevdvokevpb');
insert into message (message_id, sender_id, sent_date, message) values (184, 856, '2023-10-05 03:09:14', 'bikqlmgdcnlbtzlpxvmcnxajjecgqmfqnusllskfrzdelhbqecyeymttqjm');
insert into message (message_id, sender_id, sent_date, message) values (185, 155, '2024-03-20 01:36:28', 'lpkqcymgktdzabqeezrlqpcwbvnujizixseldlhrfxoanxllrwtoreswdca');
insert into message (message_id, sender_id, sent_date, message) values (186, 115, '2024-03-12 23:17:53', 'eqpjlotaerryvtnyisqyzkzrbcbpsjzuraqjwdhqjkhvhxoamrdjwoffcsd');
insert into message (message_id, sender_id, sent_date, message) values (187, 146, '2023-12-28 21:22:49', 'lifxtlnbemvyslaeinysdfqusqzznddxqrdljhuzjlupjakebkiyvypucpu');
insert into message (message_id, sender_id, sent_date, message) values (188, 210, '2023-10-06 09:49:42', 'vxhglyixdsrqgjqdwndhzygplramnxwznhcrveppljawuzntygsnfgnnreg');
insert into message (message_id, sender_id, sent_date, message) values (189, 775, '2023-05-15 06:10:07', 'sdocyccxvvbguzlwxcndpnpnpyzvvbnhoarzjpflbmmtlkgsvmfhlxjeabr');
insert into message (message_id, sender_id, sent_date, message) values (190, 466, '2023-07-13 03:06:29', 'rddtqhpldswuxccltdqswxxhklihwxorivyqimyhvvebynzjritgqxbihvu');
insert into message (message_id, sender_id, sent_date, message) values (191, 833, '2023-11-12 18:52:59', 'zfpsgmsyjiszhyirptjmpopjzulnosqrqmvpsjtrubjpictbsnuucedgsac');
insert into message (message_id, sender_id, sent_date, message) values (192, 110, '2023-05-30 12:53:42', 'rarqzmtzlnmubwrhmrgknbvrqoowmyzpallxwytmhsdbwjopxzlmmiecmwu');
insert into message (message_id, sender_id, sent_date, message) values (193, 924, '2023-07-31 20:31:17', 'yqnimjnilykeroqnnigwingdyxpiwlogyhnxpkojiqkvbtbkdrewikhecxp');
insert into message (message_id, sender_id, sent_date, message) values (194, 863, '2023-12-15 13:57:16', 'qkppkwjzlxasbmkzkmxtmjjgwrvysofysdnjadxukjrixgcevdwfxywyabx');
insert into message (message_id, sender_id, sent_date, message) values (195, 320, '2023-06-03 14:24:54', 'bfpcyxccltkovtzomnjvbjzcqitvjazblimakvnyznwdyhtmumnrgsohnsz');
insert into message (message_id, sender_id, sent_date, message) values (196, 671, '2023-09-20 05:10:31', 'wqgxnjltevvfmyndzegfyxbrmsnnghdfcpnbyszfhashfzuhpkwptkmknsf');
insert into message (message_id, sender_id, sent_date, message) values (197, 746, '2023-08-04 18:40:55', 'udlagrsculsjyhfivxwwzrzquqffqpwlbxwggydxfonotbshpfkalqoygwo');
insert into message (message_id, sender_id, sent_date, message) values (198, 993, '2023-07-11 22:20:20', 'jokigxfbhdepmvkhmrycatgoresmruganpwipcfulobzjjdqesxyblvofxo');
insert into message (message_id, sender_id, sent_date, message) values (199, 5, '2023-05-12 14:26:16', 'yxiaksfcnzdsjofttqnjvinzoksablknjrqejpeawnkgjzhcxxfdijzsjjf');
insert into message (message_id, sender_id, sent_date, message) values (200, 196, '2024-02-25 20:27:43', 'iolxohyulahjrmmoasdddoxcrbimlgfzbuyqobidqdihameblbakxzibujq');

insert into friend (user_id_1, user_id_2, date) values (63, 765, '2023-05-21 02:45:41');
insert into friend (user_id_1, user_id_2, date) values (645, 509, '2023-12-29 13:24:37');
insert into friend (user_id_1, user_id_2, date) values (244, 114, '2023-06-20 03:13:17');
insert into friend (user_id_1, user_id_2, date) values (320, 996, '2023-07-29 12:56:11');
insert into friend (user_id_1, user_id_2, date) values (631, 858, '2024-01-18 00:41:19');
insert into friend (user_id_1, user_id_2, date) values (862, 779, '2023-04-18 23:57:54');
insert into friend (user_id_1, user_id_2, date) values (886, 281, '2024-01-28 11:21:14');
insert into friend (user_id_1, user_id_2, date) values (180, 729, '2023-10-06 05:15:26');
insert into friend (user_id_1, user_id_2, date) values (780, 962, '2023-06-03 04:01:26');
insert into friend (user_id_1, user_id_2, date) values (124, 314, '2023-11-02 10:02:35');
insert into friend (user_id_1, user_id_2, date) values (482, 843, '2023-12-06 05:43:13');
insert into friend (user_id_1, user_id_2, date) values (164, 493, '2024-01-12 21:46:34');
insert into friend (user_id_1, user_id_2, date) values (950, 249, '2023-10-13 00:15:59');
insert into friend (user_id_1, user_id_2, date) values (327, 69, '2024-01-29 02:18:45');
insert into friend (user_id_1, user_id_2, date) values (940, 712, '2023-10-27 19:46:45');
insert into friend (user_id_1, user_id_2, date) values (687, 948, '2023-06-19 12:50:06');
insert into friend (user_id_1, user_id_2, date) values (991, 241, '2023-11-09 10:13:07');
insert into friend (user_id_1, user_id_2, date) values (267, 873, '2023-05-06 14:31:43');
insert into friend (user_id_1, user_id_2, date) values (917, 417, '2023-06-27 00:27:23');
insert into friend (user_id_1, user_id_2, date) values (274, 631, '2023-08-23 07:33:02');
insert into friend (user_id_1, user_id_2, date) values (248, 851, '2023-08-22 20:21:20');
insert into friend (user_id_1, user_id_2, date) values (329, 43, '2023-06-08 22:49:45');
insert into friend (user_id_1, user_id_2, date) values (777, 657, '2023-12-02 02:39:22');
insert into friend (user_id_1, user_id_2, date) values (856, 564, '2023-12-01 19:40:36');
insert into friend (user_id_1, user_id_2, date) values (754, 437, '2023-05-31 16:29:12');
insert into friend (user_id_1, user_id_2, date) values (103, 890, '2024-03-06 01:09:58');
insert into friend (user_id_1, user_id_2, date) values (723, 310, '2023-10-23 00:25:43');
insert into friend (user_id_1, user_id_2, date) values (860, 623, '2023-09-03 16:20:29');
insert into friend (user_id_1, user_id_2, date) values (276, 456, '2023-05-13 14:23:22');
insert into friend (user_id_1, user_id_2, date) values (798, 404, '2023-05-14 09:03:21');
insert into friend (user_id_1, user_id_2, date) values (218, 5, '2023-11-20 10:57:48');
insert into friend (user_id_1, user_id_2, date) values (351, 532, '2023-09-18 22:25:15');
insert into friend (user_id_1, user_id_2, date) values (956, 653, '2023-08-14 09:39:21');
insert into friend (user_id_1, user_id_2, date) values (805, 696, '2024-03-28 12:46:43');
insert into friend (user_id_1, user_id_2, date) values (346, 811, '2023-04-20 20:52:56');
insert into friend (user_id_1, user_id_2, date) values (392, 97, '2023-06-06 02:00:09');
insert into friend (user_id_1, user_id_2, date) values (733, 276, '2023-08-31 02:38:12');
insert into friend (user_id_1, user_id_2, date) values (711, 150, '2024-04-04 09:21:23');
insert into friend (user_id_1, user_id_2, date) values (758, 332, '2023-11-15 01:22:58');
insert into friend (user_id_1, user_id_2, date) values (306, 951, '2023-07-15 12:01:42');
insert into friend (user_id_1, user_id_2, date) values (519, 600, '2023-05-24 00:49:35');
insert into friend (user_id_1, user_id_2, date) values (891, 873, '2023-07-10 16:32:25');
insert into friend (user_id_1, user_id_2, date) values (398, 599, '2024-02-05 20:53:50');
insert into friend (user_id_1, user_id_2, date) values (943, 494, '2024-03-09 01:31:17');
insert into friend (user_id_1, user_id_2, date) values (980, 671, '2024-01-14 19:37:38');
insert into friend (user_id_1, user_id_2, date) values (845, 557, '2023-11-22 17:46:15');
insert into friend (user_id_1, user_id_2, date) values (494, 477, '2023-08-10 20:22:25');
insert into friend (user_id_1, user_id_2, date) values (23, 710, '2023-11-07 00:38:15');
insert into friend (user_id_1, user_id_2, date) values (107, 548, '2024-03-15 03:56:10');
insert into friend (user_id_1, user_id_2, date) values (200, 522, '2023-11-29 02:26:11');
insert into friend (user_id_1, user_id_2, date) values (761, 867, '2023-11-29 14:43:05');
insert into friend (user_id_1, user_id_2, date) values (960, 339, '2023-09-26 23:32:19');
insert into friend (user_id_1, user_id_2, date) values (47, 150, '2024-01-22 12:22:31');
insert into friend (user_id_1, user_id_2, date) values (922, 680, '2023-06-25 01:04:44');
insert into friend (user_id_1, user_id_2, date) values (811, 810, '2023-05-30 06:55:05');
insert into friend (user_id_1, user_id_2, date) values (786, 924, '2024-03-20 13:18:41');
insert into friend (user_id_1, user_id_2, date) values (28, 159, '2023-10-13 14:35:12');
insert into friend (user_id_1, user_id_2, date) values (840, 985, '2023-12-02 03:55:54');
insert into friend (user_id_1, user_id_2, date) values (479, 933, '2023-09-02 06:11:14');
insert into friend (user_id_1, user_id_2, date) values (199, 279, '2023-07-16 07:36:05');
insert into friend (user_id_1, user_id_2, date) values (307, 691, '2023-05-27 01:02:13');
insert into friend (user_id_1, user_id_2, date) values (146, 902, '2023-04-25 13:12:35');
insert into friend (user_id_1, user_id_2, date) values (447, 975, '2024-03-29 13:35:43');
insert into friend (user_id_1, user_id_2, date) values (492, 212, '2023-10-04 20:53:26');
insert into friend (user_id_1, user_id_2, date) values (381, 438, '2023-12-07 17:00:02');
insert into friend (user_id_1, user_id_2, date) values (166, 141, '2023-11-06 09:02:37');
insert into friend (user_id_1, user_id_2, date) values (258, 963, '2024-03-19 05:33:02');
insert into friend (user_id_1, user_id_2, date) values (10, 283, '2024-01-09 07:46:01');
insert into friend (user_id_1, user_id_2, date) values (608, 208, '2023-05-23 14:09:07');
insert into friend (user_id_1, user_id_2, date) values (495, 9, '2023-06-15 18:57:01');
insert into friend (user_id_1, user_id_2, date) values (866, 996, '2024-04-06 08:47:33');
insert into friend (user_id_1, user_id_2, date) values (281, 290, '2023-08-14 11:10:32');
insert into friend (user_id_1, user_id_2, date) values (308, 700, '2024-02-12 05:58:37');
insert into friend (user_id_1, user_id_2, date) values (865, 162, '2023-07-06 10:46:48');
insert into friend (user_id_1, user_id_2, date) values (691, 523, '2024-02-23 12:58:17');
insert into friend (user_id_1, user_id_2, date) values (303, 534, '2024-03-04 15:14:20');
insert into friend (user_id_1, user_id_2, date) values (949, 745, '2023-06-22 19:58:26');
insert into friend (user_id_1, user_id_2, date) values (449, 523, '2024-02-10 03:30:12');
insert into friend (user_id_1, user_id_2, date) values (855, 108, '2023-04-21 13:57:45');
insert into friend (user_id_1, user_id_2, date) values (377, 205, '2023-04-20 00:25:26');
insert into friend (user_id_1, user_id_2, date) values (346, 947, '2023-06-17 04:33:26');
insert into friend (user_id_1, user_id_2, date) values (203, 331, '2024-02-26 02:34:02');
insert into friend (user_id_1, user_id_2, date) values (7, 952, '2023-07-30 06:30:59');
insert into friend (user_id_1, user_id_2, date) values (78, 315, '2023-11-26 03:20:35');
insert into friend (user_id_1, user_id_2, date) values (894, 100, '2024-04-05 00:24:52');
insert into friend (user_id_1, user_id_2, date) values (796, 594, '2023-11-19 10:42:56');
insert into friend (user_id_1, user_id_2, date) values (775, 72, '2023-04-20 10:09:28');
insert into friend (user_id_1, user_id_2, date) values (648, 761, '2023-12-27 12:31:13');
insert into friend (user_id_1, user_id_2, date) values (357, 123, '2023-06-29 15:40:59');
insert into friend (user_id_1, user_id_2, date) values (837, 880, '2024-02-16 15:59:32');
insert into friend (user_id_1, user_id_2, date) values (557, 869, '2023-06-13 06:09:25');
insert into friend (user_id_1, user_id_2, date) values (56, 414, '2023-12-24 03:36:27');
insert into friend (user_id_1, user_id_2, date) values (445, 241, '2023-10-07 16:17:53');
insert into friend (user_id_1, user_id_2, date) values (935, 747, '2024-01-31 20:42:09');
insert into friend (user_id_1, user_id_2, date) values (226, 403, '2023-08-29 01:41:36');
insert into friend (user_id_1, user_id_2, date) values (471, 524, '2023-12-23 19:35:16');
insert into friend (user_id_1, user_id_2, date) values (745, 703, '2023-07-21 19:40:55');
insert into friend (user_id_1, user_id_2, date) values (85, 295, '2023-09-17 17:41:06');
insert into friend (user_id_1, user_id_2, date) values (893, 356, '2024-01-24 03:46:55');
insert into friend (user_id_1, user_id_2, date) values (786, 353, '2024-01-19 20:00:59');


insert into server_member (member_id, server_id) values (300, 46);
insert into server_member (member_id, server_id) values (964, 55);
insert into server_member (member_id, server_id) values (875, 78);
insert into server_member (member_id, server_id) values (137, 59);
insert into server_member (member_id, server_id) values (624, 78);
insert into server_member (member_id, server_id) values (618, 55);
insert into server_member (member_id, server_id) values (703, 29);
insert into server_member (member_id, server_id) values (31, 6);
insert into server_member (member_id, server_id) values (24, 53);
insert into server_member (member_id, server_id) values (289, 55);
insert into server_member (member_id, server_id) values (428, 30);
insert into server_member (member_id, server_id) values (892, 48);
insert into server_member (member_id, server_id) values (633, 41);
insert into server_member (member_id, server_id) values (590, 61);
insert into server_member (member_id, server_id) values (539, 51);
insert into server_member (member_id, server_id) values (349, 66);
insert into server_member (member_id, server_id) values (872, 33);
insert into server_member (member_id, server_id) values (70, 20);
insert into server_member (member_id, server_id) values (108, 13);
insert into server_member (member_id, server_id) values (421, 21);
insert into server_member (member_id, server_id) values (132, 49);
insert into server_member (member_id, server_id) values (657, 50);
insert into server_member (member_id, server_id) values (91, 54);
insert into server_member (member_id, server_id) values (521, 62);
insert into server_member (member_id, server_id) values (680, 90);
insert into server_member (member_id, server_id) values (266, 23);
insert into server_member (member_id, server_id) values (525, 93);
insert into server_member (member_id, server_id) values (268, 43);
insert into server_member (member_id, server_id) values (986, 69);
insert into server_member (member_id, server_id) values (617, 69);
insert into server_member (member_id, server_id) values (800, 14);
insert into server_member (member_id, server_id) values (258, 47);
insert into server_member (member_id, server_id) values (288, 5);
insert into server_member (member_id, server_id) values (551, 8);
insert into server_member (member_id, server_id) values (961, 41);
insert into server_member (member_id, server_id) values (498, 6);
insert into server_member (member_id, server_id) values (214, 41);
insert into server_member (member_id, server_id) values (520, 3);
insert into server_member (member_id, server_id) values (732, 38);
insert into server_member (member_id, server_id) values (888, 69);
insert into server_member (member_id, server_id) values (178, 3);
insert into server_member (member_id, server_id) values (671, 81);
insert into server_member (member_id, server_id) values (329, 9);
insert into server_member (member_id, server_id) values (86, 8);
insert into server_member (member_id, server_id) values (970, 26);
insert into server_member (member_id, server_id) values (677, 8);
insert into server_member (member_id, server_id) values (212, 79);
insert into server_member (member_id, server_id) values (589, 58);
insert into server_member (member_id, server_id) values (775, 72);
insert into server_member (member_id, server_id) values (32, 84);
insert into server_member (member_id, server_id) values (949, 90);
insert into server_member (member_id, server_id) values (872, 53);
insert into server_member (member_id, server_id) values (918, 84);
insert into server_member (member_id, server_id) values (21, 68);
insert into server_member (member_id, server_id) values (903, 6);
insert into server_member (member_id, server_id) values (428, 7);
insert into server_member (member_id, server_id) values (953, 35);
insert into server_member (member_id, server_id) values (6, 39);
insert into server_member (member_id, server_id) values (454, 92);
insert into server_member (member_id, server_id) values (501, 21);
insert into server_member (member_id, server_id) values (102, 92);
insert into server_member (member_id, server_id) values (884, 33);
insert into server_member (member_id, server_id) values (956, 72);
insert into server_member (member_id, server_id) values (709, 10);
insert into server_member (member_id, server_id) values (715, 77);
insert into server_member (member_id, server_id) values (810, 5);
insert into server_member (member_id, server_id) values (631, 45);
insert into server_member (member_id, server_id) values (951, 93);
insert into server_member (member_id, server_id) values (620, 37);
insert into server_member (member_id, server_id) values (833, 39);
insert into server_member (member_id, server_id) values (809, 46);
insert into server_member (member_id, server_id) values (660, 44);
insert into server_member (member_id, server_id) values (802, 39);
insert into server_member (member_id, server_id) values (184, 23);
insert into server_member (member_id, server_id) values (106, 74);
insert into server_member (member_id, server_id) values (744, 91);
insert into server_member (member_id, server_id) values (699, 7);
insert into server_member (member_id, server_id) values (957, 21);
insert into server_member (member_id, server_id) values (128, 30);
insert into server_member (member_id, server_id) values (323, 90);
insert into server_member (member_id, server_id) values (602, 60);
insert into server_member (member_id, server_id) values (432, 8);
insert into server_member (member_id, server_id) values (259, 67);
insert into server_member (member_id, server_id) values (366, 93);
insert into server_member (member_id, server_id) values (740, 40);
insert into server_member (member_id, server_id) values (989, 47);
insert into server_member (member_id, server_id) values (233, 93);
insert into server_member (member_id, server_id) values (54, 58);
insert into server_member (member_id, server_id) values (737, 70);
insert into server_member (member_id, server_id) values (15, 100);
insert into server_member (member_id, server_id) values (619, 8);
insert into server_member (member_id, server_id) values (988, 13);
insert into server_member (member_id, server_id) values (493, 30);
insert into server_member (member_id, server_id) values (528, 8);
insert into server_member (member_id, server_id) values (834, 85);
insert into server_member (member_id, server_id) values (55, 13);
insert into server_member (member_id, server_id) values (983, 15);
insert into server_member (member_id, server_id) values (495, 70);
insert into server_member (member_id, server_id) values (613, 3);
insert into server_member (member_id, server_id) values (436, 98);
insert into server_member (member_id, server_id) values (622, 11);
insert into server_member (member_id, server_id) values (669, 14);
insert into server_member (member_id, server_id) values (831, 84);
insert into server_member (member_id, server_id) values (556, 18);
insert into server_member (member_id, server_id) values (810, 95);
insert into server_member (member_id, server_id) values (309, 25);
insert into server_member (member_id, server_id) values (380, 24);
insert into server_member (member_id, server_id) values (571, 21);
insert into server_member (member_id, server_id) values (771, 23);
insert into server_member (member_id, server_id) values (598, 19);
insert into server_member (member_id, server_id) values (973, 82);
insert into server_member (member_id, server_id) values (101, 17);
insert into server_member (member_id, server_id) values (994, 56);
insert into server_member (member_id, server_id) values (970, 95);
insert into server_member (member_id, server_id) values (277, 98);
insert into server_member (member_id, server_id) values (968, 81);
insert into server_member (member_id, server_id) values (646, 91);
insert into server_member (member_id, server_id) values (299, 50);
insert into server_member (member_id, server_id) values (79, 39);
insert into server_member (member_id, server_id) values (758, 5);
insert into server_member (member_id, server_id) values (581, 75);
insert into server_member (member_id, server_id) values (832, 83);
insert into server_member (member_id, server_id) values (980, 12);
insert into server_member (member_id, server_id) values (138, 67);
insert into server_member (member_id, server_id) values (119, 21);
insert into server_member (member_id, server_id) values (42, 99);
insert into server_member (member_id, server_id) values (720, 62);
insert into server_member (member_id, server_id) values (972, 76);
insert into server_member (member_id, server_id) values (691, 87);
insert into server_member (member_id, server_id) values (661, 57);
insert into server_member (member_id, server_id) values (481, 61);
insert into server_member (member_id, server_id) values (185, 33);
insert into server_member (member_id, server_id) values (68, 4);
insert into server_member (member_id, server_id) values (135, 74);
insert into server_member (member_id, server_id) values (601, 33);
insert into server_member (member_id, server_id) values (330, 37);
insert into server_member (member_id, server_id) values (157, 44);
insert into server_member (member_id, server_id) values (517, 67);
insert into server_member (member_id, server_id) values (398, 46);
insert into server_member (member_id, server_id) values (737, 69);
insert into server_member (member_id, server_id) values (923, 61);
insert into server_member (member_id, server_id) values (839, 64);
insert into server_member (member_id, server_id) values (656, 38);
insert into server_member (member_id, server_id) values (756, 23);
insert into server_member (member_id, server_id) values (474, 33);
insert into server_member (member_id, server_id) values (493, 78);
insert into server_member (member_id, server_id) values (959, 5);
insert into server_member (member_id, server_id) values (723, 92);
insert into server_member (member_id, server_id) values (700, 49);
insert into server_member (member_id, server_id) values (708, 33);
insert into server_member (member_id, server_id) values (884, 67);
insert into server_member (member_id, server_id) values (677, 9);
insert into server_member (member_id, server_id) values (367, 6);
insert into server_member (member_id, server_id) values (350, 95);
insert into server_member (member_id, server_id) values (821, 84);
insert into server_member (member_id, server_id) values (139, 70);
insert into server_member (member_id, server_id) values (560, 76);
insert into server_member (member_id, server_id) values (963, 73);
insert into server_member (member_id, server_id) values (528, 100);
insert into server_member (member_id, server_id) values (419, 29);
insert into server_member (member_id, server_id) values (359, 24);
insert into server_member (member_id, server_id) values (331, 8);
insert into server_member (member_id, server_id) values (893, 5);
insert into server_member (member_id, server_id) values (787, 41);
insert into server_member (member_id, server_id) values (849, 14);
insert into server_member (member_id, server_id) values (950, 11);
insert into server_member (member_id, server_id) values (117, 26);
insert into server_member (member_id, server_id) values (509, 52);
insert into server_member (member_id, server_id) values (393, 49);
insert into server_member (member_id, server_id) values (490, 86);
insert into server_member (member_id, server_id) values (281, 89);
insert into server_member (member_id, server_id) values (855, 12);
insert into server_member (member_id, server_id) values (497, 18);
insert into server_member (member_id, server_id) values (563, 16);
insert into server_member (member_id, server_id) values (122, 44);
insert into server_member (member_id, server_id) values (774, 3);
insert into server_member (member_id, server_id) values (825, 76);
insert into server_member (member_id, server_id) values (131, 68);
insert into server_member (member_id, server_id) values (264, 13);
insert into server_member (member_id, server_id) values (692, 54);
insert into server_member (member_id, server_id) values (752, 32);
insert into server_member (member_id, server_id) values (979, 22);
insert into server_member (member_id, server_id) values (259, 68);
insert into server_member (member_id, server_id) values (438, 63);
insert into server_member (member_id, server_id) values (42, 11);
insert into server_member (member_id, server_id) values (736, 30);
insert into server_member (member_id, server_id) values (375, 27);
insert into server_member (member_id, server_id) values (848, 13);
insert into server_member (member_id, server_id) values (464, 32);
insert into server_member (member_id, server_id) values (66, 60);
insert into server_member (member_id, server_id) values (218, 65);
insert into server_member (member_id, server_id) values (380, 11);
insert into server_member (member_id, server_id) values (369, 46);
insert into server_member (member_id, server_id) values (959, 43);
insert into server_member (member_id, server_id) values (241, 21);
insert into server_member (member_id, server_id) values (727, 66);
insert into server_member (member_id, server_id) values (114, 32);
insert into server_member (member_id, server_id) values (251, 52);
insert into server_member (member_id, server_id) values (686, 36);
insert into server_member (member_id, server_id) values (831, 3);
insert into server_member (member_id, server_id) values (409, 39);
insert into server_member (member_id, server_id) values (218, 19);
insert into server_member (member_id, server_id) values (81, 29);
insert into server_member (member_id, server_id) values (7, 3);
insert into server_member (member_id, server_id) values (655, 33);
insert into server_member (member_id, server_id) values (934, 69);
insert into server_member (member_id, server_id) values (372, 88);
insert into server_member (member_id, server_id) values (68, 63);
insert into server_member (member_id, server_id) values (578, 15);
insert into server_member (member_id, server_id) values (764, 13);
insert into server_member (member_id, server_id) values (709, 58);
insert into server_member (member_id, server_id) values (837, 75);
insert into server_member (member_id, server_id) values (251, 72);
insert into server_member (member_id, server_id) values (370, 48);
insert into server_member (member_id, server_id) values (995, 26);
insert into server_member (member_id, server_id) values (27, 4);
insert into server_member (member_id, server_id) values (279, 88);
insert into server_member (member_id, server_id) values (616, 24);
insert into server_member (member_id, server_id) values (773, 37);
insert into server_member (member_id, server_id) values (635, 90);
insert into server_member (member_id, server_id) values (117, 72);
insert into server_member (member_id, server_id) values (915, 15);
insert into server_member (member_id, server_id) values (454, 12);
insert into server_member (member_id, server_id) values (31, 45);
insert into server_member (member_id, server_id) values (766, 85);
insert into server_member (member_id, server_id) values (536, 76);
insert into server_member (member_id, server_id) values (437, 41);
insert into server_member (member_id, server_id) values (439, 40);
insert into server_member (member_id, server_id) values (324, 16);
insert into server_member (member_id, server_id) values (779, 87);
insert into server_member (member_id, server_id) values (302, 22);
insert into server_member (member_id, server_id) values (75, 41);
insert into server_member (member_id, server_id) values (918, 14);
insert into server_member (member_id, server_id) values (465, 16);
insert into server_member (member_id, server_id) values (368, 17);
insert into server_member (member_id, server_id) values (367, 81);
insert into server_member (member_id, server_id) values (805, 89);
insert into server_member (member_id, server_id) values (327, 95);
insert into server_member (member_id, server_id) values (815, 95);
insert into server_member (member_id, server_id) values (171, 35);
insert into server_member (member_id, server_id) values (190, 13);
insert into server_member (member_id, server_id) values (382, 32);
insert into server_member (member_id, server_id) values (348, 51);
insert into server_member (member_id, server_id) values (187, 75);
insert into server_member (member_id, server_id) values (724, 41);
insert into server_member (member_id, server_id) values (141, 81);
insert into server_member (member_id, server_id) values (541, 84);
insert into server_member (member_id, server_id) values (137, 73);
insert into server_member (member_id, server_id) values (641, 85);
insert into server_member (member_id, server_id) values (287, 47);
insert into server_member (member_id, server_id) values (818, 65);
insert into server_member (member_id, server_id) values (884, 57);
insert into server_member (member_id, server_id) values (579, 34);
insert into server_member (member_id, server_id) values (712, 38);
insert into server_member (member_id, server_id) values (304, 30);
insert into server_member (member_id, server_id) values (98, 70);
insert into server_member (member_id, server_id) values (244, 34);
insert into server_member (member_id, server_id) values (921, 44);
insert into server_member (member_id, server_id) values (276, 65);
insert into server_member (member_id, server_id) values (600, 13);
insert into server_member (member_id, server_id) values (623, 11);
insert into server_member (member_id, server_id) values (495, 45);
insert into server_member (member_id, server_id) values (860, 41);
insert into server_member (member_id, server_id) values (637, 11);
insert into server_member (member_id, server_id) values (727, 58);
insert into server_member (member_id, server_id) values (157, 20);
insert into server_member (member_id, server_id) values (344, 84);
insert into server_member (member_id, server_id) values (924, 2);
insert into server_member (member_id, server_id) values (503, 94);
insert into server_member (member_id, server_id) values (34, 80);
insert into server_member (member_id, server_id) values (255, 41);
insert into server_member (member_id, server_id) values (470, 56);
insert into server_member (member_id, server_id) values (350, 24);
insert into server_member (member_id, server_id) values (917, 26);
insert into server_member (member_id, server_id) values (438, 13);
insert into server_member (member_id, server_id) values (496, 3);
insert into server_member (member_id, server_id) values (313, 9);
insert into server_member (member_id, server_id) values (566, 39);
insert into server_member (member_id, server_id) values (290, 30);
insert into server_member (member_id, server_id) values (592, 94);
insert into server_member (member_id, server_id) values (385, 52);
insert into server_member (member_id, server_id) values (627, 18);
insert into server_member (member_id, server_id) values (585, 24);
insert into server_member (member_id, server_id) values (85, 58);
insert into server_member (member_id, server_id) values (385, 88);
insert into server_member (member_id, server_id) values (408, 8);
insert into server_member (member_id, server_id) values (288, 38);
insert into server_member (member_id, server_id) values (29, 22);
insert into server_member (member_id, server_id) values (93, 69);
insert into server_member (member_id, server_id) values (841, 78);
insert into server_member (member_id, server_id) values (647, 79);
insert into server_member (member_id, server_id) values (52, 8);
insert into server_member (member_id, server_id) values (823, 20);
insert into server_member (member_id, server_id) values (656, 90);
insert into server_member (member_id, server_id) values (992, 88);
insert into server_member (member_id, server_id) values (466, 70);
insert into server_member (member_id, server_id) values (928, 46);
insert into server_member (member_id, server_id) values (141, 57);
insert into server_member (member_id, server_id) values (663, 33);
insert into server_member (member_id, server_id) values (125, 72);
insert into server_member (member_id, server_id) values (931, 5);
insert into server_member (member_id, server_id) values (413, 12);
insert into server_member (member_id, server_id) values (850, 93);
insert into server_member (member_id, server_id) values (481, 10);
insert into server_member (member_id, server_id) values (807, 17);
insert into server_member (member_id, server_id) values (490, 54);
insert into server_member (member_id, server_id) values (712, 75);
insert into server_member (member_id, server_id) values (289, 4);
insert into server_member (member_id, server_id) values (428, 13);
insert into server_member (member_id, server_id) values (307, 63);
insert into server_member (member_id, server_id) values (195, 100);
insert into server_member (member_id, server_id) values (461, 46);
insert into server_member (member_id, server_id) values (504, 98);
insert into server_member (member_id, server_id) values (400, 56);
insert into server_member (member_id, server_id) values (964, 54);
insert into server_member (member_id, server_id) values (676, 17);
insert into server_member (member_id, server_id) values (210, 66);
insert into server_member (member_id, server_id) values (592, 10);
insert into server_member (member_id, server_id) values (940, 62);
insert into server_member (member_id, server_id) values (415, 2);
insert into server_member (member_id, server_id) values (665, 74);
insert into server_member (member_id, server_id) values (859, 10);
insert into server_member (member_id, server_id) values (857, 24);
insert into server_member (member_id, server_id) values (827, 41);
insert into server_member (member_id, server_id) values (139, 37);
insert into server_member (member_id, server_id) values (320, 14);
insert into server_member (member_id, server_id) values (102, 34);
insert into server_member (member_id, server_id) values (186, 78);
insert into server_member (member_id, server_id) values (710, 86);
insert into server_member (member_id, server_id) values (700, 45);
insert into server_member (member_id, server_id) values (814, 82);
insert into server_member (member_id, server_id) values (135, 76);
insert into server_member (member_id, server_id) values (742, 32);
insert into server_member (member_id, server_id) values (457, 53);
insert into server_member (member_id, server_id) values (920, 92);
insert into server_member (member_id, server_id) values (611, 87);
insert into server_member (member_id, server_id) values (673, 13);
insert into server_member (member_id, server_id) values (436, 3);
insert into server_member (member_id, server_id) values (652, 18);
insert into server_member (member_id, server_id) values (837, 92);
insert into server_member (member_id, server_id) values (48, 75);
insert into server_member (member_id, server_id) values (695, 73);
insert into server_member (member_id, server_id) values (830, 53);
insert into server_member (member_id, server_id) values (638, 82);
insert into server_member (member_id, server_id) values (497, 89);
insert into server_member (member_id, server_id) values (842, 82);
insert into server_member (member_id, server_id) values (181, 10);
insert into server_member (member_id, server_id) values (260, 40);
insert into server_member (member_id, server_id) values (284, 70);
insert into server_member (member_id, server_id) values (953, 17);
insert into server_member (member_id, server_id) values (616, 49);
insert into server_member (member_id, server_id) values (425, 20);
insert into server_member (member_id, server_id) values (288, 52);
insert into server_member (member_id, server_id) values (12, 75);
insert into server_member (member_id, server_id) values (963, 19);
insert into server_member (member_id, server_id) values (958, 19);
insert into server_member (member_id, server_id) values (219, 90);
insert into server_member (member_id, server_id) values (921, 37);
insert into server_member (member_id, server_id) values (38, 30);
insert into server_member (member_id, server_id) values (846, 7);
insert into server_member (member_id, server_id) values (955, 93);
insert into server_member (member_id, server_id) values (393, 78);
insert into server_member (member_id, server_id) values (569, 57);
insert into server_member (member_id, server_id) values (408, 77);
insert into server_member (member_id, server_id) values (944, 72);
insert into server_member (member_id, server_id) values (419, 2);
insert into server_member (member_id, server_id) values (696, 68);
insert into server_member (member_id, server_id) values (443, 41);
insert into server_member (member_id, server_id) values (96, 35);
insert into server_member (member_id, server_id) values (521, 5);
insert into server_member (member_id, server_id) values (761, 90);
insert into server_member (member_id, server_id) values (85, 76);
insert into server_member (member_id, server_id) values (703, 20);
insert into server_member (member_id, server_id) values (857, 67);
insert into server_member (member_id, server_id) values (683, 97);
insert into server_member (member_id, server_id) values (293, 85);
insert into server_member (member_id, server_id) values (309, 96);
insert into server_member (member_id, server_id) values (328, 84);
insert into server_member (member_id, server_id) values (379, 76);
insert into server_member (member_id, server_id) values (597, 78);
insert into server_member (member_id, server_id) values (745, 86);
insert into server_member (member_id, server_id) values (189, 66);
insert into server_member (member_id, server_id) values (288, 95);
insert into server_member (member_id, server_id) values (517, 18);
insert into server_member (member_id, server_id) values (284, 22);
insert into server_member (member_id, server_id) values (343, 5);
insert into server_member (member_id, server_id) values (995, 55);
insert into server_member (member_id, server_id) values (811, 81);
insert into server_member (member_id, server_id) values (554, 48);
insert into server_member (member_id, server_id) values (955, 86);
insert into server_member (member_id, server_id) values (66, 9);
insert into server_member (member_id, server_id) values (867, 83);
insert into server_member (member_id, server_id) values (835, 31);
insert into server_member (member_id, server_id) values (791, 10);
insert into server_member (member_id, server_id) values (514, 56);
insert into server_member (member_id, server_id) values (494, 54);
insert into server_member (member_id, server_id) values (78, 38);
insert into server_member (member_id, server_id) values (614, 28);
insert into server_member (member_id, server_id) values (738, 39);
insert into server_member (member_id, server_id) values (295, 2);
insert into server_member (member_id, server_id) values (478, 58);
insert into server_member (member_id, server_id) values (529, 54);
insert into server_member (member_id, server_id) values (975, 12);
insert into server_member (member_id, server_id) values (302, 78);
insert into server_member (member_id, server_id) values (509, 32);
insert into server_member (member_id, server_id) values (397, 42);
insert into server_member (member_id, server_id) values (140, 73);
insert into server_member (member_id, server_id) values (838, 35);
insert into server_member (member_id, server_id) values (384, 28);
insert into server_member (member_id, server_id) values (982, 24);
insert into server_member (member_id, server_id) values (677, 94);
insert into server_member (member_id, server_id) values (857, 37);
insert into server_member (member_id, server_id) values (57, 45);
insert into server_member (member_id, server_id) values (779, 79);
insert into server_member (member_id, server_id) values (652, 41);
insert into server_member (member_id, server_id) values (686, 12);
insert into server_member (member_id, server_id) values (647, 29);
insert into server_member (member_id, server_id) values (680, 70);
insert into server_member (member_id, server_id) values (702, 18);
insert into server_member (member_id, server_id) values (116, 40);
insert into server_member (member_id, server_id) values (199, 41);
insert into server_member (member_id, server_id) values (540, 47);
insert into server_member (member_id, server_id) values (490, 99);
insert into server_member (member_id, server_id) values (170, 81);
insert into server_member (member_id, server_id) values (7, 100);
insert into server_member (member_id, server_id) values (862, 62);
insert into server_member (member_id, server_id) values (656, 15);
insert into server_member (member_id, server_id) values (562, 80);
insert into server_member (member_id, server_id) values (741, 2);
insert into server_member (member_id, server_id) values (57, 91);
insert into server_member (member_id, server_id) values (283, 7);
insert into server_member (member_id, server_id) values (641, 71);
insert into server_member (member_id, server_id) values (568, 56);
insert into server_member (member_id, server_id) values (692, 39);
insert into server_member (member_id, server_id) values (904, 16);
insert into server_member (member_id, server_id) values (338, 52);
insert into server_member (member_id, server_id) values (979, 98);
insert into server_member (member_id, server_id) values (379, 11);
insert into server_member (member_id, server_id) values (363, 92);
insert into server_member (member_id, server_id) values (904, 45);
insert into server_member (member_id, server_id) values (323, 30);
insert into server_member (member_id, server_id) values (871, 57);
insert into server_member (member_id, server_id) values (946, 82);
insert into server_member (member_id, server_id) values (902, 81);
insert into server_member (member_id, server_id) values (214, 2);
insert into server_member (member_id, server_id) values (525, 100);
insert into server_member (member_id, server_id) values (964, 7);
insert into server_member (member_id, server_id) values (883, 87);
insert into server_member (member_id, server_id) values (943, 13);
insert into server_member (member_id, server_id) values (637, 75);
insert into server_member (member_id, server_id) values (748, 70);
insert into server_member (member_id, server_id) values (926, 23);
insert into server_member (member_id, server_id) values (444, 67);
insert into server_member (member_id, server_id) values (665, 6);
insert into server_member (member_id, server_id) values (102, 80);
insert into server_member (member_id, server_id) values (269, 26);
insert into server_member (member_id, server_id) values (474, 78);
insert into server_member (member_id, server_id) values (646, 36);
insert into server_member (member_id, server_id) values (690, 16);
insert into server_member (member_id, server_id) values (41, 35);
insert into server_member (member_id, server_id) values (86, 35);
insert into server_member (member_id, server_id) values (670, 12);
insert into server_member (member_id, server_id) values (459, 43);
insert into server_member (member_id, server_id) values (50, 82);
insert into server_member (member_id, server_id) values (592, 66);
insert into server_member (member_id, server_id) values (810, 49);
insert into server_member (member_id, server_id) values (543, 65);
insert into server_member (member_id, server_id) values (884, 46);
insert into server_member (member_id, server_id) values (189, 23);
insert into server_member (member_id, server_id) values (87, 66);
insert into server_member (member_id, server_id) values (746, 65);
insert into server_member (member_id, server_id) values (109, 79);
insert into server_member (member_id, server_id) values (402, 34);
insert into server_member (member_id, server_id) values (596, 13);
insert into server_member (member_id, server_id) values (995, 22);
insert into server_member (member_id, server_id) values (203, 2);
insert into server_member (member_id, server_id) values (741, 99);
insert into server_member (member_id, server_id) values (645, 68);
insert into server_member (member_id, server_id) values (306, 13);
insert into server_member (member_id, server_id) values (490, 8);
insert into server_member (member_id, server_id) values (769, 21);
insert into server_member (member_id, server_id) values (719, 74);
insert into server_member (member_id, server_id) values (964, 50);
insert into server_member (member_id, server_id) values (866, 82);
insert into server_member (member_id, server_id) values (167, 41);
insert into server_member (member_id, server_id) values (462, 37);
insert into server_member (member_id, server_id) values (229, 51);
insert into server_member (member_id, server_id) values (221, 95);
insert into server_member (member_id, server_id) values (470, 25);
insert into server_member (member_id, server_id) values (42, 19);
insert into server_member (member_id, server_id) values (986, 2);
insert into server_member (member_id, server_id) values (605, 50);
insert into server_member (member_id, server_id) values (950, 43);
insert into server_member (member_id, server_id) values (993, 35);
insert into server_member (member_id, server_id) values (913, 17);
insert into server_member (member_id, server_id) values (677, 100);
insert into server_member (member_id, server_id) values (312, 16);
insert into server_member (member_id, server_id) values (871, 84);
insert into server_member (member_id, server_id) values (539, 96);
insert into server_member (member_id, server_id) values (435, 42);
insert into server_member (member_id, server_id) values (765, 45);
insert into server_member (member_id, server_id) values (222, 37);
insert into server_member (member_id, server_id) values (210, 60);
insert into server_member (member_id, server_id) values (70, 89);
insert into server_member (member_id, server_id) values (507, 83);
insert into server_member (member_id, server_id) values (668, 40);
insert into server_member (member_id, server_id) values (459, 4);
insert into server_member (member_id, server_id) values (958, 72);
insert into server_member (member_id, server_id) values (306, 11);
insert into server_member (member_id, server_id) values (624, 22);
insert into server_member (member_id, server_id) values (863, 49);
insert into server_member (member_id, server_id) values (574, 46);
insert into server_member (member_id, server_id) values (32, 53);
insert into server_member (member_id, server_id) values (919, 73);
insert into server_member (member_id, server_id) values (670, 32);
insert into server_member (member_id, server_id) values (774, 57);
insert into server_member (member_id, server_id) values (898, 96);
insert into server_member (member_id, server_id) values (316, 93);
insert into server_member (member_id, server_id) values (67, 49);
insert into server_member (member_id, server_id) values (401, 93);
insert into server_member (member_id, server_id) values (775, 10);
insert into server_member (member_id, server_id) values (749, 18);
insert into server_member (member_id, server_id) values (650, 91);
insert into server_member (member_id, server_id) values (914, 50);
insert into server_member (member_id, server_id) values (812, 38);
insert into server_member (member_id, server_id) values (410, 57);
insert into server_member (member_id, server_id) values (637, 9);
insert into server_member (member_id, server_id) values (608, 78);
insert into server_member (member_id, server_id) values (120, 46);
insert into server_member (member_id, server_id) values (645, 10);
insert into server_member (member_id, server_id) values (747, 50);
insert into server_member (member_id, server_id) values (833, 90);
insert into server_member (member_id, server_id) values (491, 68);
insert into server_member (member_id, server_id) values (960, 4);
insert into server_member (member_id, server_id) values (60, 3);
insert into server_member (member_id, server_id) values (8, 48);
insert into server_member (member_id, server_id) values (209, 58);
insert into server_member (member_id, server_id) values (829, 81);
insert into server_member (member_id, server_id) values (233, 31);
insert into server_member (member_id, server_id) values (799, 47);
insert into server_member (member_id, server_id) values (847, 38);
insert into server_member (member_id, server_id) values (207, 39);
insert into server_member (member_id, server_id) values (217, 41);
insert into server_member (member_id, server_id) values (285, 83);
insert into server_member (member_id, server_id) values (782, 77);
insert into server_member (member_id, server_id) values (374, 16);
insert into server_member (member_id, server_id) values (846, 84);
insert into server_member (member_id, server_id) values (848, 67);
insert into server_member (member_id, server_id) values (948, 4);
insert into server_member (member_id, server_id) values (999, 50);
insert into server_member (member_id, server_id) values (390, 33);
insert into server_member (member_id, server_id) values (93, 16);
insert into server_member (member_id, server_id) values (78, 34);
insert into server_member (member_id, server_id) values (629, 11);
insert into server_member (member_id, server_id) values (156, 71);
insert into server_member (member_id, server_id) values (864, 96);
insert into server_member (member_id, server_id) values (587, 66);
insert into server_member (member_id, server_id) values (549, 93);
insert into server_member (member_id, server_id) values (830, 20);
insert into server_member (member_id, server_id) values (988, 32);
insert into server_member (member_id, server_id) values (211, 87);
insert into server_member (member_id, server_id) values (769, 43);
insert into server_member (member_id, server_id) values (135, 10);
insert into server_member (member_id, server_id) values (802, 51);
insert into server_member (member_id, server_id) values (355, 5);
insert into server_member (member_id, server_id) values (6, 88);

insert into nickname (user_id, server_id, nickname) values (779, 65, 'John');
insert into nickname (user_id, server_id, nickname) values (284, 83, 'Baxy');
insert into nickname (user_id, server_id, nickname) values (860, 65, 'Myrtle');
insert into nickname (user_id, server_id, nickname) values (935, 79, 'Leola');
insert into nickname (user_id, server_id, nickname) values (978, 8, 'Clotilda');
insert into nickname (user_id, server_id, nickname) values (551, 41, 'Adriaens');
insert into nickname (user_id, server_id, nickname) values (713, 4, 'Victoria');
insert into nickname (user_id, server_id, nickname) values (434, 90, 'Jean');
insert into nickname (user_id, server_id, nickname) values (893, 39, 'Iona');
insert into nickname (user_id, server_id, nickname) values (914, 90, 'Arvy');

insert into event (event_id, server_id, topic, location, start_date, end_date, description, creator_id) values (1, 9, 'Dana', 'Apt 1927', '2023-10-09 04:21:31', '2023-08-06 01:43:02', 'vyflkmxfasynwwspquhxwlzqxh', 260);
insert into event (event_id, server_id, topic, location, start_date, end_date, description, creator_id) values (2, 27, 'Martainn', 'Suite 57', '2023-12-23 11:38:44', '2024-04-02 05:19:58', 'adjlwanyrwafzdrfmnvkqxiipo', 131);
insert into event (event_id, server_id, topic, location, start_date, end_date, description, creator_id) values (3, 2, 'Rori', '6th Floor', '2023-05-08 10:09:58', '2023-10-09 00:41:56', 'slndyqhkhjfqlcjfjdsvxrlqra', 882);
insert into event (event_id, server_id, topic, location, start_date, end_date, description, creator_id) values (4, 1, 'Denney', '17th Floor', '2023-08-23 09:08:37', '2023-12-14 02:03:37', 'lnyjzglcgkavrxfrokupbidmtq', 444);
insert into event (event_id, server_id, topic, location, start_date, end_date, description, creator_id) values (5, 50, 'Scarface', 'Room 327', '2024-04-16 09:56:28', '2023-07-10 01:31:06', 'rygvwjgonmxwfmwtweahuexpwx', 467);
insert into event (event_id, server_id, topic, location, start_date, end_date, description, creator_id) values (6, 79, 'Leoine', 'Room 336', '2023-04-24 02:12:02', '2023-08-18 16:29:34', 'bgcnfpknpqjagdoxyahvuexzlg', 442);
insert into event (event_id, server_id, topic, location, start_date, end_date, description, creator_id) values (7, 7, 'Tonya', 'PO Box 47686', '2023-09-08 10:04:59', '2024-03-23 12:21:34', 'ymbisutsmklwtozngrptrbmpkg', 649);
insert into event (event_id, server_id, topic, location, start_date, end_date, description, creator_id) values (8, 12, 'Forrest', '13th Floor', '2024-03-09 09:51:57', '2024-03-30 21:40:32', 'jitpcrqczncteauggptjxthjaq', 530);
insert into event (event_id, server_id, topic, location, start_date, end_date, description, creator_id) values (9, 86, 'Kare', '12th Floor', '2023-09-09 09:39:47', '2024-03-26 19:59:52', 'umjxhxocezndiezqzmgkbjuhey', 744);
insert into event (event_id, server_id, topic, location, start_date, end_date, description, creator_id) values (10, 87, 'Daisey', 'Room 641', '2024-04-10 05:33:26', '2023-11-17 01:05:16', 'xvqojdwmqtndefhswmiiiwwpeq', 318);

insert into category (category_id, server_id, category_name, is_privet) values (1, 69, 'cat name example jrpedinyi', true);
insert into category (category_id, server_id, category_name, is_privet) values (2, 26, 'cat name example gdcnafwsu', false);
insert into category (category_id, server_id, category_name, is_privet) values (3, 23, 'cat name example jfspwaajd', false);
insert into category (category_id, server_id, category_name, is_privet) values (4, 100, 'cat name example pedtocqws', false);
insert into category (category_id, server_id, category_name, is_privet) values (5, 7, 'cat name example ufulenqfe', true);
insert into category (category_id, server_id, category_name, is_privet) values (6, 68, 'cat name example giazrawms', false);
insert into category (category_id, server_id, category_name, is_privet) values (7, 47, 'cat name example pjqmcuwyo', true);
insert into category (category_id, server_id, category_name, is_privet) values (8, 98, 'cat name example xcxiipsli', false);
insert into category (category_id, server_id, category_name, is_privet) values (9, 12, 'cat name example tafgqitnh', false);
insert into category (category_id, server_id, category_name, is_privet) values (10, 60, 'cat name example cqbmjgfgh', false);
insert into category (category_id, server_id, category_name, is_privet) values (11, 80, 'cat name example gtxhtjcgb', false);
insert into category (category_id, server_id, category_name, is_privet) values (12, 19, 'cat name example xvqtmxycb', true);
insert into category (category_id, server_id, category_name, is_privet) values (13, 78, 'cat name example sfoagmnrs', false);
insert into category (category_id, server_id, category_name, is_privet) values (14, 1, 'cat name example jqzrxfuct', false);
insert into category (category_id, server_id, category_name, is_privet) values (15, 47, 'cat name example lmxusaefj', true);
insert into category (category_id, server_id, category_name, is_privet) values (16, 49, 'cat name example jdshemxwd', true);
insert into category (category_id, server_id, category_name, is_privet) values (17, 56, 'cat name example gwdfawmdr', false);
insert into category (category_id, server_id, category_name, is_privet) values (18, 36, 'cat name example akqdvikgx', false);
insert into category (category_id, server_id, category_name, is_privet) values (19, 70, 'cat name example psinppemr', true);
insert into category (category_id, server_id, category_name, is_privet) values (20, 48, 'cat name example bjgpgdbsr', false);
insert into category (category_id, server_id, category_name, is_privet) values (21, 3, 'cat name example yvqpkqqgs', false);
insert into category (category_id, server_id, category_name, is_privet) values (22, 7, 'cat name example qnavdtuta', false);
insert into category (category_id, server_id, category_name, is_privet) values (23, 36, 'cat name example qcztimsef', true);
insert into category (category_id, server_id, category_name, is_privet) values (24, 4, 'cat name example mtbahpzud', false);
insert into category (category_id, server_id, category_name, is_privet) values (25, 44, 'cat name example nfxwwddgf', false);
insert into category (category_id, server_id, category_name, is_privet) values (26, 76, 'cat name example hkatuudxf', false);
insert into category (category_id, server_id, category_name, is_privet) values (27, 25, 'cat name example bfgokzgzp', true);
insert into category (category_id, server_id, category_name, is_privet) values (28, 97, 'cat name example hvdtifuta', false);
insert into category (category_id, server_id, category_name, is_privet) values (29, 86, 'cat name example cyfusiesh', true);
insert into category (category_id, server_id, category_name, is_privet) values (30, 72, 'cat name example swfdxuldm', true);
insert into category (category_id, server_id, category_name, is_privet) values (31, 87, 'cat name example goxnimkql', true);
insert into category (category_id, server_id, category_name, is_privet) values (32, 44, 'cat name example bnhzcllwv', true);
insert into category (category_id, server_id, category_name, is_privet) values (33, 13, 'cat name example rscvpmysx', false);
insert into category (category_id, server_id, category_name, is_privet) values (34, 40, 'cat name example jpguohbha', true);
insert into category (category_id, server_id, category_name, is_privet) values (35, 23, 'cat name example jkqwviupp', true);
insert into category (category_id, server_id, category_name, is_privet) values (36, 56, 'cat name example ckawbexgg', true);
insert into category (category_id, server_id, category_name, is_privet) values (37, 2, 'cat name example tlurnomra', true);
insert into category (category_id, server_id, category_name, is_privet) values (38, 77, 'cat name example tfrnfckow', true);
insert into category (category_id, server_id, category_name, is_privet) values (39, 79, 'cat name example shnhwhrxs', false);
insert into category (category_id, server_id, category_name, is_privet) values (40, 36, 'cat name example wpvdmyfmy', false);
insert into category (category_id, server_id, category_name, is_privet) values (41, 76, 'cat name example zxmpmdlgx', true);
insert into category (category_id, server_id, category_name, is_privet) values (42, 17, 'cat name example xdtubcrwq', true);
insert into category (category_id, server_id, category_name, is_privet) values (43, 55, 'cat name example iletfsgki', true);
insert into category (category_id, server_id, category_name, is_privet) values (44, 80, 'cat name example wnqdxqwec', true);
insert into category (category_id, server_id, category_name, is_privet) values (45, 31, 'cat name example ynbddbgue', false);
insert into category (category_id, server_id, category_name, is_privet) values (46, 1, 'cat name example yzjiqrzzb', false);
insert into category (category_id, server_id, category_name, is_privet) values (47, 56, 'cat name example lqcixlyvl', false);
insert into category (category_id, server_id, category_name, is_privet) values (48, 62, 'cat name example gxvikwmki', false);
insert into category (category_id, server_id, category_name, is_privet) values (49, 5, 'cat name example yhhzufoec', false);
insert into category (category_id, server_id, category_name, is_privet) values (50, 10, 'cat name example nkajqzfws', false);
insert into category (category_id, server_id, category_name, is_privet) values (51, 63, 'cat name example uvmahdpoz', false);
insert into category (category_id, server_id, category_name, is_privet) values (52, 74, 'cat name example qhfffbmno', false);
insert into category (category_id, server_id, category_name, is_privet) values (53, 5, 'cat name example htqxjktun', false);
insert into category (category_id, server_id, category_name, is_privet) values (54, 20, 'cat name example oupoiudox', true);
insert into category (category_id, server_id, category_name, is_privet) values (55, 4, 'cat name example hspqflidq', true);
insert into category (category_id, server_id, category_name, is_privet) values (56, 29, 'cat name example tqsjdqcrp', true);
insert into category (category_id, server_id, category_name, is_privet) values (57, 44, 'cat name example jcxfyaxlo', false);
insert into category (category_id, server_id, category_name, is_privet) values (58, 70, 'cat name example ivvedepke', true);
insert into category (category_id, server_id, category_name, is_privet) values (59, 11, 'cat name example bpevzotnl', false);
insert into category (category_id, server_id, category_name, is_privet) values (60, 83, 'cat name example ejrjcovla', true);
insert into category (category_id, server_id, category_name, is_privet) values (61, 43, 'cat name example eptxqvrle', true);
insert into category (category_id, server_id, category_name, is_privet) values (62, 45, 'cat name example uqsurbrgr', false);
insert into category (category_id, server_id, category_name, is_privet) values (63, 94, 'cat name example kkywdviek', false);
insert into category (category_id, server_id, category_name, is_privet) values (64, 98, 'cat name example gfguatyiv', true);
insert into category (category_id, server_id, category_name, is_privet) values (65, 25, 'cat name example otwxczatk', false);
insert into category (category_id, server_id, category_name, is_privet) values (66, 42, 'cat name example ursvrrmfn', true);
insert into category (category_id, server_id, category_name, is_privet) values (67, 21, 'cat name example rrwnojgen', false);
insert into category (category_id, server_id, category_name, is_privet) values (68, 57, 'cat name example jkakqosro', true);
insert into category (category_id, server_id, category_name, is_privet) values (69, 37, 'cat name example hurebvqrl', true);
insert into category (category_id, server_id, category_name, is_privet) values (70, 11, 'cat name example ruekuohbi', false);
insert into category (category_id, server_id, category_name, is_privet) values (71, 44, 'cat name example vledttomq', false);
insert into category (category_id, server_id, category_name, is_privet) values (72, 47, 'cat name example wgrdmmkjc', false);
insert into category (category_id, server_id, category_name, is_privet) values (73, 89, 'cat name example netqiddum', true);
insert into category (category_id, server_id, category_name, is_privet) values (74, 53, 'cat name example tupnzxfrw', true);
insert into category (category_id, server_id, category_name, is_privet) values (75, 30, 'cat name example vvangiekx', true);
insert into category (category_id, server_id, category_name, is_privet) values (76, 45, 'cat name example ssrusjsss', false);
insert into category (category_id, server_id, category_name, is_privet) values (77, 94, 'cat name example uzokhqrzh', false);
insert into category (category_id, server_id, category_name, is_privet) values (78, 63, 'cat name example oekwsneof', false);
insert into category (category_id, server_id, category_name, is_privet) values (79, 10, 'cat name example qcyzqjxtt', true);
insert into category (category_id, server_id, category_name, is_privet) values (80, 92, 'cat name example epfkculqp', true);
insert into category (category_id, server_id, category_name, is_privet) values (81, 83, 'cat name example ozvcmtcem', false);
insert into category (category_id, server_id, category_name, is_privet) values (82, 4, 'cat name example bkoefkmlv', false);
insert into category (category_id, server_id, category_name, is_privet) values (83, 64, 'cat name example fabgrxwsu', true);
insert into category (category_id, server_id, category_name, is_privet) values (84, 53, 'cat name example zcwsvfwjo', true);
insert into category (category_id, server_id, category_name, is_privet) values (85, 84, 'cat name example skaylvopj', true);
insert into category (category_id, server_id, category_name, is_privet) values (86, 16, 'cat name example zyvzhhtwi', true);
insert into category (category_id, server_id, category_name, is_privet) values (87, 62, 'cat name example uyofgadab', true);
insert into category (category_id, server_id, category_name, is_privet) values (88, 31, 'cat name example lwbsvxzcl', false);
insert into category (category_id, server_id, category_name, is_privet) values (89, 13, 'cat name example kxjspdxgz', true);
insert into category (category_id, server_id, category_name, is_privet) values (90, 10, 'cat name example rjfzvoefe', false);
insert into category (category_id, server_id, category_name, is_privet) values (91, 59, 'cat name example cvmcunhfd', false);
insert into category (category_id, server_id, category_name, is_privet) values (92, 83, 'cat name example pwufqxqny', true);
insert into category (category_id, server_id, category_name, is_privet) values (93, 94, 'cat name example ddeqhyovm', true);
insert into category (category_id, server_id, category_name, is_privet) values (94, 67, 'cat name example vhsgkwdkz', false);
insert into category (category_id, server_id, category_name, is_privet) values (95, 2, 'cat name example dexsnrvxd', true);
insert into category (category_id, server_id, category_name, is_privet) values (96, 63, 'cat name example nkzlwwrgh', true);
insert into category (category_id, server_id, category_name, is_privet) values (97, 80, 'cat name example wrcrdkhna', true);
insert into category (category_id, server_id, category_name, is_privet) values (98, 90, 'cat name example rozvioxos', false);
insert into category (category_id, server_id, category_name, is_privet) values (99, 51, 'cat name example ehqxggmgr', true);
insert into category (category_id, server_id, category_name, is_privet) values (100, 98, 'cat name example fdkwlvobi', true);

insert into group_member (member_id, group_id) values (43, 31);
insert into group_member (member_id, group_id) values (448, 15);
insert into group_member (member_id, group_id) values (932, 31);
insert into group_member (member_id, group_id) values (907, 7);
insert into group_member (member_id, group_id) values (562, 13);
insert into group_member (member_id, group_id) values (960, 7);
insert into group_member (member_id, group_id) values (510, 2);
insert into group_member (member_id, group_id) values (905, 8);
insert into group_member (member_id, group_id) values (696, 30);
insert into group_member (member_id, group_id) values (152, 26);
insert into group_member (member_id, group_id) values (600, 20);
insert into group_member (member_id, group_id) values (990, 11);
insert into group_member (member_id, group_id) values (89, 12);
insert into group_member (member_id, group_id) values (136, 37);
insert into group_member (member_id, group_id) values (869, 18);
insert into group_member (member_id, group_id) values (878, 45);
insert into group_member (member_id, group_id) values (625, 30);
insert into group_member (member_id, group_id) values (758, 1);
insert into group_member (member_id, group_id) values (435, 32);
insert into group_member (member_id, group_id) values (448, 22);
insert into group_member (member_id, group_id) values (332, 47);
insert into group_member (member_id, group_id) values (839, 7);
insert into group_member (member_id, group_id) values (333, 29);
insert into group_member (member_id, group_id) values (957, 15);
insert into group_member (member_id, group_id) values (891, 31);
insert into group_member (member_id, group_id) values (355, 50);
insert into group_member (member_id, group_id) values (769, 20);
insert into group_member (member_id, group_id) values (336, 41);
insert into group_member (member_id, group_id) values (300, 50);
insert into group_member (member_id, group_id) values (543, 11);
insert into group_member (member_id, group_id) values (664, 40);
insert into group_member (member_id, group_id) values (866, 37);
insert into group_member (member_id, group_id) values (881, 31);
insert into group_member (member_id, group_id) values (557, 25);
insert into group_member (member_id, group_id) values (244, 27);
insert into group_member (member_id, group_id) values (798, 39);
insert into group_member (member_id, group_id) values (507, 11);
insert into group_member (member_id, group_id) values (140, 42);
insert into group_member (member_id, group_id) values (73, 31);
insert into group_member (member_id, group_id) values (1, 14);
insert into group_member (member_id, group_id) values (957, 44);
insert into group_member (member_id, group_id) values (455, 42);
insert into group_member (member_id, group_id) values (129, 7);
insert into group_member (member_id, group_id) values (909, 29);
insert into group_member (member_id, group_id) values (408, 11);
insert into group_member (member_id, group_id) values (758, 34);
insert into group_member (member_id, group_id) values (164, 23);
insert into group_member (member_id, group_id) values (427, 18);
insert into group_member (member_id, group_id) values (429, 40);
insert into group_member (member_id, group_id) values (952, 44);
insert into group_member (member_id, group_id) values (177, 29);
insert into group_member (member_id, group_id) values (736, 26);
insert into group_member (member_id, group_id) values (71, 35);
insert into group_member (member_id, group_id) values (661, 48);
insert into group_member (member_id, group_id) values (327, 43);
insert into group_member (member_id, group_id) values (419, 16);
insert into group_member (member_id, group_id) values (17, 41);
insert into group_member (member_id, group_id) values (877, 40);
insert into group_member (member_id, group_id) values (494, 46);
insert into group_member (member_id, group_id) values (428, 17);
insert into group_member (member_id, group_id) values (762, 45);
insert into group_member (member_id, group_id) values (808, 6);
insert into group_member (member_id, group_id) values (794, 36);
insert into group_member (member_id, group_id) values (255, 46);
insert into group_member (member_id, group_id) values (352, 31);
insert into group_member (member_id, group_id) values (90, 50);
insert into group_member (member_id, group_id) values (978, 29);
insert into group_member (member_id, group_id) values (551, 16);
insert into group_member (member_id, group_id) values (459, 2);
insert into group_member (member_id, group_id) values (476, 33);
insert into group_member (member_id, group_id) values (856, 32);
insert into group_member (member_id, group_id) values (792, 8);
insert into group_member (member_id, group_id) values (773, 50);
insert into group_member (member_id, group_id) values (350, 25);
insert into group_member (member_id, group_id) values (154, 25);
insert into group_member (member_id, group_id) values (977, 35);
insert into group_member (member_id, group_id) values (642, 46);
insert into group_member (member_id, group_id) values (550, 17);
insert into group_member (member_id, group_id) values (154, 43);
insert into group_member (member_id, group_id) values (161, 26);
insert into group_member (member_id, group_id) values (236, 5);
insert into group_member (member_id, group_id) values (646, 44);
insert into group_member (member_id, group_id) values (8, 36);
insert into group_member (member_id, group_id) values (522, 34);
insert into group_member (member_id, group_id) values (482, 18);
insert into group_member (member_id, group_id) values (8, 50);
insert into group_member (member_id, group_id) values (786, 21);
insert into group_member (member_id, group_id) values (169, 13);
insert into group_member (member_id, group_id) values (723, 6);
insert into group_member (member_id, group_id) values (183, 10);
insert into group_member (member_id, group_id) values (927, 8);
insert into group_member (member_id, group_id) values (904, 28);
insert into group_member (member_id, group_id) values (909, 30);
insert into group_member (member_id, group_id) values (961, 22);
insert into group_member (member_id, group_id) values (871, 22);
insert into group_member (member_id, group_id) values (965, 27);
insert into group_member (member_id, group_id) values (459, 23);
insert into group_member (member_id, group_id) values (266, 25);
insert into group_member (member_id, group_id) values (995, 17);
insert into group_member (member_id, group_id) values (169, 5);

insert into group_message (message_id, group_id) values (1, 16);
insert into group_message (message_id, group_id) values (2, 44);
insert into group_message (message_id, group_id) values (3, 39);
insert into group_message (message_id, group_id) values (4, 38);
insert into group_message (message_id, group_id) values (5, 45);
insert into group_message (message_id, group_id) values (6, 37);
insert into group_message (message_id, group_id) values (7, 41);
insert into group_message (message_id, group_id) values (8, 27);
insert into group_message (message_id, group_id) values (9, 4);
insert into group_message (message_id, group_id) values (10, 45);
insert into group_message (message_id, group_id) values (11, 8);
insert into group_message (message_id, group_id) values (12, 47);
insert into group_message (message_id, group_id) values (13, 49);
insert into group_message (message_id, group_id) values (14, 16);
insert into group_message (message_id, group_id) values (15, 27);
insert into group_message (message_id, group_id) values (16, 8);
insert into group_message (message_id, group_id) values (17, 37);
insert into group_message (message_id, group_id) values (18, 41);
insert into group_message (message_id, group_id) values (19, 35);
insert into group_message (message_id, group_id) values (20, 22);
insert into group_message (message_id, group_id) values (21, 4);
insert into group_message (message_id, group_id) values (22, 48);
insert into group_message (message_id, group_id) values (23, 17);
insert into group_message (message_id, group_id) values (24, 27);
insert into group_message (message_id, group_id) values (25, 44);
insert into group_message (message_id, group_id) values (26, 24);
insert into group_message (message_id, group_id) values (27, 9);
insert into group_message (message_id, group_id) values (28, 22);
insert into group_message (message_id, group_id) values (29, 8);
insert into group_message (message_id, group_id) values (30, 13);
insert into group_message (message_id, group_id) values (31, 18);
insert into group_message (message_id, group_id) values (32, 14);
insert into group_message (message_id, group_id) values (33, 29);
insert into group_message (message_id, group_id) values (34, 12);
insert into group_message (message_id, group_id) values (35, 31);
insert into group_message (message_id, group_id) values (36, 42);
insert into group_message (message_id, group_id) values (37, 1);
insert into group_message (message_id, group_id) values (38, 21);
insert into group_message (message_id, group_id) values (39, 43);
insert into group_message (message_id, group_id) values (40, 13);
insert into group_message (message_id, group_id) values (41, 25);
insert into group_message (message_id, group_id) values (42, 18);
insert into group_message (message_id, group_id) values (43, 14);
insert into group_message (message_id, group_id) values (44, 16);
insert into group_message (message_id, group_id) values (45, 1);
insert into group_message (message_id, group_id) values (46, 17);
insert into group_message (message_id, group_id) values (47, 35);
insert into group_message (message_id, group_id) values (48, 20);
insert into group_message (message_id, group_id) values (49, 7);
insert into group_message (message_id, group_id) values (50, 16);
insert into group_message (message_id, group_id) values (51, 26);
insert into group_message (message_id, group_id) values (52, 18);
insert into group_message (message_id, group_id) values (53, 20);
insert into group_message (message_id, group_id) values (54, 24);
insert into group_message (message_id, group_id) values (55, 42);
insert into group_message (message_id, group_id) values (56, 18);
insert into group_message (message_id, group_id) values (57, 30);
insert into group_message (message_id, group_id) values (58, 49);
insert into group_message (message_id, group_id) values (59, 36);
insert into group_message (message_id, group_id) values (60, 44);
insert into group_message (message_id, group_id) values (61, 27);
insert into group_message (message_id, group_id) values (62, 38);
insert into group_message (message_id, group_id) values (63, 19);
insert into group_message (message_id, group_id) values (64, 14);
insert into group_message (message_id, group_id) values (65, 3);
insert into group_message (message_id, group_id) values (66, 48);
insert into group_message (message_id, group_id) values (67, 13);
insert into group_message (message_id, group_id) values (68, 24);
insert into group_message (message_id, group_id) values (69, 49);
insert into group_message (message_id, group_id) values (70, 31);
insert into group_message (message_id, group_id) values (71, 48);
insert into group_message (message_id, group_id) values (72, 21);
insert into group_message (message_id, group_id) values (73, 43);
insert into group_message (message_id, group_id) values (74, 3);
insert into group_message (message_id, group_id) values (75, 41);
insert into group_message (message_id, group_id) values (76, 49);
insert into group_message (message_id, group_id) values (77, 11);
insert into group_message (message_id, group_id) values (78, 39);
insert into group_message (message_id, group_id) values (79, 13);
insert into group_message (message_id, group_id) values (80, 23);
insert into group_message (message_id, group_id) values (81, 24);
insert into group_message (message_id, group_id) values (82, 27);
insert into group_message (message_id, group_id) values (83, 42);
insert into group_message (message_id, group_id) values (84, 30);
insert into group_message (message_id, group_id) values (85, 42);
insert into group_message (message_id, group_id) values (86, 25);
insert into group_message (message_id, group_id) values (87, 44);
insert into group_message (message_id, group_id) values (88, 21);
insert into group_message (message_id, group_id) values (89, 44);
insert into group_message (message_id, group_id) values (90, 37);
insert into group_message (message_id, group_id) values (91, 15);
insert into group_message (message_id, group_id) values (92, 27);
insert into group_message (message_id, group_id) values (93, 23);
insert into group_message (message_id, group_id) values (94, 21);
insert into group_message (message_id, group_id) values (95, 7);
insert into group_message (message_id, group_id) values (96, 24);
insert into group_message (message_id, group_id) values (97, 32);
insert into group_message (message_id, group_id) values (98, 11);
insert into group_message (message_id, group_id) values (99, 15);
insert into group_message (message_id, group_id) values (100, 14);

insert into channel_type (channel_type_id, channel_type) values (1, 'Voice');
insert into channel_type (channel_type_id, channel_type) values (2, 'Text');
insert into channel_type (channel_type_id, channel_type) values (3, 'Lol_type');

INSERT INTO server_message (message_id, channel_id) VALUES (101, 37);
INSERT INTO server_message (message_id, channel_id) VALUES (102, 24);
INSERT INTO server_message (message_id, channel_id) VALUES (103, 89);
INSERT INTO server_message (message_id, channel_id) VALUES (104, 12);
INSERT INTO server_message (message_id, channel_id) VALUES (105, 61);
INSERT INTO server_message (message_id, channel_id) VALUES (106, 5);
INSERT INTO server_message (message_id, channel_id) VALUES (107, 98);
INSERT INTO server_message (message_id, channel_id) VALUES (108, 73);
INSERT INTO server_message (message_id, channel_id) VALUES (109, 17);
INSERT INTO server_message (message_id, channel_id) VALUES (110, 42);
INSERT INTO server_message (message_id, channel_id) VALUES (111, 9);
INSERT INTO server_message (message_id, channel_id) VALUES (112, 6);
INSERT INTO server_message (message_id, channel_id) VALUES (113, 31);
INSERT INTO server_message (message_id, channel_id) VALUES (114, 82);
INSERT INTO server_message (message_id, channel_id) VALUES (115, 50);
INSERT INTO server_message (message_id, channel_id) VALUES (116, 2);
INSERT INTO server_message (message_id, channel_id) VALUES (117, 100);
INSERT INTO server_message (message_id, channel_id) VALUES (118, 48);
INSERT INTO server_message (message_id, channel_id) VALUES (119, 34);
INSERT INTO server_message (message_id, channel_id) VALUES (120, 71);
INSERT INTO server_message (message_id, channel_id) VALUES (121, 19);
INSERT INTO server_message (message_id, channel_id) VALUES (122, 86);
INSERT INTO server_message (message_id, channel_id) VALUES (123, 63);
INSERT INTO server_message (message_id, channel_id) VALUES (124, 8);
INSERT INTO server_message (message_id, channel_id) VALUES (125, 28);
INSERT INTO server_message (message_id, channel_id) VALUES (126, 77);
INSERT INTO server_message (message_id, channel_id) VALUES (127, 45);
INSERT INTO server_message (message_id, channel_id) VALUES (128, 3);
INSERT INTO server_message (message_id, channel_id) VALUES (129, 59);
INSERT INTO server_message (message_id, channel_id) VALUES (130, 91);
INSERT INTO server_message (message_id, channel_id) VALUES (131, 15);
INSERT INTO server_message (message_id, channel_id) VALUES (132, 67);
INSERT INTO server_message (message_id, channel_id) VALUES (133, 84);
INSERT INTO server_message (message_id, channel_id) VALUES (134, 21);
INSERT INTO server_message (message_id, channel_id) VALUES (135, 4);
INSERT INTO server_message (message_id, channel_id) VALUES (136, 70);
INSERT INTO server_message (message_id, channel_id) VALUES (137, 30);
INSERT INTO server_message (message_id, channel_id) VALUES (138, 95);
INSERT INTO server_message (message_id, channel_id) VALUES (139, 62);
INSERT INTO server_message (message_id, channel_id) VALUES (140, 75);
INSERT INTO server_message (message_id, channel_id) VALUES (141, 11);
INSERT INTO server_message (message_id, channel_id) VALUES (142, 55);
INSERT INTO server_message (message_id, channel_id) VALUES (143, 80);
INSERT INTO server_message (message_id, channel_id) VALUES (144, 26);
INSERT INTO server_message (message_id, channel_id) VALUES (145, 72);
INSERT INTO server_message (message_id, channel_id) VALUES (146, 38);
INSERT INTO server_message (message_id, channel_id) VALUES (147, 64);
INSERT INTO server_message (message_id, channel_id) VALUES (148, 87);
INSERT INTO server_message (message_id, channel_id) VALUES (149, 18);
INSERT INTO server_message (message_id, channel_id) VALUES (150, 93);

INSERT INTO direct_message (message_id, reciver_id) VALUES (151, 342);
INSERT INTO direct_message (message_id, reciver_id) VALUES (152, 871);
INSERT INTO direct_message (message_id, reciver_id) VALUES (153, 519);
INSERT INTO direct_message (message_id, reciver_id) VALUES (154, 69);
INSERT INTO direct_message (message_id, reciver_id) VALUES (155, 928);
INSERT INTO direct_message (message_id, reciver_id) VALUES (156, 173);
INSERT INTO direct_message (message_id, reciver_id) VALUES (157, 412);
INSERT INTO direct_message (message_id, reciver_id) VALUES (158, 75);
INSERT INTO direct_message (message_id, reciver_id) VALUES (159, 231);
INSERT INTO direct_message (message_id, reciver_id) VALUES (160, 986);

INSERT INTO direct_message (message_id, reciver_id) VALUES (161, 504);
INSERT INTO direct_message (message_id, reciver_id) VALUES (162, 621);
INSERT INTO direct_message (message_id, reciver_id) VALUES (163, 113);
INSERT INTO direct_message (message_id, reciver_id) VALUES (164, 890);
INSERT INTO direct_message (message_id, reciver_id) VALUES (165, 714);
INSERT INTO direct_message (message_id, reciver_id) VALUES (166, 357);
INSERT INTO direct_message (message_id, reciver_id) VALUES (167, 298);
INSERT INTO direct_message (message_id, reciver_id) VALUES (168, 475);
INSERT INTO direct_message (message_id, reciver_id) VALUES (169, 10);
INSERT INTO direct_message (message_id, reciver_id) VALUES (170, 652);

INSERT INTO direct_message (message_id, reciver_id) VALUES (171, 819);
INSERT INTO direct_message (message_id, reciver_id) VALUES (172, 26);
INSERT INTO direct_message (message_id, reciver_id) VALUES (173, 587);
INSERT INTO direct_message (message_id, reciver_id) VALUES (174, 951);
INSERT INTO direct_message (message_id, reciver_id) VALUES (175, 743);
INSERT INTO direct_message (message_id, reciver_id) VALUES (176, 148);
INSERT INTO direct_message (message_id, reciver_id) VALUES (177, 385);
INSERT INTO direct_message (message_id, reciver_id) VALUES (178, 61);
INSERT INTO direct_message (message_id, reciver_id) VALUES (179, 207);
INSERT INTO direct_message (message_id, reciver_id) VALUES (180, 840);

INSERT INTO direct_message (message_id, reciver_id) VALUES (181, 433);
INSERT INTO direct_message (message_id, reciver_id) VALUES (182, 77);
INSERT INTO direct_message (message_id, reciver_id) VALUES (183, 19);
INSERT INTO direct_message (message_id, reciver_id) VALUES (184, 908);
INSERT INTO direct_message (message_id, reciver_id) VALUES (185, 638);
INSERT INTO direct_message (message_id, reciver_id) VALUES (186, 301);
INSERT INTO direct_message (message_id, reciver_id) VALUES (187, 566);
INSERT INTO direct_message (message_id, reciver_id) VALUES (188, 87);
INSERT INTO direct_message (message_id, reciver_id) VALUES (189, 224);
INSERT INTO direct_message (message_id, reciver_id) VALUES (190, 969);

INSERT INTO direct_message (message_id, reciver_id) VALUES (191, 400);
INSERT INTO direct_message (message_id, reciver_id) VALUES (192, 67);
INSERT INTO direct_message (message_id, reciver_id) VALUES (193, 33);
INSERT INTO direct_message (message_id, reciver_id) VALUES (194, 837);
INSERT INTO direct_message (message_id, reciver_id) VALUES (195, 574);
INSERT INTO direct_message (message_id, reciver_id) VALUES (196, 135);
INSERT INTO direct_message (message_id, reciver_id) VALUES (197, 902);

INSERT INTO direct_message (message_id, reciver_id) VALUES (198, 462);
INSERT INTO direct_message (message_id, reciver_id) VALUES (199, 92);
INSERT INTO direct_message (message_id, reciver_id) VALUES (200, 259);


insert into channel (channel_id, server_id, category_id, channel_type_id, is_privet, channel_name) values (1, 1, 34, 1, true, 'Eamia');
insert into channel (channel_id, server_id, category_id, channel_type_id, is_privet, channel_name) values (2, 6, 16, 3, true, 'Eadel');
insert into channel (channel_id, server_id, category_id, channel_type_id, is_privet, channel_name) values (3, 12, 43, 3, true, 'Twitterbridge');
insert into channel (channel_id, server_id, category_id, channel_type_id, is_privet, channel_name) values (4, 47, 36, 3, true, 'Thoughtblab');
insert into channel (channel_id, server_id, category_id, channel_type_id, is_privet, channel_name) values (5, 50, 17, 1, false, 'Skimia');
insert into channel (channel_id, server_id, category_id, channel_type_id, is_privet, channel_name) values (6, 6, 35, 3, true, 'Talane');
insert into channel (channel_id, server_id, category_id, channel_type_id, is_privet, channel_name) values (7, 25, 50, 3, true, 'Pixoboo');
insert into channel (channel_id, server_id, category_id, channel_type_id, is_privet, channel_name) values (8, 9, 42, 3, true, 'Livetube');
insert into channel (channel_id, server_id, category_id, channel_type_id, is_privet, channel_name) values (9, 32, 41, 3, true, 'Dabvine');
insert into channel (channel_id, server_id, category_id, channel_type_id, is_privet, channel_name) values (10, 43, 46, 2, false, 'Twitterlist');
insert into channel (channel_id, server_id, category_id, channel_type_id, is_privet, channel_name) values (11, 30, 9, 2, true, 'Zoombox');
insert into channel (channel_id, server_id, category_id, channel_type_id, is_privet, channel_name) values (12, 18, 18, 3, true, 'Dynazzy');
insert into channel (channel_id, server_id, category_id, channel_type_id, is_privet, channel_name) values (13, 20, 21, 2, true, 'Eayo');
insert into channel (channel_id, server_id, category_id, channel_type_id, is_privet, channel_name) values (14, 48, 34, 3, true, 'Quamba');
insert into channel (channel_id, server_id, category_id, channel_type_id, is_privet, channel_name) values (15, 40, 34, 2, false, 'Oodoo');
insert into channel (channel_id, server_id, category_id, channel_type_id, is_privet, channel_name) values (16, 5, 24, 2, true, 'Quimba');
insert into channel (channel_id, server_id, category_id, channel_type_id, is_privet, channel_name) values (17, 2, 5, 2, true, 'Zoomdog');
insert into channel (channel_id, server_id, category_id, channel_type_id, is_privet, channel_name) values (18, 6, 34, 2, false, 'Realcube');
insert into channel (channel_id, server_id, category_id, channel_type_id, is_privet, channel_name) values (19, 25, 8, 1, false, 'Thoughtblab');
insert into channel (channel_id, server_id, category_id, channel_type_id, is_privet, channel_name) values (20, 26, 28, 2, false, 'Brightdog');
insert into channel (channel_id, server_id, category_id, channel_type_id, is_privet, channel_name) values (21, 13, 30, 1, true, 'Vipe');
insert into channel (channel_id, server_id, category_id, channel_type_id, is_privet, channel_name) values (22, 9, 30, 1, false, 'Photobug');
insert into channel (channel_id, server_id, category_id, channel_type_id, is_privet, channel_name) values (23, 9, 33, 1, true, 'Muxo');
insert into channel (channel_id, server_id, category_id, channel_type_id, is_privet, channel_name) values (24, 46, 15, 3, true, 'Youtags');
insert into channel (channel_id, server_id, category_id, channel_type_id, is_privet, channel_name) values (25, 23, 8, 1, true, 'Jaxspan');
insert into channel (channel_id, server_id, category_id, channel_type_id, is_privet, channel_name) values (26, 50, 12, 2, false, 'Rhynoodle');
insert into channel (channel_id, server_id, category_id, channel_type_id, is_privet, channel_name) values (27, 50, 11, 2, false, 'Gigabox');
insert into channel (channel_id, server_id, category_id, channel_type_id, is_privet, channel_name) values (28, 35, 26, 1, false, 'Skidoo');
insert into channel (channel_id, server_id, category_id, channel_type_id, is_privet, channel_name) values (29, 6, 30, 2, false, 'Skimia');
insert into channel (channel_id, server_id, category_id, channel_type_id, is_privet, channel_name) values (30, 37, 39, 2, false, 'Lajo');
insert into channel (channel_id, server_id, category_id, channel_type_id, is_privet, channel_name) values (31, 46, 9, 3, true, 'Trilia');
insert into channel (channel_id, server_id, category_id, channel_type_id, is_privet, channel_name) values (32, 42, 22, 1, true, 'Youbridge');
insert into channel (channel_id, server_id, category_id, channel_type_id, is_privet, channel_name) values (33, 29, 40, 3, true, 'Blogtag');
insert into channel (channel_id, server_id, category_id, channel_type_id, is_privet, channel_name) values (34, 32, 27, 2, false, 'Lazzy');
insert into channel (channel_id, server_id, category_id, channel_type_id, is_privet, channel_name) values (35, 23, 45, 1, false, 'Quimba');
insert into channel (channel_id, server_id, category_id, channel_type_id, is_privet, channel_name) values (36, 42, 10, 2, false, 'Skibox');
insert into channel (channel_id, server_id, category_id, channel_type_id, is_privet, channel_name) values (37, 26, 37, 2, true, 'Avaveo');
insert into channel (channel_id, server_id, category_id, channel_type_id, is_privet, channel_name) values (38, 16, 1, 1, false, 'Skynoodle');
insert into channel (channel_id, server_id, category_id, channel_type_id, is_privet, channel_name) values (39, 19, 45, 3, true, 'Brightbean');
insert into channel (channel_id, server_id, category_id, channel_type_id, is_privet, channel_name) values (40, 10, 44, 3, false, 'Digitube');
insert into channel (channel_id, server_id, category_id, channel_type_id, is_privet, channel_name) values (41, 38, 25, 1, true, 'Roomm');
insert into channel (channel_id, server_id, category_id, channel_type_id, is_privet, channel_name) values (42, 27, 3, 1, true, 'Avavee');
insert into channel (channel_id, server_id, category_id, channel_type_id, is_privet, channel_name) values (43, 41, 23, 1, false, 'Brainlounge');
insert into channel (channel_id, server_id, category_id, channel_type_id, is_privet, channel_name) values (44, 11, 18, 3, true, 'Youfeed');
insert into channel (channel_id, server_id, category_id, channel_type_id, is_privet, channel_name) values (45, 5, 23, 2, true, 'Skivee');
insert into channel (channel_id, server_id, category_id, channel_type_id, is_privet, channel_name) values (46, 27, 14, 1, false, 'Ntag');
insert into channel (channel_id, server_id, category_id, channel_type_id, is_privet, channel_name) values (47, 39, 28, 2, false, 'Kwilith');
insert into channel (channel_id, server_id, category_id, channel_type_id, is_privet, channel_name) values (48, 9, 34, 2, true, 'Thoughtsphere');
insert into channel (channel_id, server_id, category_id, channel_type_id, is_privet, channel_name) values (49, 37, 1, 3, false, 'Devcast');
insert into channel (channel_id, server_id, category_id, channel_type_id, is_privet, channel_name) values (50, 27, 39, 1, false, 'Quamba');
insert into channel (channel_id, server_id, category_id, channel_type_id, is_privet, channel_name) values (51, 19, 37, 1, true, 'Youbridge');
insert into channel (channel_id, server_id, category_id, channel_type_id, is_privet, channel_name) values (52, 31, 32, 2, true, 'Edgewire');
insert into channel (channel_id, server_id, category_id, channel_type_id, is_privet, channel_name) values (53, 32, 49, 1, false, 'Realmix');
insert into channel (channel_id, server_id, category_id, channel_type_id, is_privet, channel_name) values (54, 20, 27, 2, false, 'Skilith');
insert into channel (channel_id, server_id, category_id, channel_type_id, is_privet, channel_name) values (55, 23, 47, 1, true, 'Muxo');
insert into channel (channel_id, server_id, category_id, channel_type_id, is_privet, channel_name) values (56, 46, 40, 1, false, 'Realfire');
insert into channel (channel_id, server_id, category_id, channel_type_id, is_privet, channel_name) values (57, 3, 23, 3, false, 'Skimia');
insert into channel (channel_id, server_id, category_id, channel_type_id, is_privet, channel_name) values (58, 29, 45, 2, true, 'Abatz');
insert into channel (channel_id, server_id, category_id, channel_type_id, is_privet, channel_name) values (59, 13, 36, 1, false, 'Vimbo');
insert into channel (channel_id, server_id, category_id, channel_type_id, is_privet, channel_name) values (60, 43, 13, 3, false, 'Brainbox');
insert into channel (channel_id, server_id, category_id, channel_type_id, is_privet, channel_name) values (61, 41, 13, 1, true, 'Feedmix');
insert into channel (channel_id, server_id, category_id, channel_type_id, is_privet, channel_name) values (62, 33, 9, 1, false, 'Livepath');
insert into channel (channel_id, server_id, category_id, channel_type_id, is_privet, channel_name) values (63, 25, 22, 1, true, 'Meembee');
insert into channel (channel_id, server_id, category_id, channel_type_id, is_privet, channel_name) values (64, 1, 40, 2, true, 'Bluezoom');
insert into channel (channel_id, server_id, category_id, channel_type_id, is_privet, channel_name) values (65, 31, 24, 1, false, 'Thoughtstorm');
insert into channel (channel_id, server_id, category_id, channel_type_id, is_privet, channel_name) values (66, 42, 42, 3, false, 'Ooba');
insert into channel (channel_id, server_id, category_id, channel_type_id, is_privet, channel_name) values (67, 12, 48, 3, true, 'Gevee');
insert into channel (channel_id, server_id, category_id, channel_type_id, is_privet, channel_name) values (68, 29, 42, 2, true, 'Linkbuzz');
insert into channel (channel_id, server_id, category_id, channel_type_id, is_privet, channel_name) values (69, 26, 38, 2, true, 'Skimia');
insert into channel (channel_id, server_id, category_id, channel_type_id, is_privet, channel_name) values (70, 20, 10, 1, false, 'Rhyzio');
insert into channel (channel_id, server_id, category_id, channel_type_id, is_privet, channel_name) values (71, 50, 11, 3, true, 'Devpoint');
insert into channel (channel_id, server_id, category_id, channel_type_id, is_privet, channel_name) values (72, 4, 32, 1, false, 'Kwinu');
insert into channel (channel_id, server_id, category_id, channel_type_id, is_privet, channel_name) values (73, 13, 16, 3, false, 'Topicblab');
insert into channel (channel_id, server_id, category_id, channel_type_id, is_privet, channel_name) values (74, 3, 31, 3, false, 'Topicware');
insert into channel (channel_id, server_id, category_id, channel_type_id, is_privet, channel_name) values (75, 46, 43, 2, false, 'Feednation');
insert into channel (channel_id, server_id, category_id, channel_type_id, is_privet, channel_name) values (76, 1, 4, 1, false, 'Meembee');
insert into channel (channel_id, server_id, category_id, channel_type_id, is_privet, channel_name) values (77, 35, 25, 3, true, 'Devify');
insert into channel (channel_id, server_id, category_id, channel_type_id, is_privet, channel_name) values (78, 6, 50, 2, true, 'Chatterpoint');
insert into channel (channel_id, server_id, category_id, channel_type_id, is_privet, channel_name) values (79, 14, 25, 3, true, 'Jaxworks');
insert into channel (channel_id, server_id, category_id, channel_type_id, is_privet, channel_name) values (80, 35, 18, 2, false, 'Skidoo');
insert into channel (channel_id, server_id, category_id, channel_type_id, is_privet, channel_name) values (81, 20, 8, 2, true, 'Browsezoom');
insert into channel (channel_id, server_id, category_id, channel_type_id, is_privet, channel_name) values (82, 34, 27, 3, false, 'Voolith');
insert into channel (channel_id, server_id, category_id, channel_type_id, is_privet, channel_name) values (83, 2, 15, 3, true, 'Fliptune');
insert into channel (channel_id, server_id, category_id, channel_type_id, is_privet, channel_name) values (84, 4, 4, 2, true, 'Mynte');
insert into channel (channel_id, server_id, category_id, channel_type_id, is_privet, channel_name) values (85, 28, 45, 1, false, 'Aimbo');
insert into channel (channel_id, server_id, category_id, channel_type_id, is_privet, channel_name) values (86, 46, 44, 3, true, 'Katz');
insert into channel (channel_id, server_id, category_id, channel_type_id, is_privet, channel_name) values (87, 30, 40, 3, true, 'Aibox');
insert into channel (channel_id, server_id, category_id, channel_type_id, is_privet, channel_name) values (88, 24, 34, 3, false, 'Mycat');
insert into channel (channel_id, server_id, category_id, channel_type_id, is_privet, channel_name) values (89, 35, 36, 2, false, 'Yata');
insert into channel (channel_id, server_id, category_id, channel_type_id, is_privet, channel_name) values (90, 37, 29, 3, false, 'Tagchat');
insert into channel (channel_id, server_id, category_id, channel_type_id, is_privet, channel_name) values (91, 19, 9, 3, true, 'Centidel');
insert into channel (channel_id, server_id, category_id, channel_type_id, is_privet, channel_name) values (92, 4, 41, 1, false, 'Ozu');
insert into channel (channel_id, server_id, category_id, channel_type_id, is_privet, channel_name) values (93, 41, 17, 1, false, 'Gabvine');
insert into channel (channel_id, server_id, category_id, channel_type_id, is_privet, channel_name) values (94, 22, 25, 2, true, 'Skajo');
insert into channel (channel_id, server_id, category_id, channel_type_id, is_privet, channel_name) values (95, 18, 18, 3, false, 'Babblestorm');
insert into channel (channel_id, server_id, category_id, channel_type_id, is_privet, channel_name) values (96, 40, 15, 1, true, 'Kazu');
insert into channel (channel_id, server_id, category_id, channel_type_id, is_privet, channel_name) values (97, 34, 24, 2, false, 'Meejo');
insert into channel (channel_id, server_id, category_id, channel_type_id, is_privet, channel_name) values (98, 36, 47, 1, false, 'Zooveo');
insert into channel (channel_id, server_id, category_id, channel_type_id, is_privet, channel_name) values (99, 15, 43, 3, false, 'Devify');
insert into channel (channel_id, server_id, category_id, channel_type_id, is_privet, channel_name) values (100, 11, 48, 2, false, 'Skiba');

